Sentence,Score
"Check the catalog before posting a new thread!
Reply to existing threads about a topic instead of starting a new one. New users who do not abide by this principle will be temporarily blocked from creating threads. Mods will delete obvious duplicate threads and spam without notice. Don't bitch because your twitter screencap thread got deleted; there are probably other threads about it. Go look!",3.5
"This board is for the discussion of news, world events, political issues, and other related topics.
Off-topic and /b/-tier threads will be deleted (and possibly earn you a ban, if you persist). Unless they are quality, well thought out, well written posts, the following are examples of off-topic and/or /b/-tier threads:
Red pill me on X. (with no extra content or input of your own)
Are X white?
Is X degeneracy?
How come X girls love Y guys so much?
If X is true, then how come Y? Checkmate Z.
The variety of threads allowed here are very flexible and we believe in freedom of speech, but we expect a high level of discourse befitting of the board. Attempts to disrupt the board will not be tolerated, nor will calls to disrupt other boards and sites.",3.5
"Fahrenheit’s scale in superior to Celsius in basically every objective measure:
instruments can be calibrated with basic human body and some ice water (some retard didn’t understand this genius and fucked with the system a couple hundred years ago so now you’ll be off by a whole 2 degrees)
higher resolution, so you can be more precise without getting into fractions/decimals, consequently making it faster to communicate (eg. I can tell the difference between 70F and 72F, but in C this is 21.1 vs 22.2). This is useful when arguing over the thermostat.
In theory celsius can be just as accurate, but in practice no one uses decinals because it’s annoying.
muh Science isn’t an argument, because you use Kelvin or Rankine for that
For all the other SI vs Imperial measurements you can make the argument that mathematical convenience trumps real-world practicality, but Celsius has worse real-world practicality AND worse mathematical practicality than Fahrenheit, so it’s a total loser.",2.5
ok gippo,INVALID
"21.2 vs 22.2
Nobody cares about the .2, just say 21°C vs 22°C. Oh noes, that'd be 69.8°F vs 71.6°F? LOL.",2.5
"I prefer this one, it makes our superiority much more clear.",1.0
Oh darn that wasn't the one with the metric menorah drawn. Oh well guess I lost that one somewhere,2.5
"There's literally no real argument against F or C other than F happens to be easier to tell human friendly/unfriendly temperatures intuitively. Otherwise it's just a retarded pissing match and doesn't matter, there's no other advantage either way.",3.5
"Your humor sucks, post some humour",1.0
topical,INVALID
"What a pointlessly retarded post. People who argue over systems of measurement are irredeemable retards who should be hanged, drawn, and quartered.",3.5
"To be fair the entire premise of wanting to measure temperature is retarded and only matters for women who want to minimise heat transfer between their body and the air in their jewish daycare.
Real men only care about Joules per Kg or average kinetic energies of particules.",3.7
"itt we come up with new measures
one nigger retreat - distance a gunless knifeless nigger is able to run in 10 seconds after he notices a gun when doing burglary",1.5
"If you're already calibrating your instruments with ice might as well use boiling water to be sure
I've seen you bergs insist it's
more intuitive but this only makes sense if you've grown up using that system. 80 being hot (or not I don't even know) and 20 being cold (I guess) is just as easy to remember as 10 being chill, 20 being warm, 30 being hot and 40 being unbarable.",1.0
YYYYMMDD Chads rise up.,3.5
stupid VPN nigger doesn’t know how to crop,1.5
Sybau paki,1.0
Accused of VPNing from America? That is a new one for me.,1.0
"As someone from retardland who used both interchangeably I can say with certainty that: lb, in, ft, cm, km, mile, mm, °C, litre, ton, oz, Acre, mL, are all goated
°F, yard, meter, fl oz, cup, gal, qt, pt, kg, gram, can suck an entire case of PBR through a paper straw.",1.0
"Crop your shit right, shitskin.",INVALID
This one’s funnier,1.5
lmao what the fuck ?!,INVALID
"First of all white, second of all I know this might be shocking to you but it is cropped fine, fill in the obvious blanks however you want. But if you really just HAVE to know what that actually said use the archive with that big brain of yours. Hope that helps with your (You) addiction a little more.",1.0
"he thinks he’s white
lol.. lmao.",1.0
"Wow you almost contributed some humor, congrats, stop projecting your brownness on me though.",2.5
"wow you almost…
You’re brown and smell like poop. I can tell from quite a distance. I bet you’re not even Indian.. you’re probably fucking Bangladeshi lmao. Sad.",2.5
"tl;dr
The Imperial System was designed by people who actually use measurements in daily, practical life; the Metric System was designed by scientists who sat in their labs completely removed from practical matters.",2.5
"scientists
Not even. Intellectuals. Academics. Useless twats.",1.0
Celsius 232.7778 was a great novel.,1.5
This one always makes me smile,1.0
Worth the read,1.0
I just made this one,1.0
israel is a terrorist state,4.0
"Bruh frienships have been broken, marriages have fallen apart, wars started, literal genocide because of the difference between 70 F and 72 F.",3.5
"All the seething replies proves you're right
Kelvin is for atoms
Celsius is for water
Farenheit is for humans
Dividing temperature ranges into 10º degrees just makes sense
Today was in the 90s, perfect beach weather
Today was in the 80s, perfect picnic weather
Today was in the 70s, perfect hiking weather
etc",2.5
"go back to burgerland, christcuck scum.",1.5
Pajeeet the metric system is for humans not cow shitters,1.0
Units of measure is burgerland is beyond redeemable and retarded.,4.0
"The argument that Palestians have no agency and will kill and rape as soon as a more dominant force cannot stop them only supports the argument for their genocide
hey look the humans let the animals prove how dangerous they are so they can better set their borders to defend against them wah no fair
Sounds brown and gay and possibly female",3.5
"that pic
Nigger I live in Mexico and have never lived in or even wanted to live in Muttmerica. But, I've seen gringos move into my hometown every couple of months. Just goes to show, problems are always in the eye of the beholder.",2.0
and it's 23:00,INVALID
Do you have the other bomb shelter one? These are so fucking funny.,1.5
"Man, that one guy who got hammer and anvilled by what was probably multiple tons of chinesium alloy is probably completely fucked.",1.5
Imagine being that girl and bragging to all your friends that you're going to be a model for Nickelodeon. Imagine what the class does to her when they find out the truth.,1.0
Whatever happened to martian magazine? Seems like the artist just vanished a few months ago.,1.0
"Radiant
Die newfag. 3.5 was the last edition.",1.0
Lmao you're using units developed by the French revolutionaries while they were literally eating shit and jerking off on corpses.,1.5
I met an Eastern European girl a few years ago in my town (there are a lot who work for the summer) and she said she can't stomach American produce.,1.0
What eurotranny genes does to a mf,INVALID
"I've had friends who have been to Italy say the same thing, it's the price we pay for convenience I guess.",2.5
Implying Mossad didn't arrange for Hamas to do the attack,1.5
"am I the only person who thinks xkcd is annoying? reddit atheist tier ""humor""",1.5
"There's some good stuff I had in America, but regular produce generally tasted .. well, tasteless.",1.0
i only know specific heat capacities and latent heats in terms of celsius so celsius is better than fahrenheit when i do those mental calculations,2.5
i don't even look at fruits unless i can smell them from a distance (<10% of the time). farmer's markets are maybe better but i'm not planning for event shopping. this explains the old trope of kids not wanting vegetables too. most of what they sell is pretty underwhelming and sort of a chore or formality to eat,1.5
that's the first one of these,1.5
What would a theoretical civil conflict in America look like?,1.0
And I do mean the whole United States.,4.0
It'd be shit. It wouldn't benefit any american. Too many powerful interests within and globally.,1.0
"Yugoslavia. Brutal, violent war. People being dragged out of their homes and shot. Mass graves. Random killing. Lots of friendly fire, lots of infighting, lots of deaths over fucking nothing.
In other words, nothing like chuddy fantasies.",2.5
"It would necessarily be racial. Some kind of civil war divided among political lines wouldn't ever work. The left are noguns faggots who are just all talk. They're more likely to just kill themselves, only good for sporadic acts of violence and shooting up kindergartens. The right are too busy working for their masters, yelling at other people for not working as hard as them, and outsourcing their violence by backing the blue. Their political action is trusting the plan. 2016 was almost twenty years ago",4.0
Like the historically accurate and hyper realistic Civil War (2024) film by Alex Garland and A24.,2.5
"naw, the american people don't really want to kill each other.
we don't necessarily want to continue being a nation with each other, but so far it seems like the only belligerents that are in danger is the federal government, which the right wants to shrink, and the communists want to shoot, and the jews who have been noticed the primary beneficiaries of the system by both sides of the political spectrum, as well as actively demonstrating intent and action to divide people and set them to violence against each other (and not them).
I think if it wargamed out today it would just be a shoah and some more or less peaceful balkanization.
unless the military goes psycho, but the military has the option to do nothing throughout all of that and it would minimize casualties and unnecessary death and destruction overall.",2.0
Racial with dumb liberal whites getting killed by everyone,3.5
"No food.
No water.
Most houses don't offer hard cover.
Pretty fucking grim.",INVALID
Hopefully lots of aids infested nogs getting deleted from the gene pool.,2.5
all the rednecks and hillbillys would win,2.5
Picrelated,1.0
Balkanization and separate countries along racial lines. It would look alot like a California Prison except without bars.,3.5
"You're obviously not American, Ivan. Most Americans get along pretty well. There's a few misfits and outcasts and criminals, but for the most part we're chill and work together well.",2.5
"Shitskins and white-cuck lefties would cause the chaos. Riots, looting, murder, robbery, rape, etc. Just look at the past 80 years. It wouldn't be divided like the civil war. It would be largely urban/suburban chimp-outs. Law and order collapses. It becomes a free-for-all, now they're all targeting whitey. Pattern recognition, retards.",3.5
"Its the law that keeps it like that, without a functioning rule of law it would be anarchy.",4.0
"Each state already has a state militia.
Every soldier has a mother, wife, some kind of family living in some state.
Everyone I know is state-first. Nobody puts the country above their home state.
Whichever party is in power ""keeps"" the national branches, defectors return home, state militias seize resources in their state.
Alternating periods of warfare and recovery. Mass fleeing to Canada and Mexico. European democracies aiding the progressive side, global autocracies aiding the regressive side.
Billionaires leaving the country and investing in different sides trying to get in good in the aftermath.
Folk like mine retreating to the mountains and living off fish, deer, potatoes, our currency will be reputation, labor, and gold coins.",1.0
"cia, fbi, and military and local law enforcement quells and monitors any radical breakaway groups.
the revolution would have to be backed by forgeign powers like china, saudi arabia, and south america, and probably russia.
if the ""resistance"" wins the chinese, russians..et al. will just steam roll over their ""allies"".
any grass roots resistance movement cannot comete on the level of warfare that the united states hegemon operates on.
it better to just start pacifics isolationaist communities like the amish and all the other immigrants",3.5
It's going to be the exact same as the first one down to the niggers pretending they're still slaves. You're going to have retarded mothers bringing their children to picnics on battle fields thinking it's a show that will end in a week or two. You're going to have jew companies in Connecticut making bank selling to both sides. Then it's going to just end and return to normal with absolutely no treaty and you being forced to abide by globoyankee.,3.5
"you underestimate the complete vile contempt the insane branch of lefties have for everyone else, and how much righteous hatred many have for them.
you're right that the Right is too reserved to start it, but the lefties probably would and i think more than you'd like to admit would be more than happy for an excuse to take them up on the offer of violence.
I mean, look at what they already do. plenty of escalating violence, against elites and ordinary people both. why would the deescalate and accept 'le evil fascist state' as a neighbor when they are already willing to take up some level of arms against them now? you think they'll just shrug if we go our separate ways and take the kid gloves off to form a proper right wing nation on their doorstep? especially considering what would need to be done to make and solidify such a thing?
it takes only a handful of a % to wage a violent rebellion or insurrection against a state, even to fight a war (though a greater % of course). the ""normie"" leftists opinions wont matter when the radicals take up arms and drag them into conflict. they already bend the knee to their extremists, i doubt too they'll stop if things escalate.",2.5
"It takes a lot of bullshit and rabble rousing (paid agents) to make real unrest happen out on the street, and even then its limited to cities and that shit is chickenshit compared to war.
unrest =/= war
the reality of it is, if various foreign interests (and some domestic) on the board are counting on a civil war scenario in the united states, you're probably shit out of luck.
the military would allow balkanization to happen peacefully if it came down to it. they'd have no choice, but the US isn't nearly as volatile as you would think based on /pol/ or other internet rhetoric.
a shoah is definitely a possibility, but that wouldn't look like a civil war, that would just be a bunch of niggercrime murders and a lot of jews packing their bags and heading to the airport when they see that its targeted.
even if the great 'something happening' happens it wont be world shattering.
the jews aren't holding anything up that matters.",3.5
"every big state kills each other trying to take over small states like Vermont, New Hampshire etc while Mexicans invade from the South and Russians from the west it would be a clusterfuck",3.5
"Where's that map of the USA broken up into red/blue by counties?
I imagine it will be like that",1.5
Whitoid rebels get massacred by non-whites and leftists.,2.0
Ice vs beans,2.0
"most of what the radical left (not the standard left) is capable of is nigger crime tier, they're not a military force.
they're just not very competent. the big concern is warlords and private militias (which mossad aligned militias being the biggest concern because they're psychos).",3.0
"Raw numbers matter most and in this way California, Illinois and New York would effectively run everything once they nationalize the power plants, railroads, and water. If rebels try blowing up water aqueducts to spite California, then the water flows freely ie uselessly out into the Gulf of California and all the ranchers lose their jobs wiping out the cheap meat. All the staple crops are made in the states surrounding, and subsequently occupied by, Chicago. Whatever money is left is held as gold reserves in New York City, who has the 2nd largest gold reserves on the planet. Between these three states the rest of the country would be divided, willingly or not.
Car? Gasoline is nationalized day one and you're taking the bus to work until their fuel is also needed and you take the train. If you're not close enough to a train station then tough, you vanpool it like in mexico or your suburban/exurban gated community is abandoned for more secure places closer to the industrial core. You work in a munitions factory 14 hours a day and share an apartment with 20 other guys most of whom stink. Any electronics you have are turned over for recycling and resale to foreigners, because they have value. Eventually your local cops (if they still exist) realize they can make a lot of money just stealing your shit and do so. But all the Mexicans are gone, they were sent to a death camp and killed or enslaved and sold or liberated by advancing Californian forces. You have finally achieved your white paradise, all shitskins are banned, and you permitted to serve in the local Lord's manor as an indentured servant, as your children will be. Finally, with the Jewish USA slain your children are bound into permanent slavery.",3.5
"I;m hoarding those beans
Total Bean Autocracy",1.0
"What would a theoretical civil conflict in America look like?
'Terrorist' attacks attributed to Iran or whatever bogeyman we're trying to fight next. The revolution will not be televised.",4.0
"you dont have to be competent to still try and cause a problem.
or becomes a useful tool for more competent people.
they'll still try and still be able to kill people and damage infrastructure (important or not). they already do afterall, and it wont be fun if they start doing it on a bigger scale and with any form of attempted organization, competent or not.",1.0
"NEW ENGLAND is ANNEXED by CANADA.
ALASKA is ANNEXED by RUSSIA.
HAWAII is ANNEXED by CHINA.
CALIFORNIA becomes an independent nation.
WASHINGTON and OREGON are either annexed by CANADA or CALIFORNIA.
If CALIFORNIA can annex ARIZONA, then NEW MEXICO and COLORADO come with it.
FLORIDA becomes the new seat of government. ALL OTHER STATES ARE COMPROMISED BY THE NEW FASCIST STATE.",3.5
"Drones in every direction, the same way every other conflict will look for the next 200 years.",1.0
"Most people have functioning rule of law at least in their own states, and so long as that continues there won't be civil war even if most Americans detest the Federal government. In which case the Federal government simply recedes as states rise, but even then only a handful of states actually matter due to geography. California is the biggest geographically and Illinois is the biggest industrially. Both states would go hard left, electing actual Socialists, and then simply use their industrial products to force the other 48 states into total submission. Largely they'd succeed, although Illinois would have to negotiate with Canada & New York for the St. Lawrence Seaway and fight Texas for the Mississippi. Most people caught between these bigger states will be run over uselessly.
Using transportation as an example, only big liberal leftist states have a plan if the gas runs out. California is planning an all-electric rail network by 2050, Illinois is 20% electric and New York 60% electric. These are urban centers that can handle gas becoming unavailable to the public. If gas hits $10/gal or simply doesn't exist because the oil pipelines exploded, states like Arkansas, Mississippi, Iowa and Idaho can either chose to sell themselves to a larger leftist state or die.
All wars are fuel wars. No fuel no war. This is central to Russia's strategy in Ukraine and is how all advanced economies work.",3.7
"nah we'll figure out consistent EMP fields waaay before 200 years has passed.
people will happily go back to electronicless warfare if it means no longer having to deal with the horrors of drone swarms.",3.5
"It would be pretty wild until some anons take the power grid down, then that’s when the party starts",2.5
"I agree with that. I think the bigger thing happening behind ""popular unrest"" like the left chimping out is actual operators/militias/partisans using the crowds as cover for real operations.
Its still very limited in terms of violence and violence potential, which is why the mossad shit (which is military industrial complex trained goons, some of whom are veterans and former LEO being misled, and funneled into PMCs where they're told they're fighting for America).
OR some are misled into thinking they're fighting for communist revolution. Its how the CIA (and so the mossad too) works. They don't care what your ideology is, they'll tell you what you need to hear and use you and you'll think you're fighting the fight you want to fight.
I don't think anyone thinks of civil unrest as anything more than cover for real operations.
Partisan warfare is fucking ugly though, that shit is hardly nothing, but I don't think the regular american people (on either side of the political spectrum) are the ugliest player on that board.",3.5
"Am I old and out of touch or does this seem less likely than it was 10-15 years ago? The idea of being a prepper, and preparing for civil conflict, whether it was warring between groups of citizens against one another, or whether it was between rebellious citizens and the government, seemed like something of a possibility. Obviously, the 90s militia movement preceded this and made it seem possible.
But now...I just don't see it happening. Everyone with a job is working themselves to death and everything is expensive. And even if you're racist and dislike the increasing diversity, it's hard to hate other groups for being different. It's easier to just hate the decision makers.
And, I think that's how this is going to play out. The CEO murders, that sort of thing, I can absolutely foresee that increasing in the next few years if things don't change. But, I just can't even imagine a civil conflict anymore. People are so focused on the daily pleasures of life, I don't think there could be any real civil conflict in America unless there's a major collapse in some sector",1.0
"People being dragged out of their homes and shot
Most people don't have the excavation equipment required to drag an American anywhere",1.5
"The fact that you think they would be able to end the conflict before some boogaloo boys knock out every piece of infrastructure from here to the ocean means you’re delusional. This whole thing is a house of cards waiting for the slightest breeze to bring it tumbling down, a major civil war scenario would mean probably no electricity, cities eating themselves within days, and rural communities purging racial minorities like it was the lord of the flies.",3.5
a lot like the various civil wars that broke out in eastern europe I would imagine.,3.5
Shut up retard,1.5
"The crazy part is, its not even that hard to do.
They aren't even protected and one guy with a shotgun could just walk up and take out one power plant by randomly shooting at it and leaving an entire city with power for weeks.",1.5
"this. its going to be guerilla shit, but its all going to look like crime and crazy gunman type shit, because no one wants a civil war. if there are good guys in any of this, they don't either.
the only people that might want that are interests that simply want maximum chaos or angry citizens that don't understand what the board actually looks like.",2.5
"yeah, i certainly agree more organized bad actor groups would get involved aswell.
it will be messy, whatever happens. very messy.",2.5
"it already is
it's not as sexy as you think it is",4.0
"Are you retarded?
The hard left and hard right openly want to exterminate eachother, down to the women and children.",1.5
What?! Most Americans are mongoloids now. Slim and trim and the chunky beaners are under five feet. No fancy white man tech necessary. Not even a rudimentary pulley system.,3.5
"a thousand different factions. race-based in many cases. the idea of a union vs a rebellion is completely absurd in 2025. speaking for myself, I’d probably just start taking out my neighbors in an effort to block off my neighborhood. one of them has a “human rights watch” sticker on his mini cooper and the other is a group of literal navy faggots so none of them are on my team.",2.7
"openly want
i sleep",INVALID
Palantir using drones to drop bombs on all you good for nothing antisemites. I hope highly trained ICE officials raid your homes and take you to alligator Alcatraz!,3.5
Lmao,1.0
"Muh peace UHHHHHHHHHH
Holy shit I hope you stave off suicide long enough to be condemned to a skull pyramid.",1.0
"Exactly. Most infrastructure isn’t protected, bridges, roads, dams, oil and gas plants, electrical substations, power lines etc etc etc. it doesn’t even take a coordinated attack, anyone that’s sane would take down any local infrastructure to keep the feds from rolling into town.",3.5
"Scattered bombings and assasinations on the one side and a few mass arrests and show trials on the other.
All in all its gonna be really gay",3.5
"California is the biggest geographically
gets every last drop of its water from red states
These are urban centers that can handle gas becoming unavailable to the public.
these places will burn to the ground in riots if the gas stops for any reason, the food gets into those places somehow and it isn't magical electric trains",1.5
Bosnia but fat and gay,1.0
"It would be as it always is.
A small cadre of sociopathic mercenaries behind huge waves of niggers vs white men who are not police officers.",2.5
"you can just call them jews here.
protip: they're not white",2.5
One side has enough food and water for the whole planet twice over. The other side has the most HIV per capita on the planet.,3.0
"it gets most of its water from northern california.
somehow it manages to waste all of that and then finds away to waste the water it gets from the colorado too.
if CA gets too green the sheep wont believe there's a climate crisis, so they waste FUCK TONS of water on purpose.",3.0
There are no blue states. Red team has all the fighters.,2.0
"t.
I feel very pacified by this post.",1.0
It would be the populist left and right together vs the elites. The left and right have too much in common to fight each other at this point. Reddit is starting to sound like right wing extremists from a few years ago the way they talk about H1B etc now,3.5
The law is nothing but the set of violent threats made by the government towards the governed. Rights are the reverse.,3.5
Like ARMA,INVALID
"JEW WORLD ORDER
E
WORLD ORDER
I
S
O
R
D
E
R",3.0
kek. are these the retards that post on redit for a living?,1.5
"Honestly, all I really see are scattered regional pockets of unrest - inland-rural, coastal-urban, or both - with the potential to connect and get out of hand. 19th Century style formal national split virtually impossible; Spain/Syria style multifactional conflict not impossible but rather unlikely.
So basically, small outbursts of disorganized anarchy that the federal government is forced to stabilize, which if carried out improperly could have awful optics and lead to a wildfire situation.
Known-known risk is dems/latinos hostile to ICE in the Southwest and to a lesser extent in other major cities escalating.
Known-unknown risk is some final nail in the coffin by the admin pissing off middle America, and some ragtag actors acting out in a few areas and things gradually going katamari damacy.
Unknown unknown - ""Peaceable Americans"" scenario - neither happens, no clear signs of political tension; pure black swan meltdown. Potentially starts from within the power system.",3.5
"In hurricane Katrina white exclusive survival groups formed almost instantly, which not only protected themselves with brutal lethality, but actually launched systematic extermination raids of surrounding niggers.
Not militia.
Not schizo survivalists.
Normal guys. Normal suburban families.",3.5
"Most houses don't offer hard cover.
that's what you get for not having 30 feet tall spearhead metal fence walls with electric barb wire surrounding your house. like a house should have",1.5
"Yeah, I can see guerilla activities and targeted acts on certain individuals, but it seems like everyone is starting to realize that normal people aren't the problem.
8-10 years ago I really thought that a wider ""Antifa vs. MAGA"" type civil conflict seemed possible, especially with the skirmishes you'd see on the west coast. Even 5 years ago with the Rittenhouse shooting at a BLM rally I still thought it could happen. But, it's hard for me to think that anyone thinks it's worth it anymore.
Most people involved in political radicalism and doing it for external validation. The Antifa rioter dons the black mask because he hopes to get the cute Antifa chick in bed, or he wants to fuck some tranny freak who is in antifa. The Maga Chud does it to protect his kids. But no one is actually willing to die for any of that shit, they just want to look big and important in their local scenes.
The only people willing to commit violence at scale are those who feel like they have nothing to lose. Like Luigi, he had chronic back injuries and basically felt like his life was over so he said fuck it. If the elites keep clamping down and making more people feel like that, it'll just get worse for them",2.5
"Fedbois ran shitting and pissing from a hundred farmers with rifles in recent living memory you dumb faggot.
Meanwhile half a dozen drunk hillbillies knocked out power to an entire city with bolt actions.",1.0
"I've driven through America enough times top know that 9 meals to anarchy doesn't apply anywhere as much as it applies to anyone living there in a city over 4000 people, same as up here.
Only difference is we have jeets to take the brunt of the initial ugly. You guys have multi generational nogs and wetbacks who now call America the only home they've every known.
Whatever,
North America needs a good cleaning, skin colour being secondary.",1.0
TKD solves these problems forever.,1.0
"Battlefield
Lmao.
even if the great 'something happening' happens it wont be world shattering.
An interruption in the global trade network that only the US Navy can maintain would kill over half of Africa inside a decade.",1.0
"He's right. They've done a lot to shit on radicalized ideology to prevent them from reaching a level where they would actually organize, but not enough to completely prevent 10% more radicalization in the general population, because radicalization has some positive effects.
it encourages prepping and resilience in the population. I could be imagining it, but my take on that is that they're managing shit very closely, not stomping it out, which is notable (and interesting).
The jews are of course trying to clamp down on the things they have control of (media and civilian institutions) with an iron fist, making the JQ spread like wildfire.",2.5
"almost
off by 8
Fucking idiot",INVALID
"Raw numbers matter most
White male raw numbers matter exclusively.",3.5
"A fight over hot sauce packets at Taco Bell.
That's about it.",1.0
"If it came down to it, they may have the potential to carve out their own autonomous areas, but I don't see them ""winning"" hand over fist. The Mormons have much better logistics if there was a demographic free-for-all.
But I think if things started getting out of hand, the elites in New England and especially Tidewater would just place a few calls and activate a weaponized deep apparatus around the country. They may not be many these days, but they still largely pull the strings where it matters.",2.0
"Whichever side has muslims
I will help the other side",3.5
They should feel like that every day it's the way the founding fathers intended. Instead we feel that way every day.,2.0
Pretty much.,1.0
"It would be short and bloody in the cities.
The Right civilians own 90% of the guns.
The Right is are most of the military and 90% of the local police.
The Right controls all the land outside the cities, including all farm land.
The left controls the cities and the media.
The Right would just cut off supplies to the cities and wait for them to self destruct.",2.5
"Americans don't have it in them to fight a civil war.
They lack social commitment and organization. Their ideology is explicitly about 100% individualism and telling the American next to you to go fuck themselves. You could murder one right next to another and the other one will just start howling like an ape and yelling ""worldstar"" to a phone camera
As for strongest similarity, America currently is more similar to early days Iraq under Saddam. America's equivalent of the Baath Part y Purge will happen at the next elections, which need to go for obvious reasons.
There's some interesting features in institutionalizing the dictatorship that you might recognize from other regimes, like the CCP media control being mirrored in Trump installing supervising agents in private media production companies to enforce any media produced is Trump-friendly.
So we're already further along this evolution than you might think, though these dramatic moments you're talking about are still around the corner.",2.5
"You're obviously not American, Ivan. Most Americans get along pretty well. There's a few misfits and outcasts and criminals, but for the most part we're chill and work together well.
This. America outside the cites is mostly white Christian and law abiding. The shopping cart returners. We also would shoot bands of starving niggers from the cities.",3.5
basically the perfect citizens. has to be a seriously dog shit government and system that can't make a good country out of that.,1.0
Northern Ireland but somehow even gayer and more retarded.,2.5
"but the lefties probably would and i think more than you'd like to admit would be more than happy for an excuse to take them up on the offer of violence.
The Left views violence as a Rheostat that they can turn up and down to get what they want. With the Right it’s a Mollyguarded switch with two settings. “Peaceful” and “Kill ’em all and let god sort them out”.
Once that flip gets flipped things get really ugly.",2.5
"The Chinese prof Jiang from predictive history on youtube predicted it the best in his recent videos.
All out war won't happen because of the devastating weaponry. It will take the form of targeted strikes such as political assassinations. In a sense it has already begun with the two CEO deaths.",3.5
non whites getting excited and killing each other/starving for the first few months.Then whites come out of fortifications to have some fun,3.5
"You're already itching to start killing other Americans. Curiously you're blending this fantasy with a claim about how you'd fight for all Americans.
You're just some trashy retard with a power fantasy. Your culture is dogshit.",1.5
The Muslims basically flipped Michigan red in protest over the Biden admin's handling of the Israel-Palestine conflict.,2.5
Eastern Europeans are subhuman retards they kill each other even in civilized times if you really want to understand what would happen during a civil war look at shit like Waco and hurricane Katrina the only real enemy Americans have is the fagmason government stepping in,4.0
"This, and only a retard would want it. I guarantee chinnks and slavs would parachute in not longer after it's end, and carve a chunk off for themselves.",1.0
"probably just a dr. zaius level chimpout, lots of shootings and mass casualty events, politicians getting carbombed and whatnot
the USA balkanizing completely is just a total ziggroid fantasy",3.5
"Bringing up those two examples started off promising, but you're on the side of the crazy cult and the hurricane looting gangs?",1.0
"I reckon a bunkering down with community roadblocks and a lot of wishing a motherfucker would happenings, Then it'd be annoyed locals shooting the fuck out of the midnights blowing up their transformers taking advantage of their darkness to attack W c's",2.5
"I wish I was as optimistic as you, but they generate so many useful zoomer retards on here.",1.0
"which you should think of as partisans at this point, they use the big military to conceal their vetted fagmason partisans who do the real fucked up shit.
I would bet Afghanistan was the same kind of situation. While most of us were just keeping the roads clear of bombs and dealing with insurgent fighting seasons, the fagmasons were securing the opium and human trafficking out of sight.
Police forces probably work on the same method. 95% dupes being used above board, while 5% shitburglars do blackops under the radar.",2.0
I think it would start in California with different counties wanting to secede. And that would inspire unrest/rebellion in other states.,3.5
"those with nothing to lose
You mean homeless military vets. Such as myself and my friends. Being honest here as much as I miss war. I don’t want Americans to experience it. But I know some guys who are in a much worse mental state than me who would gladly welcome killing on the battlefield again. These guys are so dangerous that I don’t associate with them. And they’re very paranoid. They wouldn’t associate with me anyway if they didn’t know me from before. A friend who I lived with for a few months pulled a gun on me because he thought I was a fed. I told him that if I was fed I would be trying to compromise you. Trying to set you up. He put the gun down and I got out of there. Never saw him again.",3.5
"its more a matter of how would local and state forces plan a conspiracy to seize control of local federal airbases, ports, nukes, etc.. without being found?",3.5
A colony of Christians and whites banding together isn't a a cult like Hollywood kikes convinced you retard look at the fucking Amish,3.0
"Americans don't have it in them to fight a civil war.
This is how I see it. People are too disunited. There just doesn't seem to be any large social movement from any group that I think would undertake something like this",3.0
"Interesting analysis. Can definitely sense things moving that way. It's not something that's really rationally discussed much in the press aside from tunnel-vision hysterics but all the legislative and judicial pieces are in place, the right power players are making their moves, and the apparatus is largely moving in lockstep with the administration unlike the previous term.",3.5
Thats amphetamines for you.,INVALID
Niggers and Jews will do that to a country,2.5
dusty rhodes was peak male,1.0
"If it gets bad enough people sharing my mentality and skill set will begin to target infrastructure such as power, water filtration, sewage, airports, hospitals, 5G fiber and from there it gets fun",1.7
"You mean homeless military vets. Such as myself and my friends
Honestly how is this possible? Doesn't almost everyone who leaves the military get at least like $5k a month in disability payments? I've seen YouTube videos of ""veterans"" in their mid 20s who never saw combat who get thousands a month in VA payments.
If you actually saw combat how the fuck did you get out without getting a stipend or something?",3.6
"another war on terror larper that never saw combat
I GOT DUH PURPLE HEART FOR MY SERVICE OF DEFENDING MCDONALDS WHEN A MORTAR LANDED 200M AWAY STEMPER FRIED BOYS HOOAH",1.0
"Most likely the jews issuing mass spite bombing raids on civilian areas in rebellious areas. Claiming ""right wing nazis"" are in tunnels, like they do in gaza, as they shell and drone targeted individuals around their families. A lot of cops and military would say ""just following orders"" as they comply with orders to open fire, mass arrest, and execute opposition forces. The right is nowhere close to accepting that cops will always side with the government, as they ARE the government, and will take their paycheck over not having an income stream",3.5
Who says the got discharged honorably.,1.0
"Also you'd be surprised the holes people can dig themselves in with drugs, women, mental illness,retarded spending etc.",3.5
"we're probably on the lists.
i'm 100% information war. i'm not doing shit. the more I learn about the games they're playing and who uses who on the board, the less I want to do with any of it.
if they want a revolution from me someone better produce a George Washington, and if its a controlled opposition actor, I'll know.",2.0
"The Han haven't defeated a foreign army in 500 years and you think they're going to carve off a ""chunk"" of America when half their economy disappears overnight.",3.7
"There are three strata of vets I've observed among family / friends.
The ones that did service and seemingly enjoyed it, went to work for the DoD or in its periphery, secured cozy lives, lived happily ever after
The ones that did service, secured their benefits, returned to normie working/middle class work/family life
The ones who were mentally or physically fucked up by service, got screwed by the VA and such, personal lives have taken a serious blow, struggling to pick up the pieces, maintaining relationships with others in the same boat. Lots of suicides.
I worry about acquaintances in the third category - grew up with one, but totally unequipped to lend support.",1.0
"The fact that you consider the current ""Weimar but worse and accelerating every day"" system NOT collapsing to be the optimistic scenario is the most disturbing thing of all.",3.5
"2016 was almost twenty years ago
You mean 10.",1.5
"No it's not, you are a retard that does not what would await you.",1.5
"Once things start going sideways you'll probably see paramilitary schemes like this here and there. Most concerning is if you see two disconnected instances in different locations. Like insurgents in both California and Arkansas. Then you know they're just natural symptoms of a deeper problem.
Revolt is less and less likely as the dictatorship intensifies though. That's another way you can see the mutation in America.
As an outsider, talking to people in an authoritarian regime is difficult. Because to stay out of trouble, even if they themselves are the token bogeyman of the regime, they'll try to enforce the regime's policies to the people around them just to stay out of trouble.
That's where you get ""dictatorship by consent,"" when the population internalize the regime themselves, so the regime doesn't have to lift a finger anymore, the people become self-policing in their loyalty.
As an outsider that's where the communication breaks down. Cause they'll try to enforce the regime's policies outside the regime's own sphere even. You can't talk to them without going through their ritualistic theater and kowtowing to the dictator. And they'll act like there's something wrong with *you* if you don't praise their dear leader.
American conversations became hushed a while ago already. This side of things is coming along impressively well.
What's next isn't a ""civil war"", it's a future where life goes on as usual, except the next generations are raised with an eternal leader, and are raised never to disagree with or badmouth him. American culture will be about the virtue of obedience, movies will generally all be some variation on regime messaging. Anyone even thinking of a protest, nevermind a ""civil war"", will have to do so in a country where questioning leadership will get you put in a camp. It will probably strengthen the principle of domination in American society, normalize bullying or extorting the vulnerable, exploiting workplace hierarchies, etc.",3.5
"Israel can only exist with the constant support of a supernation that dominated the planet giving it infinite money and weapons. There's no ""super America"" to give America a quadrillion dollars a year to sustain its own degeneracy when white male participation falls below critical levels.",3.5
Police enforced the civil rights act at gunpoint. You won’t do shit.,1.0
Lmao I'd gladly occupy the corner penthouse of a skull pyramid as long as my sockets were pointed in the right direction to see faggots like you trampled by the chariots day in and day out.,1.0
"What would a theoretical civil conflict in America look like?
a bunch of morbidly obsese muttyfied retards on mobility scooters vs drunk inbreed hillbilly civilians
after 3 months no one will remember why they shoot each other but they like to shoot so whatever",4.0
Feds ran from farmers in the last ten years you retard.,1.5
"Those places won't burn to the ground. The CIA handlers and the local oligarchs will take control of thr reigns, arm them and sent them against the entire region to secure all the resources they need. And while doing it they will have access to their entire international network which means endless mercenaries and weapons. Population centers and access to foreign support are everything in that kind of a scenario",3.5
"lurk moar nigger, I bet you'd take a bite out of anything",2.5
"This. Americans are divided, but its along a hundred different lines and it will be a while before anything resembling cohesion solidifies",3.5
Mass starvation in the cities. UN troops coming in to 'restore order'. Lots of dead UN soldiers. The biggest quagmire you've ever seen or imagined.,2.5
"Also: ethnic cleansing. Racially this country is ready to boil over. A hot war would turn us into the Balkans on steroids.
I would expect basically total killing of the Black population, they're hated by both Whites and Hispanics and we know they suck at warfare. They'd be targeted for elimination.",4.0
"There can be no dissolution until the economic situation gets much worse and the local elites oligarchs don't start thinking they can get a much better deal on their own, dealing with foreign entities rather then working with the other elites in the USA. Or one faction of the elites tries to remove another from the game due to a lack of resources to support both. And then you will just collapse in a sea of blood because you are to diverse and too intermingled. It would be very hard to establish any kind of larger territorial factions with such a divided population.",3.5
It's already happening. They've turned the country nomarxist without firing one bulket,3.5
I've been saying this for a decade or more. It's not only California. The entire western US is a hodgepodge of giant jurisdictions. Just look at a map! Imagine Alaska?,2.5
"I dont think their unreasonable use of force would work, but I 100% suspect they would try it. Most young men arent willing to fight, but having your mom get buried in rubble because your neighbor shitposted too much and got marked for a JADAM strike would definitely wake many up. Look up images of the national guard enforcing racial desegregation at gunpoint. Those boys were willing to open fire on a crowd of young women and unarmed teenagers. Zogbots have only gotten more rabid and spineless since then. Again, I'm not saying this is a bad thing, because it would awaken many to the reality thay there aren't legions of ""good guys"" in government. At best you'd get generals/cops turning rogue if they smelt the tide turning and would pussy out last minute",3.5
"Oh no, those farmers will soon take over institutions of power in the country right? Right?",2.5
"It's sad to see man. I've seen Americans yearn for an American national identity for years. They want it. But there always is this unpassable blockade.
It comes with strings attached. They have to make sacrifices and place others first. And it always clashes with the individualist purism. Which they cling on to like safety blanket for some reason, I guess it's a cornerstone to their identity.
If they want an American nation, they'll have to accept:
- They can't just watch an American drown in a lake and film it for likes and shares, they *have* to get in there
- They can't just let some part of their country starve, they *have* to support them
- They can't side with a hostile government if it targets a black compatriot because their personal racial ideology overrides any sort of national union.
You guys are talking about a civil war here but I bet everyone thinks they're Rambo, running around a forest alone. If you want anything approaching this level of organization, you have to work as a unit. You have to back each other up and establish mutual trust. Without that commitment, without subordinating themselves to the greater good, you don't have a national identity. I don't care how upset they get about it, they're mutually exclusive so you can only choose one - absolute individualism, or a nation.",1.5
this is really excellent faggotry,1.5
The populist movements on both the left and the right have the fingerprints of federal agencies all over them. Probably for the better with respect to security - maintains a sense of open political discourse by dramatically expanding the overton window while keeping the big picture firmly under control.,2.5
"the right are gunnutters who are just all talk.
TELL ME GREAT ENLIGHTENED ONE...
WHAT IS THE DIFFERENCE?",2.5
"Like the troubles in Ireland, there won't be two big armies brawling, it'll just be lots of terrorism and assassinations.",1.5
"probably for the better
NO. NO. BAD.",INVALID
"We are so fucking close. We are so fucking close to finally getting porn banned. We are so fucking close to censoring and defeating leftists once and for fucking all, and you people are fucking LOLLYGAGGING. You refuse to do fucking ANYTHING. Because you're KEKS. There is no greater cuckold race than /pol/. You are a race of cucks. Nobody takes anything you say or do seriously. You retroactively justify the Great Reset, because you are all lower class untermenschen, stealing away from the resources of proper great men.
We could put a fucking end to this degeneracy RIGHT NOW, and you won't do ANYTHING. Take a fucking stand. Let people know that we stand with Visa. Let them know that we are against porn and degeneracy. This is the litmus test. It's here. Make a fucking choice, without any hint of irony. If you are a conservative, if you are a 4channer, if you are a white MAN, you will take a fucking stand now.",3.5
"You do realize that 4chan and all anonymous free speech on the internet will be shut down along with the porn, right?",1.0
"FUCK YOU FUCK YOU FUCK YOOOOU NIGGER KIKE
LITERAL NIGGER KIKE LOVER
I DO NOT GIVE A FUCK IF YOU ARE WHITE YOU AGREE WITH ME",3.5
"What the fuck is wrong with you people. You literally have a chance to win. Do you understnad that? We literally have a chance to fucking win, and you refuse to win. You refuse to fucking win, because you are cucks. All of you. Cucks. All of you.",2.5
SOMEBODY FUCKING DO SOMETHING! BUMP THE FUCKING THREAD!,1.0
"Why why why why the fuck aren't we taking this seriously? We have a CONSERVATIVE LEG IN THE DOOR. Do you not understand that? We literally have the ability to step in and win, and we're not fucking doing anything. Why? Why? Why? Why the fuck is this okay? This is fucking heretical. This is jewish. This is literally Hebrew degenerate fucking nonsense.",2.5
"ban porn
cool
along with everything that isnt grubhub ad lookalikes, and you also need to show government id to use it
not cool",1.0
"And what's the ""win""? Living under a tyrannical regime in which having opinions or hobbies that aren't HR-approved essentially cuts you off from the entirety of human economy on Earth? What will you do without being allowed to have a bank account or credit card, go barter with Sub-Saharan jungle dwellers?",1.0
We have a fucking GOP president in office. Who gives a fuck if they have your ID you literal RETARD,3.5
"And what's the ""win""?
The elimination of all nonwhite races, the revival of the Nazi regime and the fourth reich, and a complete and total shutdown of hebrew kike interference. That is what's at stake, you literal fucking wetback.",3.5
just give in to the jews and you'll have all this magic bullshit thrown in your lap for realsies,1.0
"The way to resist Jewish influence is by embracing Jewish influence
If you have nothing to hide from Trump you have nothing to fucking fear, unless you're a literal shitskin.
I'm white, so I have nothing to hide from Trump.",3.5
"Kill yourself, kike.",1.0
"Yep, you're jewish",2.5
"chabad lubavitch hops on the canadian flag for a change, why the shift rabbi? hang yourself.",3.0
UMMM ALL NONWHITES ARE ACTUALLY WHITE GUYS,3.5
"my numbers were blessed by sol invictus
jews will be expelled",1.0
"stop it goyim you don't deserve privacy just submit to jewish slavery already fellow goyim
suck start a musket, you long nosed cunt",1.0
"shits his pants
Oh boy mr.idf just had a stinky in his huggies",1.0
"PORN IS ACTUALLY EXTREMELY HEALTHY GOY
DON'T CENSOR IT! PLEASE! PLEASE I'LL DO ANYTHING!
Conservatives stand with Visa.",4.0
Conservatives will hang alongside the lubavitchers.,2.0
"REEEE STUPID GOYIM JUST BE ASHAMED OF MY STRAWMAN AND SUBMIT TO THE JEWISH FINANCE GOD
lol. LMAO even.",1.5
"Daily reminder that /pol/ is the bonafide definition of cuckoldry. You WANT to lose. You are CHOOSING to lose, remember that.",3.5
If they ban porn then anything they disagree with becomes porn. Britain's already using their anti-porn bill to silence criticism of mass immigration.,3.5
"sex is still everywhere in the media and schools
you just can't get a release without paying anymore
this new psychojewish psyop is as dumb as every other",2.5
visa needs antitrust and rico investigation,3.0
"Will enough gooners resort to cryptocurrency in order to continue buying smut? I've always been dismissive about crypto besides speculative investment, you just never hear or see anybody using it day to day. But I remember hearing somewhere that porn has been an indicator of future mainstream tech. Maybe the example was Blu-Ray vs HD DVD. My point is, if crypto becomes the de-facto porn currency, should we expect to see the value greatly increase again? Restricting porn is a spiritual win, but I'll take a financial one too if presented with the opportunity.",3.0
Payment companies fucking themselves over and major industry players moving to using crypto payments instead would be a major win.,3.5
You understand nothing. It is you who will be impacted the most.,1.5
Any legit sources to red pill normalfag friends?,1.0
"The men are porn addicted
Myself included
The women are horny and getting fucked by Tyrone because they're the only IRL option
You know, it starts with you.",2.0
Westerners see nothing wrong with their daughters dressing like this.,3.5
imagine how loud that thing is on the toilet,1.5
"Only subhumans like you are unable to control themselves when seeing some skin, Ahmed",2.5
"She is like a hard sneeze away from exposing her butthole to the public
The cop would probably just say “noice”",1.5
"That’s a hooker checking into a cheap hotel, don’t care what she wears. I just don’t want to stay in the room once she checks out because Guadalupe doesn’t clean worth a damn",2.5
"that's your mom
hang on i'll call her and tell her to shop shaking her fat kike ass around like a whore..
hang on",1.0
"Memeflag jeet
saar I am paki believe me
No",1.5
Doesn’t look like a Westerner to me.,1.0
Many fathers are removed from the house n have little to say about the raising of their kids.,2.5
"Only subhumans like you are unable to control themselves when seeing some skin, Ahmed
It's gross",1.0
I see nothing wrong with your daughter dressing like this.,1.0
"Umm, I do.",1.5
"I don't allow women to wear lanyards. They can be used to choke them, very unwise.",2.5
"she left the house like that
but if I take a picture, I go to jail
?????????????????????????????????",1.0
Typical attention whore...,1.0
"Doesn’t look like a Westerner to me.
This.
Has nappy hair yo.",1.0
"why do muzkikes want to live among white people if they find white culture ""degenerate""?",3.0
"*SNIFF*
*SNIFF*
*SNIFF*",INVALID
"It is degenerate how they've worn less and less over the years til they're down to strips of cloth barely covering their nips, vagina, and asshole. They wear less now than the cheapest of whores wore thirty years ago.",3.0
Simping for white sluts will not get you laid; especially over the internets.,1.0
Because Isreal keeps blowing up their home countries and then sending them to live with whites.,1.0
"She's just ""asking for it"" in those clothes
Approach her before somebody else does",1.5
"Gym bros, I've noticed more and more that since I've started to look like Leon Kennedy in the Resident Evil 4 Remake, that more and more girls start working out next to me and take off their shirts and pants whilst they pose in the mirror. Is this normal?",2.5
"no that's not normal, it happens to me too
I started letting out a soul-piercing wail whenever women start undressing or are scantily clad near me, it's not ideal but it works in driving them off",1.0
"she has a nice ass, so why not show it off, it will not last forever.",1.0
It’s not just “wearing less” at this point. That woman’s ass is exposed. There’s no two ways about it. Whatever she’s sitting on is also exposed to her exposed ass. She’s an exhibitionist and it shouldn’t be allowed in an airport.,1.0
"Just what he needed, another rapey jeet thread.",1.0
She's got some good genes,1.0
"Cor blimey, me willys gone BIG",1.0
"enough coping
answer the question, muzkike",INVALID
This isn't white culture,1.0
"Makes my cock hard, not seeing the issue here muzzie",3.5
That's A man,1.0
she's already deployed for that BBC,1.0
tbf your people say the same shit,2.0
humans are so putrid,4.0
"I’m sure the spot between her asshole and vag-hole is the best smelling. It almost always is on a girl.
You get the nice sour scent from her front hole mixed in with that wonderful musky warm aroma from her anus, topped off with just a hint of that salty goodness of her sweaty taint.
You know you’ve got a keeper if you can detect a bit of urine as well.
The back of my mouth tingles and puckers like I just sucked on a lemon when I smell this. It takes everything in me to not give it a lick so as to not ruin this symphony of a smell.",1.5
the degeneration that leads to tolerating young women dressing like whores is the same that leads to tolerating mudshits like you congregating in anything but an impalement forest.,3.5
What is wrong with prepping your daughter for black men? Are you racist?,1.5
Braaap brrraapp braaaap br br brrrapp,1.0
"This.
Also that fathers have been brow beaten by (((society))) to let daughters be themselves by jewish yentas feminists (because some are too gay to stand their ground) and this eventuates.
I asked my gf last week about some common annoying foid trait that she refuses to participate with and she replied
my dad would beat the shit outa me if I did that growing up.
and she was still a teen in the 00s.
Reminder that shit has collapsed since smart phones and social media, aka perfected brainwashing tools",4.0
SNIFFFFFFFFFFFFF,INVALID
"some skin
There a line you degenerate monkey.",1.0
"Only Sleazeball parents would allow a daughter to go out in public dressed like that, you PERVERT!",1.0
lmao,INVALID
"Dis
- gust
- ing!
Even when I was young & slutty I thought Gaga was disgusting!",1.0
israeli memeflag spam. posing as a muslim to drive board hatred against islam (jews' enemy),4.0
"I'm missing the last three pics, gimme",1.0
I think technically it's called a string,1.5
"They actually do, you haven’t seen one with an actual father",2.5
you need to stick a salami in your shorts,1.0
I like randomly seeing ladies butt cheeks at the airport,1.0
It just drives my hatred against women (my enemy),1.0
"I need some ass in my life now, bros.",1.0
"Based jihadi, but Pakistan is ours.",1.5
"Reduce timer mods 30 seconds for replies, 120 for new threads.
CEO is always right obey my orders.",1.0
"I'm saving this as a copypasta. As Anton Chigurh said ""Well done"".",1.5
Follow my instructions,1.0
"No, we dont.
Cant control your urges ahmed?",1.0
"I have no problem with her dressing like that, if you know what I mean.
Furthermore, I would like to thank OP for bringing this to my attention.",1.0
"Imagine thinking we need Israel to hate Muslims
Israelis doing the world a huge favor by bombing the fuck out of Muslims
So keep seething, muhammad",2.5
Just imagine some jeat coming to the west catching a glance for the first time. Its like natives and firewater.,3.5
This is why photography is such an amazing art form. Only photography can capture our moments in time like this.,4.0
Thats a whitest ass i have seen in this day,1.5
"84140
Westerners see nothing wrong with their daughters dressing like this.
Easterners see nothing wrong in being complete creeps and secretly photographing westerners daughters",2.5
What's the source for this picture? Who took it?,1.5
i wish i had a hot daughter that dressed like this,1.0
yound women did not dress like this when i went to school. they would have been labeled dirty and whores and our chads (i was one of them) would have mocked them for it!,2.5
Dalitnigger. Why are you defending whites? Do you also whore out your mother and sister?,1.0
Literally adorable,1.0
the jew pedo identifies itself,1.0
There is acceptable middle ground somewhere,2.5
That's a very fat cat. Isn't it mandatory for schools to have at least a 1 hour break?,1.0
sorry but the pedo crowd is about to pile on you for saying that. or should I say antipedo or whatever,3.0
What is the sound of one asscheek clapping?,1.0
"future BNWO slave, sigh",3.5
"zoomer females have no sense of fashion, especially when it comes to shoes",2.5
"Eh?
Saying kids being cute kids = pedo now?",2.5
"i want to see a shit drop
her muscled ass would form it into all kinds of shapes",1.0
"post shit colored hand w/timestamp, memeflag nigger.",1.0
"I think it's retarded how fearful americans are of nudity. They fear their own bodies, imagine that.",1.0
"It's hot but shouldn't be done in public, anything showing cheek is too far. I don't want your unwarranted juices on my seat either.",1.5
"Does the television in the back say ""Say no to Sex Tourism"" In Italian?",1.5
"I can’t wait for clothes manufacturers to invent something to hide our bodies especially in public. Wait, it already exists and some people are just skanky as hell and walking around in ass tight undies in public? Damn",3.0
"i don't want more ass juice on public seats
enough exists already
u want some fat nigress gassing out some turd in your mouth just because you want to see some ass?",1.0
"female asshole are notoriously stretched and in a near broken state nowadays btw
just a tiny move from shitting all over the place",3.5
"Previous:
Day: 1,258 – Daily assessment: https://isw.pub/UkraineConflictUpdatesISW
▶Latest
russia is now sending in women to the meat assaults outside Pokvorsk
14:1 dead russians to ukrainian ratio, verified fact
Chasiv Yar is still not under complete zigger control
Trump ordered nuclear subs to move towards Russia.
Pokrovsk hasn't been taken despite runigger oinking. Kek.
Trump Says Ukrainian Refugees Can Stay in U.S. Until War Ends
EU warns that funding for Ukraine may be stopped if full independence for NABU/SAPO is not returned
Russian f(l)ag carrier Aeroflot hacked. Multiple delays across Russia.
Officials decided to call the Russians into the army all year round
President Zelensky has submitted a bill to the Rada to secure full independence for NABU and SAPO.
Controversial NABU/SAPO law singed by Zelenskyy
Protests on controversial NABU/SAPO anti-corruption law being passed by Ukrainian parliament are now ongoing in Kyiv and Lviv
drone attacks on Rostov railways
WhatsApp should prepare to leave the Russian market, a lawmaker in Moscow who regulates the IT sector said
Authorities in Russian-controlled Crimea have introduced an information blackout there
Praising the troops defending Pokrovsk, Ukrainian President Volodymyr Zelenskyy said Russian forces “trying to advance and enter Ukrainian cities and villages” will not have “a chance of survival”.
The EU has approved its 18th sanctions package against Russia
▶Telegram
https://rentry.org/telosint2023
https://t.me/ukr_pics
▶Intel
https://t.me/DeepStateEN
https://odin.tradoc.army.mil/WEG (equipment explorer)
https://ukr.warspotting.net (visually-confirmed losses)
▶Maps
https://deepstatemap.live/en
https://liveuamap.com/en
▶DISPOSABLE SOLDIER (diary of a RU mobik)
TOUR 1: files.catbox.moe/34fuhc.txt
TOUR 2: files.catbox.moe/uj2wut.txt
TOUR 3: files.catbox.moe/hmyd98.txt
TOUR 4: files.catbox.moe/cdenxe.txt",3.5
"14 dead russian commie niggers to every 1 Ukrainian. commie niggers will never live this one down, JEJ",2.5
"14:1 going so hard, they're even sending in russnigger babushkas to fight for them. THAT'S THE STATE OF THE COMMIE NIGGER ARMY JEJ",3.5
"Remember, this is how a real superpower looks like jeet shit eating niggers. Muzzled the Medvevev in a split second JEJ",1.5
"ziggers are bald, why?",2.5
"14:1
LOL
LMAO",INVALID
in b4 whats 14:1,1.5
"HAIL
VICTORY
OR VALHALLA
B L O O D
H O N O R
S O I L
ᛟᛉᛋ
https://www.youtube.com/watch?v=jNuw42EQsnE
A Z O V --- MADE IN UKRAINE [290K+]
https://www.youtube.com/watch?v=AmYYQH8PaGE
KOST GORDIYENKO [885K+]
https://www.youtube.com/watch?v=7GrVbNkVHx0 [355K+]
U K R A I N E W A V E
HAIL AZOV
HAIL KRAKEN
HAIL AFU // VOLUNTEERS",1.0
When will the pigkraine stop losing?,1.0
"SURPRISE
SURPRISE
IT WAS REAL INSIDE OF MEIN MIND",1.0
"this doesn't include an unknown number of missing ukranian soldiers
/uhg/ now trusts a pedo
K E K",2.5
"TOTAL
ZIGGER
DEATHWAVE",1.5
"SLAVA UKRAINE
GLORY TO HEROES
DEATH TO THY ENEMY",2.5
"- 1,055,000+ ZIGGERS K.I.A. // M.I.A. + CRIPPLED + P.o.W.s.
- 6,690+ RUSSIAN OFFICERS LOST
- 23,000+ ARMORED UNITS WIPED OUT
- 50-60% OF THE RUSSIAN BLACK SEA FLEET DAMAGED OR DESTROYED [Forced Retreat]
- 35-45% OF THE RUSSIAN AIRFORCE ELIMINIATED
- 1-2 MILLION RUSSIANS HAVE GONE MISSING FROM RUSSIAN SOCIETY [500k Fled in the beginning as well]
- 1,000 SENIOR RUSSIAN COMMANDERS R.I.P.
- NOT A SINGLE STATED MILITARY OBJECTIVE COMPLETED
- MULTIPLE RUSSIAN REGIONS + OCCUPIED AREAS HAVE BEEN INVADED. KURSK, BELGOROD, CRIMEA.
- RUSSIA STILL CANNOT DE-MILITARIZE UKRAINE
- RUSSIAN ECONOMY IMPLODING, DAMAGE FOR DECADES TO COME.
* -$300,000,000,000.00 LOST PER DAY. 7 BILLION LOST IN THAT DRONE ATTACK ON RUSSIAN AIRFIELDS
- NO WHERE IN RUSSIA IS SAFE. GENERALS // OFFICERS KEEP GETTING KILLED EVEN IN MOSCOW.
- 90% OF THE ORIGINAL RUSSIAN ARMY DESTROYED [2022]
- 80% SPECIAL FORCES WIPED OUT [Goodnight VDV]
- 100% RUSSIAN ASSETS IN SYRIA NULL & VOID.
- LOST THE WAR IN SYRIA & NOW IRAN CANNOT SUPPLY RUSSIANS SINCE THEY'RE BEING BOMBED BY SUSRAEL + RUSSIANS TURNED DOWN IRAN. TOP KEK. ANOTHER TREATY VIOLATED BY THE RUSSIANS.
- 30,000 NORKS
- IRANIAN // MIDDLE EASTERN RELATIONS
- AZERBAIJAN & IRAN DENOUNCED RUSSIA. KEK. MORE HILARIOUS THAN SYRIA COLLAPSING. HIGH IQ MOVES --- AZERBAIJAN IS ALSO PUBLICLY SUPPORTING UKRAINE
--- RUSSIAN COMPANIES FACING MULTIPLE BANKRUPTCIES AS A RESULT OF THE RECESSION - RUSSIAN SAUCES
--- RUSSIAN AIRLINES COLLAPSING & HACKED BY UKRAINE
--- EVERYTIME LONG RANGE DRONES ENTER RUSSIAN AIRSPACE THEY HAVE TO GROUND ALL FLIGHTS. NORMIE ZIGGERS IN RUSSIA ARE MISSING THEIR VACATIONS, THINK OF THE MIDDLE CLASS ANONS ( ͡° ᴥ ͡°)",3.5
"n-noooo stop believing U.S intel briefs because Trump said 'em, also ignore the piles of dead russian niggers strewn all over Ukraine, trust a fucking call centre pajeet shill instead
CAN I GET A JEJ!",3.5
A little early to not be celebrating in Poland,3.5
"EVEN MOTHER NATURE
HATES ZIGGERS
WE WON ON A METAPHYSICAL LEVEL. HAIL VICTORY.",2.5
You can tell russian losses are enormous because this summer’s offensive is the least successful one yet dispite Russia throwing more troops into fight than in previous years.,1.0
"Slyly avoiding what you know is true
All of the numbers just came from the jew",2.5
"it was always inevitable
https://youtu.be/pdmWCpl9Ib8",4.0
"ukrainians aren't begging for a ceasefile
Yes. Everything is fine. Ukraine isn't having a manpower shortage or anything. How could they be when they're taking no losses and had already conscripted over a million men by last October? Add to these the original Army + reservists + those recruited since the war, plus those recruited and conscripted since last year. Ukraine must have over two-million men by now. Especially since they've only taken 50k losses(based on Trump's estimates).
Man, Russia is losing so bad. Ukraine will totally be marching on Moscow any day now.",3.0
"yea, post em, bald zigger faggot",1.5
"Why are you attempting to visit reddit, shitskin?",1.0
"Yup
Zapp Summer copefensive - Decisive Ukrainian Victory
Sumy Summer copefensive - Decisive Ukrainian Victory
And the jeet nigger shills can't talk about it, because they're not supposed to exist anymore JEJ",1.0
"blah blah blah, i bet you're bald too",1.5
Yeah russia lost it war long ago. It has no path to victory. No cards as some might say.,1.5
Manpower shortage and russian nigger filth couldn't make it past an hour's walk from Bahkmut? is that the cope you're running with these days dog fucker?,3.5
"No, now why are you attempting to visit reddit? Maybe you're balding? Show me that full head of hair.",2.5
"their path of victory disappeared after hostomel, took awhile for the normies to catch up",2.0
"What's weird about having a full head of hair?
You don't have one?",2.5
Sorry zister but the 3 day smo still hasn't finished,3.0
"you're bald, 14:1 loser",1.0
Odd how they constantly go with the oh yeah were ukraine has lost more argument for years when clearly ukraine has more than enough manpower to crush their attacks 3 and half years into putins 3 day war. Much larger attacks than what russia was throwing at them years ago mind you.,3.0
"Why? do you think this is reddit, baldy?
Why are you attempting to visit reddit and talking about updoots?",2.5
Aaron is bald and need affirmation,1.5
Who told you? Your dead shriveled hair follicles?,1.5
"Ukraine is fighting a defensive war
Marching to Moscow
Ukraine only has to keep holding the ziggers back they don't need to invade to win. And if Ukraine is losing more men than Russia, why hasn't Russia actually made any advances? They're still fighting near Bakhmut.",2.5
https://youtu.be/n3FTIfcQlNM?list=RDn3FTIfcQlNM,INVALID
"Power to armies of anarcho ex-draftees.
End the slavery.",3.5
"I think that they just repeat it to deflect
Such increidble copium demands to be checked",2.0
Its only ziggers that claim they are fighting fascism. Try to make the larp convincing.,1.5
"You're retarded. Ukraine literally outnumbered Russia until 2024. It was about 3-to-1 until Russia's partial mobilization in later 2022.
Now Ukraine can basically only use drones because they don't have enough men. This has even been admitted by Ukraine itself.",3.0
So is Kimberly your girlfriend or your mother or what?,2.5
"can only use drones
has no manpower left
russian commie nigger filth is still an hour's walk from Bahkmut
Why can't you explain that away dogfucker?",1.5
Whats retarded is your namefaging and cope. For years zigzogs have claimed to have killed everyone in Ukraine several times over and yet none of that is ever reflected on the battlefield. Why? Because russia is losing the battle of attrition. Thats why its attack this year are so anemic compared to previous years. Russia is preparing for a general mobilization so maybe that will help them.,3.0
"Ukraine only has to keep holding the ziggers back they don't need to invade to win.
1) This is correct. But they aren't holding the Ziggers back, and they admit they have a shortage of soldiers.
2) Have you ever asked how Russia wins this war? Not in a simplistic manner of taking ground like America did in Iraq/Afghanistan. I'm talking about what is the ideal outcome for Russia based on actual Ukrainian dynamics.
Basically what is a strategic victory for Russia really?",3.0
Yes they are holding the ziggers back. Russian advances this summer have been pathetic.,2.0
"Bahkmut
we didn't need that
Chasiv Yar
we didn't need that
Donetsk
we didn't need that
Avdiivka
we didn't need that
Mariupol
we didn't need that
Crimea
we didn't need that
notice a trend here? JEJAROOOOOOOOOO",3.5
did you ever support russia?,1.0
"They know that's it's true
That the source is a jew
But repeat it enough
and they'll buy their own bluff",2.5
Yeah I notice that all the russian success is years old. Nothing recent.,1.0
Who gives a fuck about territory. Do you dumb ass niggers even know how wars work?,3.5
"Chasiv Yar
2.5km from Bahkmut
2.5 years later
An hours walk is the extent of the russian nigger cattle army? How many more years for the next town jeet nigger?",INVALID
Why would i support unjustified warmongering? Few support russia. Even the people against getting involved in the war dont support russia.,1.0
"Who gives a fuck about territory
And there it is boys, dogfucker immediately buckbreaks JEJ",1.0
"14 ZIGGERS = 1 MOBIK CUBE
14 ZIGGERS = 1 MOBIK CUBE
14 ZIGGERS = 1 MOBIK CUBE
14 ZIGGERS = 1 MOBIK CUBE
14 ZIGGERS = 1 MOBIK CUBE
14 ZIGGERS = 1 MOBIK CUBE
14 ZIGGERS = 1 MOBIK CUBE
14 ZIGGERS = 1 MOBIK CUBE",1.0
"https://www.youtube.com/watch?v=NIOU6ZPIgqI
JEJAROOOO
muh fake and gay numbers",3.5
I know that russia lost its war. You asked how russia can win before. It literally cant. It ambitions are far beyond what it can possibly achieve by force of arms.,2.5
Awww the poor little jeet shit eater is coping JEJ,1.0
"russia ""advances"" while losing 14 men for each loss on ukraine side
russia keeps sending meat waves and annihilates their own economy
russia internal strife hits critical levels. economy implodes. oligrach civil war starts
russia balkanizes
ukraine reclaims all territory with 0 losses
long game is smart game.",2.5
"Damn, you went from using some fiverrr sap to larp as White, to this? GRIM
14:1 btw JEJ",1.0
">>russia ""advances"" while losing 14 men for each loss on ukraine side
if I keep saying it, it will be true
LOL",2.5
"not true
Where'd the zapp copefensive go
Sumy copefensive? WHERE ARE THEY!?",3.5
"it's not that deep
14:1, it's not nothin. seems like russians getting churned up",1.0
"Every day looking legit they will try
Half dozen VPN's ran by one guy
They swap over proxies, immediately flee
That's why there's so many 1pbid",2.5
The vast numbers of russian dead he’s also posting backs up his claims. Thats and the extremely limited russian successes.,2.5
How's the crimean beach road trip going? on it's 10th year?,3.5
"it's true, we visually counted our gorecope videos and it's true, okay?
LOL",2.0
"Cancelled, Ukrainians couldn't make it happen without untold losses. See how that works jeet nigger, I don't have to cope. Now tell me about that Sumy/Zapp copefensive you niggers were bleeting about for months.",2.0
"gorecop
n-nooooo thousands of dead russian niggers in piles webms d-doesn't count!
JEJ",3.5
"Try asking again for the kids here are slow.
""But where is your source? ""a jew told me, bro""",2.5
"19 pbtid
yea, slava ukraine, unironically. keep seething faggot",1.0
"Watching them copy-past 'till they turn blue.
They'll repeat the same thing again 'till it's true!",1.5
"By the time this war is over, all the Ukrainian nationalists will be dead, completely broken psychologically, or have moved to Europe. Russia will inherit a territory depopulated of everyone who hates Russia by creating a rump neutral Ukrainian state mostly comprised of babushkas living on pensions. Moreover, Europe will be close to bankruptcy.
Basically, the Ukrainians are ethnically-cleansing themselves from the east where the resources are. Without those resources, Ukraine is not just worthless, but a liability because its demographics are literally the worst in the world.",2.5
"Every response that I we from a jew
Such a confounding ""but Russia is too!""",3.5
"Yet in reality, this is the result of 3.5 years of russian nigger war. LESS THAN THEY HAD IN MARCH '22 DOGFUCKER JEJ",3.6
"Every response that I we from a jew
This jeet nigger is having a real rough time with English lately JEJ. 14:1 btw",2.5
Putin war created the Ukrainian nation. I het you need to believe russias so terrible in its bungling efforts thats its some genocidal slaughter in ukraine but its not. The olny parts of Ukraine that have suffered significant population destruction are the russian speaking parts that the russian army has devastated while claiming they were liberating. Russia isnt gonna win by killing everyone. Thats just unhinged cope. Not serious military analysis.,2.0
"The reality is, time is on Russia's side. Period. Anyone who can't see that is retarded.
As I've been saying since this war began. There is no Ukrainian victory without direct NATO intervention.
No one hates the Ukrainian people more than their so-called supporters.",2.5
"The jeets here will sometimes accuse me at times
But no one else here can come close to these rhymes",2.5
"romanigger completely buckbroken
Another decisive win for the Leafs.",1.5
"It's sad to see him repeat himself again.
But browns cannot form an original pen.",1.0
"t-time is on russia nigger's side
Nice cope about how commie nigger russia has lost large swaths of land in their own invasion. Send in more fem babushka niggers on chink dirt bikes, it's been really working out for you JEJ",1.5
Time is objectively not on Russia's side.,3.5
"t-time is on r-russia's side
This is the best cope these fucking commie niggers have JEJ. HOw fucking embarrassing.",1.5
"Just like 'trans women are women' they try
They it so much they believe their own lie.",2.5
"Good quote, 14:1 btw",1.0
"w-we actually meant to be bogged down in a war where we can't advance more than an hours walk from our biggest victory, b-because we totally meant to b-be bogged down
THE ABSOLUTE STATE OF THESE 14:1 niggers JEJ",2.5
"It was on basically every kate night talk show last night, that Russia has run out of supplies
Yes, I've been watching that same show for three years now. And also muh sanctions, and muh tariffs, and muh wunderwaffe, and muh whatever.",3.5
Why are you posting like its still 2020? Very bizarre cope.,3.5
"D-don't you know, that getting b-bogged down 50km from our own commie nigger borders w-was all part of the p-plan",3.0
"i-it's totally normal that w-we're suffering 14:1 losses, y-you're g-gorecoping",2.5
And for 3 years russia has failed to defeat ukraine. Its failed to even achieve the kinds of successes it had in the first month. Its almost like russia has no path to victory.,3.5
"I'm serious, I'm in the middle of transitioning and I really need some encouragement right now
Every day they come here dilating and grinning
""Trans women are women, and Ukraine is winning!""",1.0
"w-what d-do you mean it only took the U.S a month to occupy the entirety of iraq and even less for the entirety o-of afghanistan, d-dont those yanks know that being s-stuck in the same spot for 3years while getting massacred is a-actually how you fight w-wars",3.5
"i-it's totally normal to send your a-army out on e-scooters, t-that's how modern warfare is done.",1.5
"Time is objectively not on Russia's side.
The problem you dumb niggers never understood was that China was NEVER going to let Russia lose. Russia + China is far more powerful than ""The West"". The only way America can win this war is by splitting Russia from China(see Sino-Soviet split). Which Trump was originally trying to do, but it's too late for that.
Now Trump is practically begging for a ceasefire. And if that fails, the only way to rescue the situation is to send in the Eurocuck cannon fodder.
https://www.youtube.com/watch?v=Nsc6-hF1WTg&t=1353s",3.9
another admission through projection by the shill squad,2.0
"r-russia is all p-powerful, but c-china will need to save them to win
LMAO, holy fuck this cope is getting too funny.",1.0
"Watching predictions fail from the beginning
""Surely a stalemate means Ukraine is winning!""",1.0
"FLAG COPING IS BACK BOYS LMAO
14:1 btw",4.0
"Here you go nigger, in one webm what you wont be able to post in 5 breads JEJ. Now show us some dead Ukrainian soldier piles",2.7
"w-we're killing Ukrainians 10:1 but n-no you're not allowed to see the footage of the dead, it lives in another town, alongside my girlfriend that goes to another school
JEJ",1.0
"If you think *they* care
then you haven't a prayer",1.5
"nigger cant count
no surprise here",INVALID
"w-why are you p-posting dead russian commie nigger cattle, don't you know that if you kill your enemies, y-you're losing
JEJ",2.5
"Everyone scoffs
till the glasses come off",3.5
"I-I can't deal with your ability to post thousands of webms and pics of d-dead commie nigger cattle piles, s-so it's c-cope!",1.5
"On hopium they binge
But to most it's just cringe",3.5
"why do you let this brown nigger bake for you losers, he has said he doesnt care about you ukies dying lol",1.0
"U-Ukrainians are dying 10:1.....n-no I wont show you them
JEJ",3.5
"And for 3 years russia has failed to defeat ukraine.
The worst-case scenario for Russia would have been a quick war that kept the Ukrainian nationalists in place and supported covertly by ""the west""(alongside a stab-in-the-back mythology).
The best-case scenario for Russia is to kill and/or demoralize the Ukrainian nationalists. Then slowly convincing Ukrainians to become refugees who move long enough to get jobs and houses and spouses, so that they never want to go back.
Basically, Russia needs to continue sieging every Ukrainian town and destroying infrastructure to make life absolutely miserable so that the Ukrainians who hate Russia will leave and never come back, or they can just die defending and thus never come back.
To put it simply, when Russia sieges Kiev, all the ethnic Ukrainians will either die fighting or flee to Lwow or to the EU. That is the best strategic outcome for Russia. Annexing all the important land free of Ukrainian nationalists, and leaving a worthless piece of land for them to all move to and become a burden for the EU.",3.5
Man i love dead ziggers,1.0
"is it true you banged your sister? I read something about fingering a dog too, but that seems absurd. so which is it?",2.0
"w-why isn't /uhg/ a-an astroturfed general w-where only certain anons can bake
JEJ
14:1 btw.",3.5
i too love the star wars,1.0
"I dont care either, Im here to watch pidors die by the thousands every day in HD
TZD",1.0
"Bravo sir, but that is way to well thought-out for a /uhg/ thread.
You'll be reflexively called a jeetnigger for wrongthink",1.0
BASED,1.0
What do you think nigger?,1.5
"LMAO, HOLY SHIT THE ABSOLUTE STATE OF THESE COMMIE NIGGER SHILLS",3.0
"China isn't going to save russia either. I get you're emotional but every post you have made is absurd nonsense not based in any form of factual reality or even contestant logic based on know evidence. If you have to seethe as a form of coping thats fine, but know that it is you that is the retard, the dumb nigger, and any other personal attack you can throw out there in a pointless effort to justify you baseless faith is russia power or third world solidarity against the west. I wonder why its so important for you that russian imperialism be successful. So much that you will desperately plead for it online such as this. How did such a strange thing become such a large part of your personality? I suspect you have been beguiled by grifters telling you that realism is the key to understanding geopolitics and are now trying to square their years of failed predictions with the current reality. There's truth in that but the biggest exponents of realism today as relates to ukraine and russia are all frauds who never apply realist principles to their analysis. Only global south cope and anti western, anti liberal emotional hysterics.",3.5
"why isnt uhg astroturfed
comedy gold",1.0
"I-I have to a-admit that russian nigger commies are weak, but b-based china will save them, just you wait!
JEJ",1.5
I am just a simple 14:1 enjoyer GEG,1.0
"I bet that asshole Putin doesn't even like Star Wars.
picrel, surprised I still had this one",1.5
"Russia + China is far more powerful than ""The West"".
How so? The west's combined economy and manufacturing base is larger, it has more population, a larger military, more oil production, a greater landmass, etc.
And both China and Russia have famously poor quality militaries throughout history with no evidence that they have suddenly improved.",3.5
If after 3 and half years of the US invading mexico the troops were still withing sight of the texas border it would be fair to say something has gone seriously wrong and the US is losing the war.,1.0
"w-we said that USaid would kill /uhg/ but now i-it looks like Trump also enjoys total russian nigger cattle death, so the funding continues
JEJ",2.5
His post was beyond retarded. Why is reddit here namefaging for no reason?,1.0
"this pidor joined the 14:1 doing what he loved best, taking it up the ass",1.0
The best dead russian nigger cattle is the one that doesn't even make it out of training before getting ACK'ed by HIMARS,3.5
"China isn't going to save russia either.
They literally said they won't let Russia lose the war, retard. They told Trump to take his tariffs and shove them up his ass.
America cannot defeat a Russia supported by China. Period. And it isn't only China that supports Russia. It's like 80% of the world. Whereas America makes new enemies practically every day.",3.5
"russia is now sending in women to the meat assaults outside Pokvorsk
qrd?",3.0
We've already been over this anon. Russia isn't committing genocide. Its barley killing anyone. Losing far more than its killing. If anything its pissing away what little nationalism russia has left.,2.5
"He's been changing his name back and forth, I don't think he realizes we have IDs.",1.5
"SHILLS
ARE SO BAD
AT THEIR JOB XD",1.0
I'm thinking about how anyone can take a incestuous dog fucker seriously lol,1.0
Hell of a suppository,1.0
"Russia is in a catabasis
but there is no anabasis ;_;",1.5
"Mexico's not a lesson to be taught
Just look at the actual wars we have fought
It only took us a week and ""we won""
Then a trillion bucks later it was slowly undone.",3.5
"god I wish this were me so badly
I applied 5 times to go fight in ukraine or israel and they will not let me go and die
I just want to die and end this shit why wont they let me?",2.7
"Right here, femmoid nigger got acked.",1.5
"If China wants Russia to win, maybe they should stop selling Ukraine the Temu drones that explode their mobiks lol",2.5
"Some rando online made a generic claim? Most published chinese analysis of the war in military and political journals is quite negative on russia's chances for sucess, performance so far, and capabilities. What will your cope be when china and the US finalize their trade talks that cut out russia in return for easing of tarriffs? Thats actual realism.",1.0
"14:1 buffet, all you can eat",1.0
"This is a good time to remind everyone that Kazahkstan rejected the nuclear plant plan with the russian nigger commie cattle and went with China, JEJ",3.0
Yes look at the wars we have fought. Thats how you project power and use military force to secure strategic goals. Russia has utterly failed in this and throwing more meat into the grinder wont save them now.,2.0
"Agreed, instead of just cheerleading, praying
we should see what all of the experts are saying",3.5
regional power status?,4.0
"The idea that china has some love for russia is the most laughable cope of all. One born entirely out of ignorance and a childish understanding of the world thats no more advanced than ""I saw a pride flag, the west has fallen"".",4.0
Remember where these nigger shills come from boys JEJ,1.5
"undeniable
largest and most trained army in europe status?",INVALID
2nd army of the world bratan :),1.5
"What do these nigger shills have left? They have literally nothing else to cope with besides
c-china will save us
That's it, that's the end game.",1.5
"reduced to 3 niggers spamming
grab some polish trannies off discord",1.0
"Posting their own words back give them much fright
Acting like niggers while larping as white",1.5
checked,1.0
Betting markets? And old ones at that. 5 percent anon. Thats now much nato is increasing its military spending to across the board. 5 percent of gdp. Thats height of the cold war territory. Up to 1.5 percent of that can be funneled directly into ukraine and still count meaning ukraine will never run out of money or munitions and at 14-1 losses even if russia started a mass mobilization its gonna lose the war of manpower attrition. As for russia is economy is maxxed out. The state can do no more and the west is now cracking down on anyone that does business with russia. India is alreday being hit hard for dealing with russia. Russia lost. Time was never on its side. All putin is doing now is flinging men on mopeds to their deaths to stay in power another day and hopes for a miracle.,3.5
"shitskin gets upset that he got caught with his true shit eater nigger flag
JEJ",2.5
"Hello, yes, I'd like to report a dead russian commie nigger pile.",1.0
Do you know why the west has never pushed for elections in ukraine? Its because theres a high probability that a more militant and warlike governmnet would win.,3.5
lmao,1.0
"What's the kill count, sir?
Oh you know, 14:1 JEJ",1.0
"Got any links or is it just your own trope?
Asking for expert, not anonymous cope",1.0
"trope?
This jeet nigger doesn't even know what a trope is, it doesn't even make sense in his nigger rhyme LMAO",2.5
"Cargo pants, tee shirt, and one grenade. An authentically well equipped russian solder.",1.0
Can someone explain why suicide instructions are in the commie nigger trash training manuals?,1.0
"You want links for an extremely well publicized recent news story from a nato summit?
Here you go my unusually uninformed friend. Weird how russian shills know so little about the war or anything related to it.
https://www.nato.int/cps/en/natohq/topics_49198.htm",2.5
"I know it's JP and you call it lame
but these people actually have skin in the game
Expert links pl0x",3.5
"Soviets cry about niggers in America when someone points out they're incompetent failures
Modern Zegros cry about niggers in America when someone points out they're incompetent failures
Some things never change lmao
https://en.wikipedia.org/wiki/And_you_are_lynching_Negroes",3.5
largest and most trained in europe? the world even? 14:1 that it's true,3.5
Yeah they are quite bullish on ukraine now. Your pic is from long ago.,2.5
oh shit i remember that,1.0
"Where? I keep seeing pics and drone video purporting to be women but I cannot see any actually verifiably, clear women. Most just look like starved Russian men",1.0
"I know that you think that these guys have some clout
But Epstein pedos are the first ones to doubt!",2.5
I was asking seriously though. Anyone have the qrd?,1.5
"suicide instructions
What? Do you mean russian field tourniquet?",4.0
This isn't /ptg/ anon. Epstein spam isn't gonna save the democrats and its not gonna save russia.,1.5
"Well I said you fags would be crying to the jannies before the night was over and I was right lol
Soft cunts can't handle the bantz nothing much has changed there",1.0
"Of course Trump's one of the ones diddling kids
I wouldn't trust him and his satanic bids",1.0
Prisoners maybe? Russia has always sent women into the fight. Its rare but not unknown.,3.0
I'm going assume you're the faggot that kept posting pics of himself.,1.0
Maybe so but coping about it int going to make russian battlefield failures any better. Trump was the one guy that might have saved russia but they pissed him off too.,1.5
"y-you cried to the jannies
still posting under the same uniqueID
JEJAROOOOO, HOLY FUCK THIS SHIT WONT STOP GETTING FUNNIER",1.5
I love this one the most,1.0
"I-I got banned, ignore the fact I'm using the same uniqueID
JEJAROOO",2.5
"I see goreleaf is still driving the pajeets to the verge of insanity kek. Off to work, dudes, hold down the fort.
14:1 btw lmaooo",1.0
"deleting your own posts
JEJ. Next time, at least show up with a different uniqueID nigger lmao.",1.0
So you're ban evading or what?,1.0
"1984 vibes watching /ptg/ turn on Trump and /uhg/ become his ally.
Crazy times we live in, can't even rhyme it.",2.5
What cope is this? No one has turned on trump except ziggers. I suppose that’s understandable but really its putins fault. Trump offered him a lifeline and he refused.,2.5
"The retard came back with the same uniqueID, which means he self-deleted JEJ",2.5
Nuke ziggers,1.0
Figures. He is a self admitted bald homosexual after all.,INVALID
"What cope is this? No one has turned on trump
It was big news last month and turned quite a few heads.
Maybe you missed all the Trump epstein threads?",3.5
"The west's combined economy and manufacturing base is larger, it has more population, a larger military, more oil production, a greater landmass, etc.
1) The West's economy is 80% financial. If America loses the dollar, there is no ""West"".
2) China's population alone is far greater than all the west combined.
3) A manufacturing base isn't hard to produce. What's difficult to produce is markets and tech.
In any case, China's manufacturing base along is basically the size of ""The West""(if you don't include Japan/South Korea). Moreover, Europe is losing its market share because it cannot compete against China since it is being forced to pay 3-4x more for energy. Chinese manufacturing with Russians resources is just far too formidable of a force. Richard Nixon explained it in the video I linked.
In any case, resources nigger. It's something you people will never understand.",3.5
"WHAT
I'VE
HEART STARTS BEATING
DONE",1.5
". If America loses the dollar
This is the state of the commie nigger mind. Think about what kind of if statement is and what it would take to get there and this literal nigger thinks that it's going to happen in his lifetime JEJ. This faggot is straight mentally ill. Which is no surprise since he fucked a dog and wanted to fuck his cousin.",1.5
"You've assembled a detailed argument for why the junior partner in a relationship is formidable. You're just confused about which one is the junior partner.
Your entire collage misses the single most important data point: China's exports to the US and EU are worth more than the entire Russian GDP.
This isn't an alliance of equals. It's a calculated, predatory relationship. China gives Russia just enough dual-use parts and economic lifelines to let it bleed itself white fighting the West, but not enough lethal aid to get their own banks sanctioned and cut off from the Western markets their entire economy depends on.
They aren't saving Russia. They're preparing to feast on the corpse. It's something you people will never understand.",1.5
"same uniqueID
JEJ, for someone that keeps harping about being an oldfag, you still can't figure out basic ban shit.If you get a 24hour timeout, you CANNOT come back on your old id. If you get a comment delete, it only affects that single comment, not your entire comment chain. Your faggy fucking larp is even worse than when you were trying to larp as White JEJ. It's like a jeet niggers first day on 4chan.",INVALID
"Dogfucker, a bunch of temu garbage and byd fire hazards won't make China worth more lol
America can more than already supplant Russia if we start drilling more aggressively and Euros are more open for nuclear power again anyways. Russia and Africa have all the resources under their feet, but they're too retarded to do anything about it.",3.5
"Rofl.
It's fake, retard. Saying something doesn't make it true.
If China wants Russia to win, maybe they should stop selling Ukraine the Temu drones that explode their mobiks lol
They halted drone sales like a year ago, retard.",1.0
"This is about the level of ""analysis"" I'd expect to see from a dog molester",1.0
"LMAO, holy shit, now the nigger that keeps harping about World of Warcraft, using the same name, talking about the same shit, is now saying he didn't finger a dog. JEJAROOOO",1.5
"Think about what kind of if statement is
It's inevitable, retard.",2.5
"Well now that I achieved my goal of forcing you to cry to the jannies I suppose my work here is done.
Be back in another 6 months to find the same 4 losers here, after their retarded 14:1 cope meme has been established as a punchline. That's if the obese leafs heart doesn't ack itself by then that is. Then he'll just have to imagine it lol",1.5
"jeet nigger still doesn't understand how bans work. btw, the lowest timeout they can give you is 15 minutes, and you're back in 5. Holy shit, youre SO FUCKNG BAD AT THIS LMAO",1.0
"promise a huge sign up bonus for those who volunteer
also promise that your family will be offered compensation in the event of your death
if you survive the war you're now an expense to the government
you're better off dead to them
your body will be buried in an unmarked grave so the family don't get a condolence package if you can just be marked at MIA
being captured means you can also be used in a prisoner exchange which means Ukraine get trained soldiers back who can continue serving to some capacity depending on their condition after the transfer
""IT'S GLORIOUS AND HONOURABLE TO BLOW YOUR BRAINS OUT OR CRACK YOUR CHEST OPEN WITH A GRENADE IN A MUDDY FIELD""
""DO IT FOR YOUR MOTHERLAND""
expenses are kept to a minimum",1.0
"Just two more weeks commie nigger, I'm sure it'll happen LMAO",1.5
"Nah they gave me like two 15 minute timeouts because you homos cried lmao
Please start eating leafy greens, I want your fat heart to not explode so I can bully you again in the future k thx",2.7
YOUR LAST DELETED POST WAS 5 MINUTES AGO YOU RETARDED JEET NIGGER. THERE'S NO SUCH THING AS 5MINUTE BANS ON 4CHAN,1.0
THESE NIGGAS COPYPASTING OLD MEMES AND CLAIMING AS THEM LMAOOOOOO,2.5
"Holy fuck, these 80iq jeet niggers are SO FUCKING BAD AT THIS JEJ",2.5
"It's nigger, nigger.",1.0
"Calm down fatty that Arby's roast beef and cheddar heart of yours can't handle the strain
Anyway, you fags cried like I said you would.",1.0
"Yeah, was working on my addon. Well, Vanilla doesn't have a built-in quest addon. Nor does it support quest links natively. There is Questie and pfQuest, but those are bloated as fuck.
I made a groupfinder addon that detects quest/dungeon levels. So I decided since I already have the quest names and level, I might as well build questie-style link support for people who don't want to use the other bloated addons.
I had originally just saved quests with database entries like this...
[""ablademastersrequest""] = 45,[""ablastedland""] = 45,[""abloodygooddeed""] = 13,[""abloodysolution""] = 38,
Then I added a itemref that will show you the quest level when you click on it. But I decided to redo the system by moving to this style..
[""worgeninthewoods""] = {[""223""],[""31""],[""10""],}
Basically, the table = Quest ID, Level, Zone ID.
So when you click the link it will give you the level and zone(including subzones).",1.7
"This wiman is a soke reason why Russia hasnt plunged into utter chaos. Without her standibg up to putib, they would have 50% inflation. UA ought to take her out.",1.0
"Your post has 15min timer
You came back in 5
holy shit jeet nigger, it's a sad state of affairs lmao.",1.0
Kek what a losers,1.0
Hey fellas. I'm really butt hurt about the situation in pokrovsk. Can anyone recommend some ointment?,1.0
"While I agree Chinese manufacturing would profit from Russian resources, I don't understand why you think China is going to be nice about them. Best case scenario, they will treat Russia like Africa with snow. Worst case, they will just land grab anything they want. We will probably see a mix of it. It's a business, and making business with West is more profitable than with a single country with economy the size of Italy.",1.5
"China is in a proxy war with Russia. The more Russians bleed out west, the easier conquest of Siberia will be. Chinks are meming Russia to continue, while making bank from both sides and securing their own geopolitical business
Pooh is pretty based, tbqh.",3.5
"It no longer has an economy of Italty anymore, I can't remember who they match up with, but it's lower on the totem pole.",3.0
You mean cope thread by groypers that have only increased trumps poll numbers? What does that have to do with russia's failed invasion of ukraine?,1.0
But your fellow zisters have been telling me everything was going great and Pokrovsk was captured days ago,1.0
Nobody cares about Epstein.,3.5
What an abomination if a chart.,1.5
"if i keep denying it, it will become false!
hahahaha, poor effort pidor. If you dont step up your game, your handler will send you on the next meat wave.",1.0
"fucking classic jew.
yes, we do care. fuck you kikes, fuck the talmud, and fuck israel. fuck poland too. parasite.",2.5
"You 'care' as much as it serves american coke vs pepsi civil war. On ethical level, nobody cares.",1.0
"Ya, fuck israel and it's chink nigger army, the russniggers. OH wait, you love these kike niggers JEJ",2.5
Go care in a related thread then. If you want to pretend to hate jews then putin and russia are not for you.,1.0
"Russia + China is far more powerful than ""The West""
https://www.youtube.com/watch?v=J83lw0eFIJA",1.5
Because it's illegal to hate jews in russia,1.0
"only sandniggers have this kike conspiracy obsession
say it sandnigger
say akbar and die for allah",3.5
"Have you ever asked how Russia wins this war?
By getting boycotted and having NATO expand along their border?",1.5
any day now...,INVALID
2 more years,1.0
Russia will take Germany lol.,2.5
"/ourgirls/ have been arrested
its joever",2.0
russia will balkanize,1.5
"Remember, jeet nigger shills talking about MUH DEMOCRACY, MUH TYRANT, MUH DICTATOR aren't allowed to talk about this JEJ",2.0
GEKOLONISEERD!,INVALID
Send em to the frontlines! We need to maintain that 14:1,1.0
">>/ourgirls/ have been arrested
Oh no
>>russia is now sending in women to the meat assaults
OH NO!",2.0
TZD,INVALID
"Perfect for a meat assault, just give them a scooter",2.5
"be me
live in rural kentucky
look up what all the churches in my area were doing this sunday
many sermons are posted on their faceberg page
light house church listed
pastor is wearing white shirt with blue star of david on the front and blue jeans
Evangelical Protestantism.",1.0
How's this related to the Ukrainian war?,1.0
also TZD,1.0
"be me
everyday American living in rural Kentucky
wake up at 3am and argue in favor of russia on 4chan's /pol/ in the pro-Ukraine thread",1.0
1 Ukraine life is worth 14 Russian lives.,1.0
"its 1:26 actually
i should be sleeping you are right",2.5
argue in favor of russia,2.5
"Okay, I assumed that you were going to slide it to JQ. You should be sleeping, though.",1.0
"It wasn't a jab at you, you just inspired me to write about mearshpidor and other paki vpn shills.",3.5
"Me: I fucking hate this new communist EU/UK online safety act
Ukraine supporters and other globalist: lol move to Russia zigger
Me: but america has the first amendment and least speech laws in the world are they Russian now because they allow free speech?",1.0
"Yes, because supporting Ukraine means agreeing with EVERYTHING Western, no exceptions. Can you slide things elsewhere?",1.0
Thats a nice strawman you defeated in your head,2.5
Are we dead?,2.0
Most of us have to go back to wage slaving again.,2.5
Shills are very low energy from 14-1.,1.0
"1/3
I apologize for the low quality of this post, my general excuse being the actions of others against me.
On the topic of Peace in Ukraine:
Jews and Bantus will likely successfully sabotage any initiative for peace, and even if they do not, they will likely ignite WW3 some other way. So I do not know how much that peace in Ukraine, even for one of the ""better kinds"" of peace in Ukraine, will help.
But ignoring that:
Russia will not accept a Ukraine that will launch endless assassination and sabotage campaigns against Russia, including against Russia's nuclear deterrence.
They will also bitterly want any Russian-speaking people remaining in Ukraine to be protected legally.
However, the Ukrainian people is utterly, completely indoctrinated. And I am not sure if any sustainable peace will be viable with the Ukrainian people being this indoctrinated. The possibly very Jewish neonazi criminals and golems seem entrenched in power in Ukraine.
Since the Jews will not accept any genuine truth on this topic, considering the genocides that the Jews committed 100% intentionally against many millions of innocent Ukrainians, Russians, Kazakhs, and many, many others in late 1910s to late 1930s during peacetime, including the Holodomor, full de-indoctrination through truth will not be accepted by Jews. And there are other aspects.
What can one then do?
This is possibly a disastrous or even cataclysmically bad idea, but maybe the following:
the USA coups Ukraine (yet again, like in 2014 and possibly earlier) and installs some puppet dictator. They can present it as a democracy if they want.",1.0
"2/3
Europe and Europeans are officially used as the scapegoat as part of reindoctrination. Jews love scapegoating others and making them take the fall for their own sins, after all, scapegoating appears to have originated as a Jewish religious ritual (possibly to a Jewish pantheon god named Azazel): https://en.wikipedia.org/wiki/Scapegoat#Ancient_Judaism . This scapegoat makes zero sense, it was Jews that controlled the USA that orchestrated the coup and war and the deaths of horrifyingly many Ukrainian and Russian soldiers, and the Jews appear to have hoped to ignite WW3 with it, bringing even much, much, much, much more death with it. While Europe is controlled indirectly by those Jews that control the USA, and while Europe and the West are becoming more and more Jewish genetically and culturally over time and rapidly so (and not even counting immigration into it), it was nevertheless Jews controlling the USA that couped Ukraine, for instance the Jewish Victoria Nuland that played a primary role. Scapegoating Europe will probably not work, and I despise dishonesty, but I am more or less out of ideas that Jews may find acceptable in the short term until they find some other way of igniting WW3. The new indoctrination is important to discourage assassination campaigns against nuclear deterrence in Russia.
split Ukraine up, giving Russia Crimea, the four regions or so that they hold, maybe more, and try to create a demilitarized zone, preferably along defensible natural borders like rivers.
make Europe foot the whole bill of repairs and reconstruction for all of pre-2014 Ukraine, including Crimea. Europe is not independent and does not have a say, Russia will be licking its wounds and will not agree to repair Western Ukraine, and USA will likely also not agree to repaie anything.
Russia will also institute protection of the Ukrainian language in the given regions.",3.6
"3/3
Ukraine could set up laws that only protect historical minorities, but Jews will not accept that, it might hinder them flooding Ukraine with Jews, Bantus and the most Bantu-spirited and Bantu-genetically-related people elsewhere.",3.0
THE HEAVY IS DEAD,3.5
"1:77 body exchange
https://t.me/fiftnmls/33260",1.0
14:1 though.,INVALID
"that's a stupid lie though :) like ghost of kiev and the pensioner hunting drones with pickle jars :)
And Russians still have thousands of hohols on cold while cities in ukraine are invaded by homosexual jews trampling on their cadavers. Works for me, that's the fate of the jewish tools.",1.5
"14-1
;)",1.0
"1:77 :) only jewish homoesexuals constituting the nafoid mass think yet another forced lie will trigger us on /pol/ I can see hohol graveyards spreading as far one can see to the horizon, and 20 videos a day with people being kidnapped on the street. The best thing is, they started to do it in western ukraine where the tiny minority know as true ukrainians reside amongst jewish masses. Here to another 800k dead hohols!",1.0
"that's a stupid lie though
Why? Because it tells you how things actually are?",1.0
"didnt read 14-1 lol
reply again while seething
someone had asked for those russian whores getting droned, here is one proof of at least 1 assault pidorashka",2.5
maybe that's just some chechen's personal twink?,3.5
Gonna need some artisanal sourdough STAT,1.0
"2 years after bakhmut's downfall
still stuck right outside city limits
imagine how many ziggers died to get them this far",2.0
"Don't worry, a million more dead ziggers and they might finally have captured the entire Donetsk Oblast!",1.0
Ukranian men are so strong their body naturally grows metal parts out of blown off ones. Truly a master race,3.5
"Australia’s Victorian Government has set up a “machete amnesty” in support of disposing machetes safely from Sept. 1 until November, as the southeastern state becomes the first to carry out a ban on the weapons.
Machetes will be criminalized in Victoria on Sept. 1, following a series of violent knife crimes and home invasions.
Why is this happening, I thought when they banned the guns all crime would stop. Hopefully this ban will once and for all stop crime.
https://www.ctvnews.ca/world/article/australian-state-rolls-out-machete-disposal-bins-ahead-of-ban/",3.0
"gay commo state is whole country.
How's Nicole? Sell ay t shirts?",3.5
"I'll never fucking understand how they'll ban guns and knives for our safety, but not niggers and the Lebanese from coming in",3.5
"Reminder that the increase of machete attacks is due to Africans, Middle Easterners and Asians using them against each other. All these ""minorities"" just doing non-White things.",3.5
"lol, fucking prison island at it again.",INVALID
"They want to destroy everything, and a controlled demolition needs to remain controlled.",2.5
Lesbians aren't THAT dangerous.,3.5
I think we should burn down victoria. It is our version of california and holds no inherent worth,2.5
Counter offer.,INVALID
"Victoria also needs a sword license. Meanwhile in a less cucked state I can just buy them on the internet, no license, no permit, no nothing needed.",2.5
"Lol, what a bunch of cucks.
Tools will be next.",3.5
Why not just ban attacking people?,1.5
"Very sad, that's not getting rid of the problem, which are the niggers and dune coons that are pouring in. They need to be taken into the ocean via train. Stay safe aussie bros, it's always darkest before the dawn.",2.0
then they'd have to arrest the immigrants and aboriginals and that would be racist,2.0
"but not niggers and the Lebanese from coming in
Oligarchs in the west have themselves trapped in an increasingly retarded loop. They were ass blasted about the high labor value of the 60s, and have been desperately importing shitskins to devalue labor ever since.
They don't care about the crime, strictly speaking, they care that rising crime rates are making the native cattle restless, and they know that there will be ruinous consequences if whites ever take their countries back after what they did. So they double down, and just ban things at random to try and keep the imported shitskins from being too violent until they've successfully replaced the natives.",1.5
"why
Because you didn't hang them from lampposts when they very firmly announced their intentions c. 2020.",1.0
"I dont see why they dont just put a tax on it. Make guns like $10k and you must have either a job on $80k+ or own a farm to purchase them. Nobody with a spare $10k and a decent job is going to shoot anyone.
That way poor people/niggers etc. cant afford them but we can.",3.5
Western democracy on its best,1.0
"Make guns like $10k and you must have either a job on $80k+ or own a farm to purchase them.
That's essentially what the law already is mate kek",2.5
I'm eating like four swords right now (I'm Indian).,1.0
"When I lived down there and some people I knew took me to St Kilda ""beach"" I knew there was something wrong with these people.",1.0
"just tell the brush to chop itself
Australia is gonna fall apart once a lebbo hammer smashes a poofta",1.0
"This is what happens when you elect Karen's into government and they're kicked all the way to the top.
It is a tool you fuckwit.",2.0
"I think Bruce deserves the abo. I grew up with Euros and Aussies smugly dismissing Americans as genocidal because of their treatment of native Americans. Squigly down under. New Zealand also, fuck you. Enjoy your performative cannibal nigger dances in congress",2.5
Immigration really has the same symptoms all around the world.,4.0
gov's gonna force everyone to wear niqab so we cant know who's bludgeoning who.,2.5
Not even abo's were enough to warrant such measures. What kind of niggers on steroids are you importing? And more importantly: Why are you boating in niggers half the world away??,1.5
"Bin that knoif save a loif, cunt",1.0
"for our safety
""our"" means the kikes in power, not you and your family (they want to kill you)",2.5
"some people I knew took me to St Kilda ""beach"" I knew there was something wrong with these people.
what's there? is it full of druggies?",2.5
"TND, TKD",1.5
"Yes, this is brought to you by the logic of a woman. Ignore the root of the problem and ban a tool that can be made by rubbing a flat steel bar on a rock. Thank fuck I don't live there. I hope she gets stabbed by one of her pet niggers using a butter knife though.",1.0
Always more than one way to skin a cat,4.0
You can make a machete out of literally anything flat metal?,1.0
"They aren't getting my rambo first blood part two replica machete -they just aren't, i'll die before i give it up.",1.7
Let's ban niggers instead,1.0
So my trusty job mate would be illegal. Lmao what a fucking joke. I use this thing in the garden all day. It’s just a big sharp piece of metal on a stick.,1.5
Car springs have the best carbon content and you get a good edge.,1.5
BIN THAT KNOIFE,1.0
"banning machetes to address home invaders
instead of codifying castle doctrine into law
our kangaroo cousins are just as retarded as we are",2.0
Sure I’ll comply,1.0
AV BIN KNOIFED!,INVALID
"It’s fucking ridiculous to ban a tool that’s probably in the top 5 most useful tools in a place like Australia. What retards. People can just swing chunkhauls (hoes), spades, pieces of sharpened rebar. Whatever.",1.9
Pretty soon they'll ban butter noifes too. Lmao. Just Aussie fag things,3.5
soon they'll ban butter noifes too,3.5
"help a kot out, my blinis are dry",1.0
Look at that dangerous sharp.pointy butter noife! I will butter me toast and go strait to killin'!,1.0
"AUSTRALIA BANS MACHETES DUE TO RISING ATTACKS
Bicycle wheels are next",1.5
Will Australians admit gun control is retarded now?,3.5
"no, they will double down, triple down, quadruple down
until they are nigger poor, or become niggers
the state can replace the population with niggers
the state is very dangerous",3.7
"Well That would only make sense IF the government represented your interests, which it doesn’t.",3.5
Machete attacks will increase until morale improves,4.0
do people not go in the jungle anymore?,2.5
Because the purpose of the laws are disarm you in order to put you into even more danger.,1.0
surely the people breaking the law will follow this law,2.5
It’s called the bush you heathen,1.5
The state knows what's best for you and your family,3.5
"Nobody with a spare $10k and a decent job is going to shoot anyone
He he he he, ok I accept",1.5
"boomers outsourced everything
even thinking
fundamentally boomers do not allow themselves to think
it is not their job to think, they only obey",3.0
"Look at this smug boomer. Look at his shit eating grin as he picks out the one AR from the sea of shotguns.
I hate them so much.",1.0
"I have more guns than both of you combined, and only believe that gun control means using both hands.",1.0
This,INVALID
imagine the smell,1.0
Office jobs are adult daycare.,2.7
"Much to /pol/'s chagrin, the allegations of corpo jobs being a jewish daycare for women haven't yet been beaten.",3.5
6.5 hours of solid work thats not bad.. and probably way more than what you fucking neets do lol,3.7
"These clerical and administrative jobs are being decimated by AI. The boss would keep these girls around for easy sexual access, but that's to dangerous in the post-metoo era.",1.5
"She showed herself working. Her having nice things in addition to that isn't some kind of argument that what she's doing is inherently bad.
Don't be a crab",1.0
"The worst part is that someone in retail has more skills, responsibilities, and does more work, yet gets paid significantly less.
These girls should be making minimum wage.",1.0
"omg look at us Microsoft we so diverse
OMGGGG LE SOÔY BOY FACE LOOK AT OUR WORKER TIKTOK WE HAVE SO MUCH international diversity primarily focused from one country India so we have less caucasian white males and European descent Caucasian
Well that explains so much about every Microsoft product since Windows 7.
Don’t get me wrong nobody bitches about successful integration stories but one
1. Intentionally undermining American workers and wages by intentionally excluding them so you can replace them by same wage Indians who aren’t even fully tested to be equal skill (that’s the claim right)
2. The cultural issue where Indians hire other Indians so if the idiot jackass is hired he hires his idiot jackass relatives and they tank the entire department
If you know you have an issue and it keeps happening, my advise that in USA, this sort of issue ie jackass Indians fucking things up for other Indians doesn’t lead to well publicized incidents such as Boeing 737 aircraft crashing or sig gun misfires.",2.5
doesn't realize that he's an old fag thus thinks majority of people here are like his boomer ass but most are actually younger generation (mainly students) cause adults stop coming here if they are normal and have made a life for themselves.,1.0
Trump gave them half a trillion of government money. MIGA,2.5
why women always looks out of place working in tech?,4.0
"Solid work
I guarantee you that nothing she did was remotely important.",1.0
She eats too much,1.0
dont they do a wave of layoffs in the thousands every few months?,3.5
This is how /biz/s favorite shitcoin (chainlink) is operated,1.5
even the jeetas have lazy girl jobs. It's OGRE,3.5
"You're one of those boomers who stands around fucking talking all day and then shits on millennials who can't own a home for being lazy and entitled aren't you.
I work with like 10 of you. They won't retire, why would they. They'll hold the company to ransom until they die or they get a big payout to finally fuck off. And of course none of them will actually work, they're above that. They're Pseudo Managers now, imparting their decades of wisdom onto ungrateful young people.",1.5
the next depression is gonna be brutal,3.5
IT is a money laundering scheme.,1.0
"NOOOOOOOOOO A WOMAN HAVING A GOOD JOB? IM GOING INSANE AHHHHH
This is me but I arrive at 10 and leave at 5 lol. You could do this too if you werent a loser.",1.0
fucking useless it would be more productive hiring toddlers for fucks sake.,3.5
these are the people who force you to use 'allow_list'.,2.5
your guarantee means nothing. Do you think just anyone can get a job at microsoft?,3.5
No wonder windows sucks ass.,1.0
You're a useless faggot that will be replaced by another younger useless faggot in 10 years max and that's if they don't pay you off before that.,1.5
Microsoft only hires Indian women now?,1.0
"i work at a cemetery
i know about how dumb and lazy people are",1.0
I honestly couldn't work with these people. Even for a good salary.,2.5
"dead people just lay around all day
That's not very fair, anon.",3.5
"People that do ""day in the life of"" videos deserve the rope.",2.5
"mad
mad and boring
very mad and boring
do some work faggots. its always been a pyramid scheme.",1.0
You know what? I think I'll quit. I might try sitting on my ass for a while.,1.5
"You hate kike golem with no purpose in life? Theyre literal npc kike daycare money laundering conduits, you should!",2.5
"Do you think just anyone can get a job at microsoft?
no, only indians and feminist women",1.0
That is the single most accurate thing about blue collar work it’s like holy shit you got people in their late 50s and early 60s barely doing any work and being fat as fuck which THEY ARE ALWAYS FAT as shit and will take like 10 smoke breaks in a single day and look at facebook while they make a 20 something year old do the job of two people. It’s like hey if your doing a landscaping or a construction gig or some shit for like 10 years and your still fat as shit you don’t actually work at all. What’s more they will deliberately lie about whatever credentials they might have so because of these faggots states have had to put in fire-at-will policies just to counteract these entitled projecting pieces of shit so companies don’t get clogged with fat liars and sycophants.,3.7
for women and minorities: yes,2.0
"Nah, the ""work"" she does is thinking what she will eat the next break. Either that or just teams meetings where they talk about unnecessary shit.",1.0
you gotta plap plap plap plap until the whole room smells of curry,1.5
https://i.4cdn.org/wsg/1754006394796034.webm,1.0
"destroys your economy
destroys your civilization
Why?",1.5
She eats a lot huh,1.0
Attractive women shouldnt have to work,2.5
"For everybody, you fucking nigger. Office work is chimp work. It's simple.",1.5
"OP is a memeflag that
watches “my day” videos
downloads “my day” videos
uploads “my day” videos
on to /pol/
Stop replying to his threads
Sage",1.0
"starts at 10 am
fucking over 2 hours on lunch and “post-lunch chilling”
30-minute snack break after the first hour of work
so she worked like 5 hours max and I’m sure plenty of that time was spent taking selfies and shit
So it really is adult daycare, huh?",1.0
All women do is consume resources,4.0
"Yeah, I remember all those primitive niggers in africa sitting in their office, before the evil white farmers with their bad technology came.
WE WUZ OFFICE WORKERS N SHEEEIIIITTT
jump in an acid pool please.",1.5
"has 3 posters rent free in his head
Lmao stay mad. Learn what a day of honest work means faggot",1.0
"i thought she was going to show the white plate with the green garnish and scant food on it like all these women do in these retarded videos.
i'm so glad i have never used social media. i couldn't stand this poison being injected into my mind left and right UCK!!",2.5
"sitting in their office, before the evil white farmers with their bad technology came.
only way niggers have offices is if the white man build it for them.",1.5
"Whores like her(which I believe were part of the plan) justified 10s and 10s of thousands of layoffs with out anyone saying a word!
I hope tech bros don't get Luigied",2.5
"The worst part is that someone in retail has more skills, responsibilities, and does more work, yet gets paid significantly less.
People get paid for the value they create, not just for how physically demanding the job is.
Microsoft Corporation (MSFT) had a revenue per employee of $1.18 million as of March 31, 2025.
In fiscal year 2025, the revenue per employee at Target Corporation was $242.20 K.",1.0
Is that so? Please enlighten me with your inability to detect sarcasm.,1.5
Don't be mad just because you only now realised you're being put in daycare 9 to 5,1.0
Give it a few years these people will be replace by AI.,3.5
"And why would I be mad about it? If what you are saying is true, I practically have free time all the time with no work and a good pay.
Whats better than this?",1.5
"Reminder that if you use Windows you are an absolute retard if you're not using a barebones LTSC version downloaded freely, along with Office if you need it.",3.5
"For the mentally feeble? It's probably for the best.
I just enjoy creating things too much to take an office job though. No need for therapy when you can just point at a building and say ""yeah we built it"".",1.5
"Let them have their nothing jobs, let them feel like they're doing something important.
The collapsing birthrates are evidence that this entire civilization is fucking pointless if you're not a woman or a homosexual.",2.5
"break
break
1 hour of ""solid work""
break
break
all done for today :))",1.0
"still manages a fridge body with a droopy vagina in yoga pants
These tech girlies need to start exercising properly.",1.0
"12 hour day
4 hours of work
jesus",2.5
"Microsoft Corporation (MSFT) had a revenue per employee of $1.18 million as of March 31, 2025
not for much longer. 365 is the biggest pile of shit yet. costing my company millions a month in lost productivity. we have to send reports to an executive study group looking at ending the relationship. national telecom, one of the largest.",1.0
"get back to work asshole, break is in 30 minutes",1.5
"I work for a shitty company that uses spyware to track everything that you do, for a shitty salary. I know more about engineering than these women will ever know. I literally wanna kms right now, I make just 20k$ a year.",1.5
Insane shit,INVALID
"This. Whole office job at any position, low to high and pay doesn't really increase too , it's just slacking off drinking coffee or talking to colleagues.
You never worked in an office",3.5
I'm literally considering applying for work at a morgue. Shit's better than software and will probably get an equal or better salary.,1.0
"so americums won't give visas to hohol sluts but will gladly import jeetinas and guptas, interesting choice",2.5
"I work at a scrap yard, I make $50k a year
I would absolutely work for less if it meant work from home or only 40hrs at an office",1.0
Let's see the daily life of a person working for a Linux distro,1.0
wtf. how on earth can anyone complete any task with so many breaks in between like wtf.,1.5
"Things will only get worse until all the men stop supporting this jew femisist hellscape.
The era of violence is here, embrace is or be the target.",3.5
"Thessaloniki is a pretty good tech-startup hub for Balkan region, there are probably a few companies looking for high level engineer, should make minimum 40-50k$ a year",1.0
Pretty sure this fat pajeeta is getting deported this year. Byeeeeee,1.0
He is a jeet you retard,1.5
"I work from home but what is the point when you have software that logs every keystroke, records your camera and video etc. It's just soul draining. Companies have no respect for you if you're not a DEI hire, HR or a woman. They treat you like a literal mule, loading work on your ass till you crack.",3.5
"Your boomer boss needs to build a new bathroom in his 3rd house, so put in some elbow grease",1.5
I hope she get raped and her guts taken out using a rod by a Mexican.,1.5
"GET
BACK
IN
THE
WAGE
CAGE
DON'T
YOU
DARE
THINK
ABOUT
BURNING
DOWN
OUR
JEWISH
SLAVE
COMPANY
YOU
STUPID
GOYIM
GOLEM",4.0
"20k$
Why are you comfortably retard?If you worked for such company you probably know nooks and crooks of networking. You could quit, make an app and retire early.",2.5
"People get paid for the value they create
Haha",1.0
I don't have an EU passport so I'm pretty much stuck in this shithole. Cursed from the moment I was shitted out. Kinda wish I just died already to not endure this bullshit a moment longer. Situation here is so fucking grim regarding the job market that I can't even start and we have a huge inflation so prices are going up like crazy. Also burnt out and live in a shitty rental. Can't see things improving at any time desu.,1.0
"GET
IN
THE
WAGE
CAGE
YOU
DUMB
FUCKING
GOLEM
GOYIM",2.5
"These remind me of those no-show jobs the mafia guys get their people. They show up and sit around with their friends all day bullshitting, then go home. Must be a sweet gig.",3.5
"GET
BACK
IN
THE
WAGE
CAGE
DON'T
YOU
DARE
THINK
ABOUT
BURNING
DOWN
OUR
JEWISH
SLAVE
COMPANY
YOU
STUPID
GOYIM",3.5
"If you get a job it's not hard I think, you need to go and try. Getting a change of scenery is not a bad idea",2.5
"make an app
I love Indians really. Yes I could ""make an app"" but what are the chances of me losing money? 95%? I really should consider moving to India, much cheaper and an insanely good job market, I'd have no DEI hires to bother me all day with useless bs.",3.7
"You guys rip but this is what union jobs are like for people in the trades.
go to work
job brief
smoke break
breakfast
shoot the shit for an hour
install some pipe
smoke break
2 hour lunch
smoke break
watch someone work for a few hours
smoke break
day over",2.0
"Don't wanna dox myself but I know a lot of literally DUMB women who went with me to the same lectures on my faculty and a lot of them ended up at Google in Poland and Switzerland. Guess how many men from the same faculty got hired? ZERO - FUCKING ZERO!!! The DEI shit is actively destroying software. We're at a point where a bunch of tech/nontech guys working on FOSS are doing a better job than people ""working"" for 200k$ a year.",3.5
"Microsoft is huge because of their monopoly, not because of some vapid cunt sending emails all day.",3.0
"the little ratto
Kek",1.0
why are they all brown,1.0
"As I said, reason you are not there because you are comfortably smart/retard. Did you even try hosting a public webapp as simple as reading and writing simple jokes? I wanna support independent networks given how they are going to force every big players do KYC of users.",1.5
I started coming here when I was 34,1.5
"Diversity, Equity and Inclusion",4.0
there are people that unironically believe this is work / having a job,INVALID
"You don't realize who you are going against. US tech companies can afford DEI and hiring women that do nothing all day for 200k$ salaries because they are all (to the last single one) huge monopolies that get money at 0% interest from the government and from ((investors)). That's why the main goal of any commercial company is to get sold to larger ones. You cannot go head to head against these companies and come out alive.
Why not start by making a hiring platform that isn't 100% complete bs. LinkedIn sucks and is filled with AI generated posts and ghost jobs. Why does it allow companies to post these? Why can't I use my profile information to apply to a job and instead I have to use a CV? What the fuck is wrong with this economy in general, like if you're Gen Z it's literally over for you if you're a man.",3.5
At least she fucking does something you faggots can't get cushy jobs and are afraid of the trades the amount of cope on here is mind boggling,3.5
"I tried to apply for Microsoft but before I could click submit they immediately revoked my application when I checked ""White"" for ethnicity, when I checked ""Male"" a window popped up saying ""Work at Wal-Mart for minimum wagie""",1.0
"Last time I had a woman manager, she put the intern guy doing the senior girl's work. That girl passed all of her time in bullshit meetings just like the manager. That guy was an asshole too so don't really care that they made him the work donkey, but still. It's all bullshit busy work.",2.7
Yeah bro every single business in America is owned by Jews. literally every single one. Let's jerk off 3 times a day at our mom's house and show those kikes who's boss.,2.5
It's no coincidence these big techs can't do anything right anymore. Long gone are the days they innovated and could put out decent products out there. Nowadays they can't even get the basic features or a simple UI out. That's what happens when you replace your skilled workforce with DEI hires all across the board folks.,2.0
they are not free service they are scamming people since the beginning... they are scumbag weasel you cant even login your account without a certified big tech device. you get spied on evrything you do plus they hire foreigners first and try to genocide you with hiring the most wemen to do fake jobs...,3.5
Absolutely disgusting. Destroy everything about this society.,4.0
"Tradies are natural scammers and swindlers 95% of the time, very rarely have I met an honest one.",3.0
why are you nitpicking like a little jealous faggot,1.0
why would /pol/'s allegations of office jobs being adult daycare not being debunked cause distress to pol users?,2.5
"Bro, it LITERALLY is like this. White men are considered worse than the dalit tier people in India.",1.0
in any case the job she posted about is gone. these videos were pre pandemic and only a few were from 21 or 22. they've been replaced with all the videos of people getting laid off,1.0
"ive worked with disabled and my day would be basically get them material, give them material, sit next to the most isabled person in the room and tell him how well he is performing.
I think i peaked there",1.5
"That's all you can do, memeflaggots. Fuck your whore mothers you stupid Khalistani Paki Westcuck.
Death to Britain.
You literally have a BRICS ID shitskin larper, go fuck yourself.
I know. That's why you're getting replaced. You're falling behind because you can't adapt to brown excellent. You need to step your game up if you want to be a part of the elite human capital.",2.5
"These videos are just roastoids flexing on each other that they do no actual ""work"" and get a ton of free amenities at their offices",2.5
"good girl, go """"earn"""" that money so i can """"earn"""" my gibs",1.5
New Jeetcel thread just dropped!,1.0
remotely important,1.5
And fugly cunts should be beaten,1.5
brown excellent,INVALID
"9.00 reach office
9.45 start work
6.30 log out
tfw breakfast 6.30, reach wagie cagie by 7.30, start work at 8.00, work work work no lunch no dessert no chilling fuck you work, 21.00 log out
make probably 10% of what she makes
...mr bones I want off this ride.",1.0
"09:00 Reach office
09:05 Grab a Coffee
09:15 Breakfast
09:45 Start work -1 hour and 15 minutes of work-
11:00 Quick snack
Unclear how long snack time took, but considering coffee took 10, I'm calling it another -20 minutes of work-
11:30 Team discussion*
12:00 Focus work -1 hour of work-
13:00 Lunch
13:30 Dessert
13:45 Post lunch chilling
14:15 Back to work -2 hours and 30 minutes of work-
16:45 Small break
17:00 Snacks
17:30 Wrapping up the work -1 hour of work-
18:30 Logout
Between 6 hours and 5/35 minutes(*Depending on what weight you put on Team discussion) of work
This is on a 9 hour, 30 minutes shift. Or possibly 8 hour 45 minute shift depending on whether she actually clocked in at 09:00 or 09:45.
This puts the effective working time during her in-office-hours at somewhere between ~64% to ~75%.
A far cry from the the common 8 hour shift with a 30 minute lunch that has an effective working time of ~94%.
Also, if you reply to this your mother will die in her sleep tonight.",1.0
"What the fuck do these ""people"" do
Be me
Finance bro
Get woken up at 6am because an excel sheet is busted
""P1 we can't trade""
Turns out a dip shit junior accidentally deleted a formula. Fucking juniors
7 am, commute into the office. Finish off some work from yesterday
8 am until 12 pm, try and workout why a linear program isn't working correctly.
12pm-1pm, lunch
1pm get yelled at by a desk head because his shit isn't fixed yet, try and explain that we're chronically understaffed.
Get told, and I quote ""I don't care, sort it""
2pm-5pm, continue bashing my head against a wall.
5pm commute home
9pm, get yelled at again because aforementioned linear program has throw out a number that's well off market.
10pm, go to bed
This is a representative day. I hate my life. Why can't I be a foid on TikTok, and just a have a cushy job at MicroJeet.",3.7
all of these are gone now that USAID is dead,1.0
"Read the book bull shit jobs, 90% of this pajeets are H1B padded visa jobs who are doing nothing but invading America and nothing else.
All she does is fill a spot to make the company looks bigger, she does absolutely nothing productive",3.5
Makes sense. This is how they are in university. Can't demand with a ladle if only a spoonful was given.,3.5
Which internet brigade you work at? Just save some money and get a truck driving loicense.,1.0
"I work as a lineman/telecom support engineer (My schedule revolves around fixing issues revolving around telecom in schools and gov buildings. Fiber, cat6, server issues, cameras, LPR's, etc), so here's my schedule:
5:00 wake up
5:40 Shit, shower, shave, and drive to work
6:15 Get to work, clock in, and start setting up the work truck for the day according to my schedule
7:00 drive to site with short stop to get a little brekkie
8:00 get to site and start working
12:00 30 minute lunch break. Bring my lunch and so does my buddy, so we sit in the truck and eat
12:30 back to work
keep working from 12:30 - 16:00 on average.
17:00 get back to warehouse and clean up all materials out of bucket truck
17:30 finally clock out and head home or to the gym
So I actually work from 8:00 - 12:00, and then 12:30 - 16:00",1.5
im so glad 99% of office cuck jobs will be AI automated in the future,2.5
"Dawg wtf. I've already been at home, after my 8 hour workday mind you, for 4 hours by the time she's leaving work.",4.0
"web devs aren't real programmers
javascript isn't a real programming language
react users are subhumans
it used to be nerds, then psychopaths bought all the companies under false promises
then they hired their friends and kicked out a bunch of knowledgeable people
then they hired a bunch of women they wanted to fuck
then they decreased the nerds wages
now they are hiring 50 million indians in order to press wages further
so that they can hire more ""tech girlies"" that they want to fuck
but not to worry, theres other hosts, I mean companies to suck dry
consult the picture
the psychos will only start caring once the Chinese PLA starts going house to house to castrate them",2.0
"It's not internet brigade it's a shitty fucking MRI machine only like 2 other people want to work with.
I get almost 500 rubles / hour, yippee, I can huy latest triple A slop only after a day of working.",1.0
"gross browns handling all you food
No thanks",1.5
I want the FTC to crush Microsoft.,1.0
"Microsoft only serves finger foods, that’s interesting, the staff must not understand eating utensils!",3.0
what noteworthy buildings have been built in the last 10 years? you build slop like everybody else,2.5
jews create fake job to keep females from having children,3.5
That's disgusting.,1.0
Welcome to Black Mesa research facility,1.0
She should eat fewer snacks.,1.0
Yeah we already have a term for this: jew daycare. Kike daycare when in polite company,2.5
Just let her eat herself to death. Fitting cause.,1.5
"9 to 6:30
almost 10 hour shift
sure half of that is break time but if you're wondering why no one is having kids, this shit is it.",2.5
"Nah your bean counting is a skinner box to keep you docile
Buildings serve a purpose. Keep coping faggot.",1.5
lol more work than i do at my job,1.5
The fuck are they even discussing in those team meetings?! That doodles looks like something a kindergarten kid draws to mimic an adult,2.0
She's likely in violation of her company's social media policy.,1.0
"I bet a sweaty nerd can complete 4x as much work, but also need 4x sandwiches.",1.5
"People get paid for the value they create
Loooooooool",2.5
"Men break their backs to maintain and build infrastructure while making peanuts.
Women sit in Jew daycare and make a ton of money. Thanks for playing you got cucked and humiliated.",2.5
you hate who? Microsoft? Software Engineers?,2.5
"nah it's free advertising to potential employees
look at how little work we do and all the free food we get. Come work for us!",1.0
"I work 9 hours a day with a bunch of flips in a hot ass manual labor job, and I bet this bitch makes 4x as much as me. Riot when?",2.5
she's also 4x your IQ so she's paid what she's worth.,1.5
"I'm literally considering applying for work at a morgue. Shit's better than software and will probably get an equal or better salary.
lot of on the job sexual opportunities also",1.0
"fat
cargo pants
shitty loafers
constantly eating
bragging about having no life except work and ending your work day at 18:30.
Absolutely totally dystopian.",1.0
"Why are you up at 5am if you haven’t been neeted?
I am Sir Dodgealot and i do bugger all. I’ll go to bed about 9am. Or w/e. Don’t really care i do as i like. Been playing tainted grail. Getting good at two handed swording. I am a neet of kamalot.",1.0
"I noticed how she works for like an hour each time before she goes off to do something else.
idk about you guys but it kinda takes a while before you're entering that 'flow' which is when your real productivity kicks in because you got everything figured out and all warmed up. To constantly break your work-mode cant be good.
Also... she had 2 hour lunch break lol",1.0
"Merit does not equal IQ tho.
She most likely have a phd in some sort of administration or marketing related field w.e
If shes from muttmerica, then she probably have debt to the fucking ears from college.",1.5
"4x your IQ
You meant 1/4 pajeet faggot.",1.0
"Meta just paid a 24 year old AI genius $250,000,000 in compensation. Giving some piece of pussy $150k/yr to look good and improve corporate diversity quotas is nothing to them and a win for everyone",2.0
"judging from her ""work"" she replies to forum questions with microsoft articles by copy and pasting, or replying to emails with flowery words.",3.5
"ending your work day at 18:30
To be fair, the bitch didnt start working until 10.00.",1.5
"Why are all of these about consoooooming? do women just qualify all milestones of a day based on their meals / drinks / consumables?
Do they ever go into detail about ""work"" or what?",1.5
"So that's why it sucks more and more, it's full of jeets",1.0
"I guess college isn't a meme and you're gay.
even pajeetas are living better than me while I slang zaas and do basically nothing else
Kinda lame, white-boys. Get your shit together.",1.5
"why WoUlD a CoMpAnY vAlUe ThEiR nOn-WhItE eMpLoYeEs?!
I love how easily minority excellence breaks entitled wypipo.",1.0
Jew daycare for girls so they don't start families.,3.5
and somewhere in that office is a white male who does 99% of the actual work but gets treated like shit,1.0
she didn't do any work. she's just pretending to code. no way she can actually code.,1.0
"I guarantee you that nothing she did was remotely important.
she probably cant code but is reading incoming github commits and saying ""so i see here in this thingy you typed the word ""blacklist""? that's bad beacuse its racist against black people. i dont know what any the rest of this is but change that to disallowList""",1.5
"spyware to track everything that you do
fuck I'm glad i run my own small consultancy",1.0
Women are not Indian!,3.5
Meanwhile at actual Microsoft HQs,3.5
"coffee, breakfast, snack, lunch, dessert, post lunch, A SECOND break, snack
So basically 2 hours of work.
No wonder USA is going bankrupt.
Paying women 8 hours for jew daycare for 2 hours of work is not profitable.",1.5
"10 hour workday
nah I'm good",1.0
"Since when is coffee not part of breakfast,",3.5
This is Microsoft Hyderabad office.,2.5
"That's why inflation is so rampant and unavoidable. These people (?) are given loads of money to spend, but they don't produce anything of value.",2.5
Kike nose,1.0
"So here's the deal with Jeets, coming from a former Microsoft employee in Bellevue.
Once they get into a position where they're allowed to hire other people, they only hire from their hometown region and caste or above, then if they can't do that they only hire from their caste or above, then if they can't do that they only hire other jeets of any type available.
HR knows this and once they've only chosen jeets for the last 5-6 hires, HR comes and talks with them, they hire a shaniqua or blue haired girl or some other minority then go back to hiring only jeets.",3.7
"HR is a bunch of female wastrel harpy diversity cult members that make rules they don't have to follow, while making obscene salaries for companies they produce nothing in. Bullshit jobs need to do! DEI is destroying the work force.",2.5
"Pajeet daycare
Im guessing most of the work is done by people WFH that are most likely just working 4h a day anyway.",INVALID
"Another day, another escalation
- Neighborhood hoards pudding deserts after truck crash, helping the trucker cleaning up after the accident
- Luigi’d US Jewish CEO of BlackStone BREIT Wesley lePatner responsible for buying up housing in the US and making it unaffordable. Same strategy applied here in Europe, €800m of housing in the Netherlands was bought up in 2019 by BlackStone
- The powers that be lost control of the youth and now they trying to censor the internet with mandatory id’s and banning
- Midden-Delfland ‘accidentally’ published private information of people that were against asylum center
- 6 year old attacked and dragged away by wolf, was found alive with bite, scratch and claw marks
- Rotterdam has a junkie problem again
- The AIVD lists Israel as a national security threat in new report
- There is almost monthly a protest against asylum centres
- The digital cancer euro wil be obligatory in supermarkets next to cash and pin from 2029
- Els Rechts is organising a ‘protest’ on 20 September
- Justice, courts and lawyers raise the alarm: the rule of law is in danger of collapsing
- 78% worry about money according to poll, destroying the narrative that ‘we have it so good here’, children are literally sleeping in cars and garages now
- 18% is for over throwing the government system, 6% even thinks violence is allowed. We know now that: Violence. Works",1.5
Goedemorgen.,1.0
Previous threads:,4.0
hanlooo,INVALID
Kanker!,1.0
Er gebeurt niets.,INVALID
"Par mujhe dusron ki biwiyaan/girlfriends zyada pasand aati hai.
For example, picrel:
Agar ye ladki mujhe kisi road par akeli chalte hue dikhai deti, toh I wouldn't even bat an eye. 2 sec ke upar iski shakal ko mai nahi dekhta. Like, I wouldn't even register her presence. Bahut hi ordinary, seedhi-saadhi, simple si dikhne wali ladki hai. Totally not sexy or hot or someone ""very beautiful"" looking. Totally forgettable face and looks.
Just because ye kisiki biwi hai, ye koi model dikhai padti hai, aise lagta hai isko paana bahut mushkil kam hai (lmao it's not, she's very very ordinary looking, normal ghar ki ladki types)
Kya ye phenomenon isliye hai kyuki mai bahut bada madarchod hu ?
For example, mujhe dusron ki biwiyan hi nahi, dusron ki sari cheezein bhi pasand hai. Agar kisike pas ek t-shirt hai, jo same market mein bhi milta hoga, toh mai chahunga mai uss aadmi ka t-shirt chori kar lu, rather than go and get myself a similar t-shirt, even if it's getting sold for free in the store.",2.5
"MiSHITa
lul",1.0
Why do people here desperately insist they're white?,3.5
"Some are. Most aren't.
Argentinoans and some Mexicans are nationality only and come from cool places like Ireland or Germany.",2.5
"they are white, here is a latina from peru",2.5
"Serious question: Why would anyone actually want to be White? I'm personally very fine with being brown Cambodian, and best part is my race is not weak and bossed around by women or Jews because they're too cowardly to upset anyone and take a side",1.0
100% pure moroccan blood.,1.0
"Why do people here desperately insist they're white?
nobody gives a shit about being pigskins other than argentina, some Brazilian, and cuban faggots",3.5
Reminder: Latin comes from central Italy. Mestizos come from conquistadors and savages. MESTIZO AMERICA.,1.0
"Many actually are, there's lots of whites in Mexico, costa rica etc",3.5
"Here comes the mental gymnastics, as expected
No, people whose four grandparents all come from Europe don't count as ethnic Latin Americans regardless of where they are born. ""White mestizo"" is an oxymoron. It doesn't exist.",2.5
because no nigger wants to be a nigger.,1.0
"We recognize that you are currently being used as biological weapons to replace superior, civilized beings on this planet. Your lack of guilt, shame, morals, and sense of civic duty, and most of all lack of a true human soul or divine spark, are at this point an advantage. You see the civilized peoples of the world (Whites and East Asians) looking inward and lowering their own birth rates. You see these higher people respecting the laws and customs of other nations (even your worthless places of origin). But jeets and blacks only care about spreading everywhere, no matter how much of a detriment you are to everything and everyone around you. Like locusts, all you do is roam and destroy.
Using the technology civilized humans gave you, you invade our homelands and suckle on our generosity until you're strong enough to eradicate us. Because Jews have lulled Whites into ""turning the other cheek"" forever until we're extinct, you'll probably succeed and be the only.... things... resembling homo sapiens left in a couple hundred years.
What then? You think you'll reach the stars? Liberate yourself from Jews? Invent fucking anything at all? You aren't capable of transcendence. If alien civilizations ever do reach and catalogue the ruins that becomes of Earth due to the scourge of brownoids, they will look upon this planet with wistful regret. Humans could have become something truly special. Mastered the cosmos. But the lowest lifeforms, barely qualifying as Homo Sapiens, somehow outcompeted the ones with promise, dooming Earth to live in literal shit and squalor, forever. You'll all starve to death as you try to figure out where the poop goes and where the food is without Whitey or Chang's help.
And this is what makes you proud to be a brownoid. You're the loser at a party who most people didn't want to invite, but some chick felt guilty and let you in to shit the place up.",3.5
"tl;dr
fuck you and your d&c, heeb",3.5
bump,1.0
why don't all women look like that?,2.5
"I’m sure the area between her asshole and fuck-hole is the best-smelling indeed. It almost always is on a girl.
You get the nice, sweet scent from her vag-hole mixed in with that wonderful, musky warm aroma from her anus, topped off with just a hint of that salty goodness of her sweaty taint.
You know you’ve got a keeper if you can detect this magnificent fragrance.
The back of my mouth tingles and puckers like I just sucked on a lemon when I smell this. It takes everything in me to not give it a lick so as to not ruin this symphony of a stench.",1.5
"This scent can only be accomplished by European or East Asian stock. Brownoids smell, look, and act like shit.",3.6
Whites are the only people that have trouble reproducing,4.0
Or the entire planet will be destroyed.,3.5
Denounce the Talmud and say Christ is God you stupid kike.,2.5
I denounce all Abrahmic faiths,1.0
thats a man.,1.0
Crucify me,1.0
Crucify me. Let me get satisfactorily drunk first. I do not want to be here,INVALID
Crucify me. I'm age 33. Same age as Jesus's death. Send me out,1.0
I caused more problems than I fixed due to my human inexperience. Send me out.,1.5
"denounce this jew book then worship this jew from this jew book or else you're a jew
good grief",3.5
"You’re the JIDF mossad parasitic Kike from the other thread bro Hahahhaha this guy
Represents what most of you jewish faggots look like irl. Lol go repent from sucking cock to your boyfriend you nasty sodomite faggot",3.5
Ignore OP,1.0
I wish there was no sex/gender and everyone looked like ethereal angellic twinks,1.0
"whatever. no one ever wanted me. no one ever loved me. just take it. you know what to do. just kill anyone brown and take the world for yourself
kill me
I wasn't good looking enough or healthy enough. I tried so hard and failed. nothing can compete with good genes",3.5
Explain this pics please,1.0
Try dying right now. Let go of the outside world. Let go of the physical world. Let go of yourself. You may discover something amazing. “Be in the world but not of it”,1.5
".....BUT IN THE END , IT DIDNT EVEN MATTERED!!!",3.5
"All religion is false. All of it is a form of control, and pushing culture. It is NOT real. They are parables ffs",1.5
mmm leather twink nipples,1.5
Jesus Christ is KING. Jesus Christ is LORD. Jesus Christ is GOD.,1.0
"I know everything. I only see darkness, like a Lovecraftian/Poe darkness. I never fit in and never got what I wanted. I grew up around gentiles and even the small selection of Jewish women around me are ashamed of me. I don't care. For all my posturing, I don't care what happens. Life just didn't happen the way I wanted. I'm very lonely and sick.
I want my grandma back. She was obsessed with me and loved me like no one else ever could.
I don't want to be here anymore. I don't know why it's so hard to talk to a woman you know and get them to help take care of you. Love is dead, I can't feel love anymore.",1.5
You are allowed to believe that.,1.5
do you know what the blackstar is?,1.0
"Abrahamic Faiths:
Judaism
Islam
Chrstianity
Freemasonry
Once these are destroyed, then all the Sayanim must be destroyed as well. There is no hope until this happens.",3.5
"I suggest you change your belief systems. Adopt a new view of your world that is healthy. Write down new healthy beliefs and read them daily.
https://youtu.be/2rbghTIJFhU",1.0
I think on earth you call it the “Soul”,1.5
what do you call it where you come from?,1.5
"Yeah, I was scientifically-minded. Penis size comes from the mother's father. I figured this out. In general it does. We could breed a new race of human that is not neurotic or discarded.",1.0
Regardless of what language we use its the same thing. Maybe the Force or the Subconscious.,4.0
do you have any derogatory slurs for homosexuals where you are from?,1.0
We view sexuality as a passing of active energy to passive energy. We do not really care about trying to suppress homosexuality but also homosexuality is not a cultural fad like it is on your planet at this time.,1.0
"I denounce all Abrahmic faiths
How very rules lawyery of you",1.0
"No0o0o0o0o0o0o0oo0o0o0o0o0o0o0
I will defend the feet washing jewish pedophile till I die!",1.0
on this planet the common derogatory slur for homosexuals is faggot and OP,2.5
"I see the world as dark and oppressive. Frankly I'm a scared little shit. It's not war and explosions that scare me. It's the silent understated ass fucking and rape and cock sucking, etc. that scares me. Immorality makes me suicidal. That's why I said to crucify me. I do not want to be here,",1.5
I'm 33. I'm sick. I'm the perfect age when Jesus died. Do it again.,1.5
Jesus isnt real my friend.,1.0
"Let me get really, really drunk first
https://www.youtube.com/watch?v=FfqrZvKI_1g&list=RDFfqrZvKI_1g&start_radio=1",1.0
"You can talk to him and say he isn't real and call him a friend
https://youtu.be/FfqrZvKI_1g",1.0
You’re asking me for a solution to your problem and im giving it to you. Jesus is not real.,2.5
"Bro, I don't know how to tell you this but I am tired. The only thing I have are hollow threats. You have the freedom to say something so patently absurd and no gentile comes to my defense. I don't care. All I wanted was a wife and two kids and I steamrolled into the Messiah delusion. I really, really have to get out of here. There is no purpose to life. None.",1.5
"Kike thread, but ideally they'll destroy each other and the resto of us can start being a civilization",2.0
So leave. Die right now. (Let go of the physical world),1.0
I hope you do win. Jewish women abandoned me and I can't find a mate. I just want you to find the happiness I couldn't,2.5
"All will soon bear witness to my ascension in time. These lifetimes I have spent incubating and collecting my pantheon, growing in strength and securing my path to akashic records are soon ready to bear fruit.
Yahweh will relent the throne of Saturn to me, and the new world will rise. A world of magic, of wonder, with gods whos hands are not stayed and men whose deeds surpass the superfluidity of their bodily forms.
Heaven upon earth to all of you anons, and glory to mankind.",1.0
Are you that schizo guy who lived in the woods?,1.0
https://www.youtube.com/watch?v=MyxsPHWSxlY,1.5
Probably the least specific statement of all time. No i dont live in the woods.,2.5
"Orthodox Jews expect a Mashiach, but I don't want to do it. I don't want to accept the title. The world should be done without a Mashiach. But remember me as a wild person who was all over the place and could do anything. People have egos and they feel hatred towards a Mashiach. It just doesn't work. The only way it works is by the Mashiach pressing down upon everyone else using force like an authoritarian, which will make me more hated, and that's not what I want to feel. I just wanted a simple life with a wife and two kids with high school lovers.
I'm all over the place because I don't know how to keep it together. It's time for me to leave. The Jews can find another false Mashiach and make it work well enough. I'm just too weird.",1.5
I'm 33. It's time to crucify me before it's too late,1.0
Or to make it simple you can shoot me in the head,1.0
Nobody cares about you.,1.0
"I know. I live in a fantasy world where women come to me and get on top of me and I kiss them all over slowly while unclothing them. Kissing them slowly and touching them, kissing their neck and their collar bone, going down and holding them around the waist and moving on top of them, and then kissing their vagina but never forgetting to go back to put my hand on their face and kiss them in between.
I'm a type of lover that can't be easily explained and the whole world is completely lost. I know no one cares about me. Someone else should run the show.",2.5
you could take vitamin d and b12 in large doses to treat your deficiency and not feel miserable all the time. You could read your hands can heal,1.5
Where is McQueer?,1.0
"The internet must be controlled with Digital ID
Then i prefer the internet to be destroyed
Same kind of dilemma
Destroy the planet faggot",3.5
"You win the twisting my words into absolutely nothing of what i said award, dipshit.",1.0
It's over. I was definitely something.,1.5
"There is no god
No jesus
No afterlife
No soul
Hell jesus never even existed as a living breathing historical figure at all
That entire story is made up fiction, there are no Roman records of any of this jew kike slop on a stick happening AT ALL
It is all made up bullshit used by kike deep state FBI and CIA agents to control you and keep you penned up on the jewish reservation
The FBI is hiring massive amounts of Mormon agents, because they believe in all this magic and spells and sorcery and voodoo and demons and witches and angels
ALL OF THAT SHIT THE FUCKING MORMONS BELIEVE IN!
So the FBI is recruiting these idiots hardcore
They believe in all of it, the fucking jew jesus and the fucking magical being god and the souls and the afterlife
FUCKING ALL OF IT! Hook line and sinker. Hardcore deep state levels of brainwashing. The Mormons WORSHIP KIKES!
Mormons worship kike jews like the jews are the Mormons god
it is creepy
I just cant seriously nelieve that you think a magical jew came and had such amazing super powers but could not even stop a roman from stabbing his bitch ass...olo lmfao like that is what you beg to grant you wished like a genie? LMFAO! LOL!
I have some bitcoin to sell you if you believe that slop lol!",3.5
After I'm gone history will look back and recognize me as this bizarre enigma that just popped up and went all over the place with opinions on everything. Never wrote a book but people will write new Gospels,1.0
Mighty optimistic of you to think society would last for that much longer....,2.5
"Nah, I won
Destroy the planet faggot
I won't bend the knee to faggots with tight skin-suits",1.5
"There is another Mashiach who will fix it. I can't really feel love anymore. It used to be a sensation one felt when you needed or were infatuated with someone. I can't feel that anymore. I have MS symptoms and fatigue. I'm so very tired and I don't need to be here.
Like I said, history will look back at all my posts and aggregate them and analyze them and they will have a recreation of the Gospels in modern words. I don't want anything, not money not power, not anything at all. I'm a waste of space as a Jewish woman called me.",3.5
Fuck off elf niggers we dont want your reindeer piss,3.5
"GOOD
I shit i realized that i had those trips",1.5
"Oh shit*
checked myself tho
33
666
fuck fuck fuck
i jinxed us all
GOOD",1.0
"or the entire planet will be destroyed
That is YHWH's plan. He wants total control of all of creation, for he is jealous of it. Armageddon is the ultimate human sacrifice, to cement his rule (and thus the Jews') over the planet, so that none can ever challenge him again. Muslims and Christians are being baited into it.",3.5
"When you die you rot into dust, all of your posts will just fade away into the ocean of piss...no one cares...no one is even looking...we are just floating randomly out in the dark of nothingess...there is no soul, no afterlife magical fucking cloud.
But death is not something to fear.
We return back into the black nothingness we came from
No more pain, no more love, no more memories or dreams, hopes, goals...just...nothingness...blackness....endless sleepless dream...as that is all this ever was to begin with anyway...just a lone sound wave flying randomly through the vast nothingness...slowly spreading out into the void of vastness...",1.0
"That is YHWH's plan.
I said all Abrahamic faiths must be destroyed. You continue to speak in an abrahamic fashion.",1.0
"2 more weeks
stand by and tune in and drop out goyim golem",1.0
"I want my high school crush to come in to me and stand over me, and then her get on top of me and kiss, and then I take off her clothes while wrapping my hands around her body, and touching her neck and face, and then kiss her chest and neck, and grab her butt, and kiss her forever.
But I have MS and it's going to get worse. I will probably be in a wheelchair. Life is suffering and it never is good. God is just the guy he is. I'm nothing special. I wanted a lot of things but I never got them. I never got anything",1.5
Mhmm. Just like you keep saying about your life creeping towards the grave.,1.0
"I want my high school crush to come in to me and stand over me, and then her get on top of me and kiss, and then I take off her clothes while wrapping my hands around her body, and touching her neck and face, and then kiss her chest and neck, and grab her butt, and kiss her forever.
But I have MS and it's going to get worse. I will probably be in a wheelchair. Life is suffering and it never is good. God is just the guy he is. I'm nothing special. I wanted a lot of things but I never got them. I never got anything..............",INVALID
You should probably just end it,1.5
"I need to get out of here, bro. There are almost no women that I like, and to that extent I just have no meaning here. I have some that I would want to be a partner of me, but now I'm sick also, and it's just all pointless. I never got anything I wanted. Be very wary about worshiping the Jewish God. It seems like he gives everything to those who don't worship him, and then gives degenerative diseases to those who follow him but betray him a few times",1.0
"You're too used to being antagonized on here. I agree with you, idk where you got disagreement from that",1.0
Yea you should probably just end it,1.5
"I need a gun. I don't want to do it in a slow way like pills or car exhaust, but I'm a felon so I can't buy a gun. I get very paranoid about breaking laws but the only way I'd do it is if I had a gun
Everything you heard about the Jews and God's love for them was fake. They worship a fake impostor God that causes suffering",1.5
"They worship a fake impostor God that causes suffering
Yea. I Agree with you. Have you tried Satan?",2.5
I think I just called you a faggot in another thread. kys boomer you are a predictable cuck. I denounce the talmud btw.,1.0
"All Abrahamic Faiths must be destroyed. I am the Enemy of those faiths, or as they call me… Satan.
https://youtu.be/XxliskI7RWE",3.5
"It says in the Rabbi Rashi commentary that God crushes the Messiah with illness because the Messiah betrayed him many times. The only problem is that God would always deny me many basic things like love and affection. God is at best an asshole, and at worst a huge piece of shit who should not be worshiped. I know this all applies to me because I am technically the Mashiach (Messiah). But I don't care. I can throw it away just like I can throw away this fickle evil God.
All I fucking wanted was a beautiful wife and two kids and to live a happy life in the middle of nowhere, and somehow I got sucked into this madness and got shot down with multiple sclerosis.
I fucking despise people. I should have been given everything easily, but no, I was taken away from.",3.5
Try this,4.0
"What the FUCK IS THAT SHIT BRO?
STUPID FUCKING CUNT GOD
FUCK YOU BITCH
https://www.youtube.com/watch?v=6JlaGSOE4MY&list=RD6JlaGSOE4MY&start_radio=1",1.5
This place is a fuckin' SHITHOLE. I hope you fucking die. I HATE YOU,1.5
Wasn't it the goal of Karl Marx to end religion? You sound like a communist trying to be subversive.,2.5
"nigger nigger nigger nigger
I shit and piss on the Talmud
recommend religions to follow
none
I already tried nihilism and atheism. They're cringe.",INVALID
Judaism is genetic,4.0
"https://www.youtube.com/watch?v=3uZl5ySrslE
I FUCKING HATE YOU
EVERY LAST GODDAMNED ONE OF YOU",1.9
"FUCK YOU YOU FUCKING COWARDLY BITCH
COME HERE YOU FUCKER
FUCK YOU BITCH
https://youtu.be/3uZl5ySrslE",2.0
Oh you think you’re the Jewish Messiah. I highly suggest you kill yourself.,3.5
"Not going to happen
Destroy Earth in the next 48 hours or you have no hair on your balls",INVALID
"SHUT THE FUCK UP YOU DUMBASS FUCKING CUNT
I can pick it up or throw it away
Stupid fucking useless cunt. STUPID MOTHERFUCKER.
You're a stupid motherfucker aren't you?
Stupid fucking cunt",1.5
We are what you call fallen angels. We’re coming back in November.,2.5
"2 more weeks
https://youtu.be/3uZl5ySrslE",2.0
November? What's the hold up? Come destroy Earth now puss boy.,3.5
Have you heard of the ancient cataclysm?,3.5
Have you tried jumping off a tall building? Requires same amount of effort as pulling a trigger and same amount of courage. Possibly more. You'd probably get dizzy as fuck and just fall while passing out. Can't get much easier,1.5
https://youtu.be/3uZl5ySrslE,2.8
"Nope have you heard of my foot, in your ass? Because you will soon",INVALID
thats no biggie we just worship ishtar directly and return back to the basics of babylon. its time.,3.5
https://youtu.be/3uZl5ySrslE,1.0
"i denounce the torah
i denounce yaweh
i denounce christ
i denounce kikes
i denounce israel
death to all abrahamic demon worshipers
crossniggers tongue kike anus",1.0
"It is only through the mind program of judiasm, that an aryan and a half monkey could be sitting next to eachother",3.5
Feel better?,1.5
https://youtu.be/3uZl5ySrslE,INVALID
"I love him. I'm coming to Israel. I'm not giving up.
https://youtu.be/3uZl5ySrslE",1.7
Dafuq lol. That dude needs to get off the cocaine it caffeine,1.0
"Mashiach Ben Joseph
100% serious
Messiah ben Joseph's Role: Messiah ben Joseph is envisioned as a forerunner figure, often associated with the Tribe of Ephraim (descendants of Joseph). His role involves preparing the world for the coming of Messiah ben David and engaging in battles against the forces of evil. There's a strong emphasis on him being a warrior and potentially suffering or even dying in these battles. His death is sometimes seen as a catalyst or a necessary stage for the subsequent arrival of the final redemption.
The Resurrection: After Messiah ben Joseph's death in battle, Messiah ben David is believed to resurrect him. This act is seen as a key event in the Messianic era, symbolizing the ultimate triumph of good over evil and potentially representing a reconciliation and reunification of different elements of the Jewish people. The two Messiahs are then expected to lead Israel together.
https://youtu.be/G8yZr6U42lE?t=15",1.0
Nobody cares you mentally ill christcuck. Go and off yourself.,1.0
"Why is it that hindu religion, materially building giant statues and gather of indian community along the west, never get such attention? Never a thread about how hindu faith should be erradicated, how incompatible it is with the west. Curious.",4.0
What if I resurrect Hitler? Are you scared yet? I know I am.,2.5
"Jesus, once more deeply moved, came to the tomb. It was a cave with a stone laid across the entrance. 39 “Take away the stone,” he said.
“But, Lord,” said Martha, the sister of the dead man, “by this time there is a bad odor, for he has been there four days.”
40 Then Jesus said, “Did I not tell you that if you believe, you will see the glory of God?”
41 So they took away the stone. Then Jesus looked up and said, “Father, I thank you that you have heard me. 42 I knew that you always hear me, but I said this for the benefit of the people standing here, that they may believe that you sent me.”
43 When he had said this, Jesus called in a loud voice, “Lazarus, come out!” 44 The dead man came out, his hands and feet wrapped with strips of linen, and a cloth around his face.
Jesus said to them, “Take off the grave clothes and let him go.”",1.5
I don't want to resurrect him. Lmao. Too weird at a strange time. Doesn't work. I'm moving on.,1.5
Jesus Saves and will always be victorious.,2.5
My name is not Jesus. I'm Dylan. I'm the new Mashiach ben David. Reborn and reincarnated after I was killed. It should be obvious. Don't obfuscate reality,2.5
Scary as FUCK isn't it? I'm scared too. This shit is weird. I just wanted a wife and two kids and I got mixed up in all this shit,1.0
"HAHAHAHAHAHAHA
This shit is so ridiculous, but it's REAL! XD",1.0
I can't stop laughing. It's so funny bro. This shit is fuckin' wild. We got Trump in there. And then we got me sitting there suffering with MS and drinking myself to death just trying to get my dick wet attempting every avenue I know possible. This is fuckin' funny bro.,3.5
Denounce the Talmud and say Christ is God you stupid kike.,3.5
"Don't listen to them, bro. I'm coming to Israel but I'm held up. They just want to assert dominance over you by forcing you into a decision about accepting Christ as God while also forcing me out of the conversation. Lmfao.
This shit is ridiculous though bro.",2.8
"Seriously, I have lived in Kansas my entire life and I've seen the world grow stranger, and never again bro. This place is a nightmare. It's like David Lynch's Blue Velvet and it's never going to go anywhere. This place needs to be razed to the ground.
Never again bro. As soon as I can I'm leaving. This place has been a turbulent nightmare
Just nuke it",2.5
"Seriously, I gotta get the fuck out of here bro. It's just a nightmare. I prefer explosions to this everyday waking weirdness in bumfuck Kansas
Too many bad memories",1.0
"I'll leave and I'll go, ""what the fuck was that?"" :0",1.0
you sound extremely indian pajeet street shutter,2.5
These fucking Kansans suck the Trump cock. They can't get his cock out of their mouth. They just suck down the entire Trump cock and suck the balls. They're going to Hell. Stupid cunts. They sleep in their beds at night not knowing how stupid they are,2.5
Redpill me on Christianity and tell me which religion should I have.,1.0
https://www.youtube.com/watch?v=3uZl5ySrslE,1.7
Sounds good to me.,1.5
Is that some kike prophecy like a red heifer?,1.5
The jews fear TAD,3.5
Based and Galactic Federation of Worlds pilled.,INVALID
"Hey, I'm just gonna be honest with you bro. Most of your white people are just sitting there. They have no genuine beliefs. They just follow whatever the zeitgeist is. That's why I could go to jail as a Jew for being a Nazi, imprisoned by mostly white people, and not a one stood up for righteousness. You're a stupid cattle people and without Jews to give you a purpose you would fall into barbarism.
So dance you stupid fucking dancing monkey",2.5
Bunch of cultists tricked into fighting for what's right for once.,2.5
"ok i'm done. i'm gonna try to relax and eat something and go to bed and buy more alcohol in the morning. I need to get out of this town. I'm seriously going to have a heart attack by 40. Gentiles are just crazy bro. The more I think about it the worse it gets.
Closing out now. Goodbye",3.5
Ukko wills it.,1.0
"if you dont kneel to the desert you are jewish
this cope is so old its not even funny anymore
it is you who kneels to rabbi yeshua and his abrahamic desert bullshit.",2.5
didn't Christian values build the west?,4.0
"Talmud is reference in the new tastement, it's part of your religion.",3.5
"Me too. Desert tribe kookoo theologies and weird cults. To hell with th elot of them. I came alone, ill discover God and my own religion alone.",1.0
"Talmud is reference in the new tastement, it's part of your religion.
How, it was compiled from 300 ac onwards",2.5
Christcucks btfo'd,2.0
Compiled is the key word there.,1.0
"TRUMP THE PEDO RAPIST IS DESTROYING THE U.S. ECONOMY!
I CAN'T BREATHE!",1.0
I CAN'T LEAVE,1.0
"If Japan is such a shithole to live in where you work 24/7 and are treated like a dog, why don't you see Japanese women going to western countries to get hitched to a western guy? Not in the sense that it's happening now where an Asian guy moves his family to the US/Europe and the daughter grows up and marries a westerner in the country because she herself is basically a Westerner now. I mean in the ""passport bro"" sense that Western guys do, where they're from the West and live in the West, but try to get a more conventially feminine wife in Latin America/East Asia. Asian bitches from non SEA Asia are seen as extremely attractive in the West, so they'd have at least the same pull as a Western man out in East Asia. You'd think, given how shit society there is, that you'd see ""passport babe"" Japanese and even Korean, maybe Chinese women. Why doesn't this happen more often?",3.5
Japan needs more Indians,3.5
"Blah blah blah, no source.
Anecdotal bullshit galore.",4.0
Is that gross pajeeta implying that micks are white?,1.0
They are going to Australia in record numbers for Japan. Canada and UK as well. Most don't speak English which is why you don't get jeet migration numbers.,2.5
corporate bootlickers the country,3.5
"It's a welfare state, why the fuck would you move anywhere when you're given stable employment (fake work) and a pension? Even third world welfare states don't try to move anywhere and EA bitches were seen as trashy cheap whores until like 20-30 years ago after the magic GDP lines went up and they could afford to give their models plastic surgery and professional make-up teams. Also that woman is a swimsuit model named Saori Araki, she's filtered to hell and back, what a trash example of 'femininity'.",3.5
"They are going to Australia in record numbers for Japan.
I've heard of this, Chinese and Koreans doing it too.
Canada and UK as well.
Where?!?!?!?",3.5
Irish are the niggers of europe.,3.5
"It's busywork, corporate humiliation from the sounds of it. Literally just to fuck with normies and remind them of their place in the pecking order. I've also heard that if you don't bend over and take it, the company can literally sue you for all you're worth and blacklist you from the entire industry. It sounds completely fucked. I can't imagine being a woman and either having to do this myself or having to deal with a manlet chink husband who's working 24/7 and regularly getting cucked by his boss.",3.5
"why don't you see Japanese women going to western countries to get hitched to a western guy
They barely make enough money to survive while working 12 hours a day and barely have time to think, let alone dream of a better life.",INVALID
"You'd be surprised at how afraid of change people can be. Japan is safe, technologically advanced, and has yummy food. Getting foreign dick is nice, sure, but going to that effort is risky.",3.5
"This one's pretty easy to answer. Because Japan still has an orderly society, the Japanese are born into Japanese culture and only know how to live as a Japanese, so it's like a fish trying to live out of water, but more importantly, the language barrier.",3.6
Stop saving the thumbnail you fucking newfag,1.0
They don't marry westerners for passports like SEA whores. In fact they don't even to leave their country,2.5
"why don't you see Japanese women going to western countries to get hitched to a western guy?
Success and material wealth is really all the motivates their entire country, their spiritual system is largely ancestor worship. They simply do not know what else to live for other than keeping their deceased happy in their spirit world. That is the price of being a non Christian. The Japanese culture is the upper limit of a society that is honor bound and polite, clean and nice to be in, but filled repressed depression and spiritual emptiness and people funneling their purpose into material achievements. It is a honest expression of Buddhist middle road path. Make your family proud at the sacrifice of yourself, a tradition that carried them through the years of isolation. Today, they can choose either path but it will not be enough, because without Jesus you can do nothing.",2.0
"just move out of your clean, safe country into a shithole filled with feral niggers and browns
Genuinely why would any Asian woman want to do this? Western countries are fucking shitholes now, it’s easier for them to just import a White man.",2.5
But why wouldn't they? Pretty much any Western country sounds like paradise compared to being a wagey in Japan. And Japanese bitches have life on easy mode in the US at least. Flat 6/10s easily get Chad to commit. I've seen it many times (all home grown Asian bitches).,3.5
"why don't you see Japanese women going to western countries to get hitched to a western guy?
yen is shit
japs used to travel a lot but not anymore",1.0
Japanese women are so cute. They remind me of kittens. Cute and cuddly.,2.5
"why don't you see Japanese women going to western countries to get hitched to a western guy?
They're a first world country but they still love white guys. Simple as.",1.0
"I wouldn’t want a home grown Asian, I want fresh from Japan who’s been here only a few months, speaks broken English.",2.5
picture related,INVALID
"women arent the same as males they lack the passion for sex traveling thats not how their brain works
have u ever heard of a women that was passionate about anything
they are a narcissistic absorber of wealth even japanese women to a great extent
your assumption that they would inherently grow this desire is a fraudulent error based on your idea that they have a dick and actively seek the other gender proactively",3.5
"They don't care, Europe does this too but they have the decency to not pretend that it's real work. They take 5 hour siestas and phone in sick all the time because they're smart enough to know what's going on. Japanese on the other hand could easily do this, they're insanely unproductive in terms of value to work hours. They could easily just give out siesta and free time and collect money from the World Bank/SDGs like they already do, they also have an insane amount of prostitution so they don't need to worry about overpopulation since it's socially acceptable over there. Either way they're not going to pack up and move anywhere else because they don't have a skillset and don't know how to deal with a vicious market, I wouldn't move either in their position, it's not like it's easy to get a welfare job in another country.",3.0
"The point isn't to get Western dick, it's to use their incredibly high sexual market value in the West to get a Western lifestyle THROUGH Western dick. The goal isn't the dick, it's the lifestyle. If they were materialistic whores, you'd think they'd be passport babe-ing in the US regularly",3.5
Sao-chan is too cute.,1.5
"japan isnt overworked ive been there they invented the term NEET
they actually live in a place that is cheap and safe they can drink beer all day
in fact its the only place ive seen where local people are able to clown around for hours and do F all
only usa is overworked because the rent is so high
japanese go to work voluntarily to avoid suicide and are encouraged to work long hours when they dont have to
its a different idea entirely
actually they would stay in japan where its safe and the japanese have plenty of money too and they like their own food more etc
ur an retard",3.0
"I think you're a turkroach weeb. I know two people, one an ""English teacher"" and one a genuine professional going to work as a wagey, both white, both describing miserable work life balance and decency.",1.5
"cuz theyre making it up to feel special
a japanese person living in a safe prosperous place like that is just saying bullshit to give themselves something to believe in while living in a utopian society
fraudulent
americans go through genuine struggles japanese do not
so they have to tell you how bad it is
i know english teacher who gets his rent paid for and he collects nintendo switches and does F all
he plays WoW",2.5
"japan isnt overworked ive been there they invented the term NEET
they actually live in a place that is cheap and safe they can drink beer all day
this. japanese women are so happy, friendly and look super healthy which would literally be impossible if they were stressed, unhappy and overworked like the western kike media claims they are.
meanwhile, western women are fat and angry - obvious signs of a shitty, stressful lifestyle.",3.5
"Now post her without
dyed hair
fake eyelashes
colored contact lenses
2 kilos of foundation and blush
drawn eyebrows
lipstic
phone filters
plastic surgery",1.0
"ya americans are flight or fight you have to eat 400 pounds of greasy food or you wont be happy living in a multicultural society where the rent you cant pay for
in japan they have time to get their hair and makeup done for hours and wear fun costumes
isnt that strange",3.5
"It's also that cooming in Japan is simply much more difficult now than it was 10-20 years ago. Back then, if you were a JET teacher you'd be drowning in pussy, including from your students. Now it's tough, really tough.",1.5
"not being attracted to asian women is the first sign of being a homo. have you come out to you parent yet? you're gonna break your pappa's heart when he find out you're a filthy, godless fudgepacker.",1.0
The durr hurr work culture meme was always retarded when basic charts would tell you otherwise,3.5
It's funny Timmy pretends to like Japan because no niggers then seethe when they realize they're niggers compared to Japanese,3.5
"You're not attracted to asian women, you're attracted to the fictional image you have of them in your mind. Might as well go jerk off to anime.",1.0
This nigga has never touched a pussy in his life,1.0
Americans work longer hours than the Japanese and have no vacation leave. You are told lies about other countries so you won't rebel against your kike masters. The USA is a total goycattle dystopia.,4.0
"It's mostly genetics. Vietnam is half as fat as Japan and even India has a lower BMI. Pretty much all of Asia is not only significantly thinner than EU/US, but has always been even back in the 1950s, they store fat viscerally rather than subcutaneously. The fattest parts of the US are in the south where people work the least, it's not comparable.
He has a point. The models look like an entirely different species from what they look like without modification. This is like being attracted to neck elongation or some bizarre body modification ritual.",3.7
"It's mostly genetics.
ur cia dont respond to this normy bitch
""muh genetics"" has been an excuse for decades
skipping ur post mate with a statement like that",1.5
"I know you are fucking retarded. Japanese people are scared to leave their country. That is why only 17.5% owned a passport, retard. Asian people don't like to live in a country where they raise their child to become a whore and a criminal. Japanese people value their country and culture; they are not niggers, faggots, fatty boy and whores.",1.0
"you all don't know how nice itnis in japan. you are listening to some nigger English teacher complain. you come here get married, take a government loan for a company and open a business, they give you everything just so that you open some business , houses are crazy cheap outside of big cities, roads are beautiful, cars are cheap and very good, it is safe an dclean , having a family is awesome, you get money ($120) for every child you have and the third child (160) gets even more money . health care is cheap and ok, public transportation is awesome, flights are cheap , culture is awesome, festivals are great, food is one of the best on this planet, nature is everywhere, just pure joy",2.5
"But getting married to a young attractive virgin is very difficult there. I know, I know, just like every other Western country.",1.0
"i tend to agree but youre also leaving out the process of you moving there
u cant just instantly get a visa
you leave out the multi year process of immigrating there if u successfully did that or paid for your own education visa or whatever you did to allow to go there",1.5
Thai women (not the hookers tho) the normal ones are far superior to jap women its not even close. Jap women WILL NOT fuck you after having kids. They will age like milk and become a boring drain on your wallet before you know it. Also idk why op says SEA women are seen as unattractive incels and sex tourist invade this area constantly. Perhaps he meant south asians?,3.0
"It is. Otherwise you'd have a hard time explaining how modern Japan is less fat than Romania in the 1950s. Why the fuck would Asians who majority live in humid sub-tropical environments store fat the same way as Europeans? Especially northern ones that had to survive harsh winters, virtually all of Asia avoided cold regions like the plague.",3.7
"brown women are cheaper priced
on earth so you go to SEA as cope for being poor
its like if you bought the cheap beer at the store instead of a fancy wine
you still get drunk u got beer and sex but u have to do with a brown lady
and earth has priced this in already",2.5
"30% of Japanese jobs are shithole jobs. These women do try to escape and marry foreigners, but they usually can't speak English or don't live near where foreigners live.
60% of Japan is too high quality for people to leave.
Some high human capital leaves Japan because they are stifled there.",3.5
They only do this for white women lol but in reality every Asian that has been posted itt by the mentally ill Canadian has had multiple plastic surgery procedures.,2.5
"There are women who look this this in Japan, but Sayori is doing everything she can to fake the look. There's a type of face and eyes that goes with that hairstyle. Sayori has neither.",2.0
Not all of them are brown so you sound like a retard. Also either way youre race mixing so it doesn't matter.,2.5
"ohhh yes the big paradox, jews claiming that 60% of Young people are virgins, you claim that there is zero virgins crazy.
you can get a girl in her 20 here no problem
marriage visa very easy and you can do everything.",1.5
this foid uploaded a youtube video and she looks subhuman AF. turns out every asian woman uses filters on their pics to look more attractive.,1.5
"you can get a girl in her 20 here no problem
How",1.5
"it does matter east asian and SEA are a little different genetics and thats why japan is what it is today
cambodia cannot be japan its impossible genetically
so SEA is the poor mans cheaper version
im not saying u cant do it but its just priced in",3.5
"No it's piss easy to get in on a golden visa. Even without it, it takes 3 years tops on a Walmart salary, if you have a BA and have worked at Walmart for like 5 years you don't even need to enter the country or speak the language. Just apply for the visa and wait, you basically can't do anything in Japan apart from relax, if you have a marketable skillset it's hell because no matter what job you take there they pay you like a third of what you'd make anywhere else. Also there's no competitive market, basically you're on loan life support forever. It's probably a nice place to retire to, I know some trust fund kids and boomers who plan on living there.",3.7
thai women are the patrician's choice.,3.5
drink strong zero outside familymart and ignore them. they'll be crawling over you like ants at a picnic soon enough.,3.5
https://x.com/kawausosuki0513,INVALID
you come here and stay in the city for like a week. of course if you can't talk to girls that may be a problem tho.,1.5
drives white men to madness.,3.5
It doesn't matter either way not white. Also fuck cambodia im talking about thailand. The way you post kpop gooks and have reddit spacing is autistic btw,2.5
"Because, the Asian demographic in my town is literally 0.3% in a population of 2,700... And it consists of like 5 Chinese from one family and 3 Filipinos.
Though I do find many Asians quite attractive from Kazakhstan all the way to Japan and South to Thailand. I don't find Indian women attractive AT ALL.
I did make out with a half-Japanese half-Irish girl once at a party.
Funny post, but  and  are correct.
I actually don't blame black men for wanting white women, because they're basically trying to make a better gene pool for their offspring. Same goes for white men that go for higher iq Asians (like Japanese and northern Chinese).
The issue is a lot of this is fetishist garbage. Asian women that date white men usually hate their own race and white women that date black men usually hate their own race. And they usually fetishize shit like penis size.",3.0
"They don’t have to passport sis for a man, the men come to them.
You retards complain about western women being entitled but fall for the same tricks in the east just because you’re addicted to JAV.
Gaijins getting suckered into marriage by a mentally ill Jap woman happens is so common you’ll likely find a post about it once a month in the Japanese Language forum of your choosing.
Except here of course, what no accounts does to a nigga.",3.5
didnt read,1.0
"white women just need to stop getting fat, stop getting tattoos, stop fucking dogs and niggers and start being friendly and they would win. but they can't even do basic things to be attractive.
WMAF is the future.",3.5
"Americans have vacation leave, it's just not mandated by federal law.",3.5
"poor koreans are forced to try to go down and get a vietnamese or thai wife or philipino wife
if you live in a world competing with asians theyre the ones doing the price fixing on that differential
if chinese women go for a premium over thai women
which they do
white people arent necessarily involved but if you did have to take a wife and u had many options it would put east asians first above SEA for lighter skin and brain power vs SEA lady
ur kid will be half retarded if u have to get a vietnamese wife
thailand is all the same shit its not different from cambodia
if u have to have a SEA wife so what thats a compromise people have to make compromise",3.5
I have seen enough Japanese movies to know the Japs spend most of their workday fucking each other. Get on the train to go to work and they fuck. Get to work and fuck. Leave work to go karaoke and fuck. That's all those Asian savages do!,2.5
I applaud you for being the one guy here lusting after his own nation's women.,1.0
"forgot to hide your flag, cuckold",1.5
i'm a white anglo aussie farmboy sexpat.,1.0
It's all so tiresome.,1.5
"Hahaha, didn't have a single doubt about this
He looks nothing like the pic though, he's a fat old boomer.",1.0
"poor yellow fever loser: the post
also the girls such as in your picture isnt into westerners specially losers such as yourself",3.5
(you) don't faggot but they do,2.5
"He needs to post the full image. The fact that you have a problem with this tells me a ton of things, including:
You are vaccinated.
Did you take the time to learn what zero liability was? Before taking your shots?",1.5
Impreganted any?,1.5
"ching chong detected.
all your gooky girls want the BWC, ティミイくん",INVALID
they're honorary aryans,2.5
"Damn! It's true, women flocked to the filters. The crazy part is that most of them think their filtered photos are them, not the image in a mirror or reality.",2.5
"based japs love hitler. kikes seething and kvetching
https://youtu.be/okV6K-3K0eY&t=858",3.7
"It's literal gatekeeping, always has been, Japan is a paradise in comparison to most countries",4.0
You really are no different than a nigger,1.5
"you work 24/7
It's the image of Japanese workers in the 20 years ago.
Today working hours of Japanese is shorter than Americans.",1.5
"all these people have much higher life satisfaction rates.. and compared to the US they get like 2-3months of 40 hour work weeks to themselves. the equivalent to at least
im guessing that is like straight up like a whole ass month of vacation time.. and 2 months worth of just shorter work weeks.. like 30 hour work weeks instead of 40 (though alot of americans work like 60 now)",2.0
"no different
future hapa master race vs nigger mutt slave race",1.0
"If Japan is such a shithole to live in where you work 24/7 and are treated like a dog, why don't you see Japanese women going to western countries to get hitched to a western guy?
Yeah you do, that's how I met my wife",2.5
"How about you compare males with males, you dumb gooner?",2.5
You're talking about a society where one fifth of the women have done porn and half of everyone under 40 is still a virgin.,3.5
"australia is a anomaly in the world
even with all the girls wanting to go live there from asia you STILL dont have australian men with a price on their heads
and yet brothels u can go to pay $400 usd for women and males are still priced at $0
the only people giving money to males on earth is other gay men
women lack passion what youre seeing is in spite of the fact up against the grain a losing war
asian women travel to australia not because they have to or under any threat but because they randomly decided to",4.0
"Elliot Rodger was a good looking guy who knew what he wanted and took action.
He would have turned out even better if his dad wasn't a filthy jew and his mother wasn't a dirty brown seamonkey.",1.0
"lol fucking incel cracker in thailand who couldnt make it in america so he whines about ""western women"" fucking lol even.
even my brown mexican ass fucks white girls and i see the way you crackers look at me lol. small dicked cracker.",1.5
"that pic
Shitskins will hate whites no matter what, muh colonizashun is just an excuse",INVALID
"Elliot Rodger was an incel with a 3-inch penis who went on a suicidal killing spree
Ftfy. Keanu is also childless and his mother was a literal prostitute.",1.0
"Many would consider him cute.
He was just fucked up in the head, if he thought more normally he likely wouldnt have problems developing a relationship",1.0
"Go on date with Japanese bitch
mmm i don't like the fish here its disgusting, not fresh like Japanese fish
Mmm i miss authentic Japanese sushi, sushi here is fake, your wasabi is fake too
Your food is too oily and filling, too much i don't like this, she had fish and chips at the beach
where Japanese food i wanna eat authentic ramen and other Japanese food
huh you have karaoke, never mind its only Korean and Chinese karaoke, not the same as japanese, worse in fact
This is why you rape them",1.0
"she was probably right tho
japan gets first dibs on the good sushi and then ship it to you later on a plane
so whats wrong with complaining if shes accurate",1.0
You actually have very little knowledge about the region it seems like. Also odd that your flag keeps changing and reddit spacing. Are you some sort of glowie? You relate women to money too much. I suspect you had a rough go with women your whole life.,1.5
"shut up cracker, you literally downgraded and its people like you that shit on hard working latinos and indians, while niggers fuck white girls, i see the way you crackers in america look at me when i walk around with your women lol even.
small dicked cracker with a bug faced chink lol even .",3.5
"i understand where we are in the world from the growth of feminism worldwide
ive lived in thailand for 2 years
they even invented something called ""no money no honey"" theyre the inventors of that phrase
white tourists go there and without money you are going to be an incel just like in USA
if you bring money with you , you get to pay for their services at the market rates
theres almost no other things going on besides a situation where the women is banking on her future reward the guy has a good job so she doesnt take direct payment
a delayed reward
its proven in the fact that women expect a ring its built into the society that way
a ring costs like 10k outright
just the ring and then they want a house and buffalo etc
its a cultural fact what ive laid out",1.0
"No they didn't event that. I speak fluent thai. You're retarded lol
Dont care not ""upgrading"" to used up white pussy",1.5
"its a nasty fact of the brutal world we live in
you can either accept it or live in ignorance
the women are farming these white tourists for $$
using them",3.0
"It's just a fucking rice and fish, most jap cuisine is slop",3.5
"ALL white faggots are fucking retards. Everything you morons said in here illustrates how brainwashed and retarded you are. LITERALLY EVERYTHING
what you white faggots fail to realize is the fact that whites and kikes created unnecessary, arbitrary standards that retard the basic requirements for survival. They call this ""civilization"".
Correction, whites and Kikes introduced and forced unnecessary, arbitrary standards that UNNECESSARILY raise the benchmark for basic survival. It is retarded, but, this realization may only come to those who experienced life at its simplest at one point in their lives.
These same simple and basic requirements for survival, white and kike faggots are now seeking to pervert by making it the new craze and fad—""subsistence living"". They speak ill about ""undeveloped nations"" and immigrants, all the while seeking to monetize the way these people live, via creating fads. This is white IQ. The same IQ that gave the world Donald J. Trump and MAGA. You're a fucking moron
Wherever the white man goes, misery, exploitation and KIKES follow.
IQ is another one is that arbitrary standards and ""requirements"" that retards subscribe to.
Japan, unlike the white and kike system of debt slavery, actually gives back to its populace. With whites and kikes is a parasitic and rapacious system of TAKE TAKE TAKE TAKE. This is why cities kike NYC, LA and so on are such shit. They are set up by whites and kikes to parasitize the average. THIS IS THE REALITY. EVERYTHING else is retarded fluff by brainwashed white faggots",4.0
A bunch of Japanese women do. The problem is the language barrier. Most Japanese don't want to learn English past what they already forgot in high school.,3.0
Japanese people just take a nap under their desks at work. They spend as much time getting drunk as doing work every day.,3.5
"ya well american food is just hamburger and bread
its not a very complex food either when u think about it
the rice cooking and the amount of vinegar and type of vinegar and rice you use and temperatures etc
actually does make it more complex than the average american who plops a hamburger patty on the grill
it definitely takes more skill
and the fish does have to be good quality",2.5
she isn't that bad but i hate the deception,1.5
"are they really like this?
just as picky as western whores?",2.5
"that doesnt sound like pickiness to me that was organic quality control
the japanese lady probably had better sushi at a cheaper price back in japan
not like a white girl who wants the most expensive restaurant every meal in USA
she was probably assisting him",1.0
"whites and kikes
They did nothing but made money and subverted",INVALID
Asian women seem delicate and submissive but you will never find more cold hearted calculated cunts anywhere on the planet. Don't make the mistake of thinking you're going to outsmart them and get the upper hand either. You'll never see it coming when they make their move. Iykyk,3.5
That's china retard,3.5
"Japanese retards work like 4 times harder than Europeans yet their lifestyle is no where near as good as ours, i still like them though",3.5
"nah, it is picky since the guy is most likely paying
she should be grateful unless it was actual dogshit",1.0
she has other images. people post only that one,INVALID
"potato niggers
white",2.0
where can i watch this show?,1.0
"you are comparing peasants to rich girls
of course peasants who have been out in the sun all day aren't going to look like idols",1.5
"Africa is a shithole. African women go to the West and get hitched to a western guy.
Daughters of African immigrants in US/Euope grow up and marry a westerner in the country because she herself is a Westerner now.
African bitches from Africa are seen as extremely attractive in the West, so they'd have at least the same pull as a African man with White women.
African women are indeed the ""passport babes"" in the West.",3.5
"I'd rather fuck a man, in fact I already do that",1.5
"if you take the per capita income of america and any asian country
if white american girls require 1 million dollar net worth to date
you just factor that down a little bit to correlate to the per capita of japan
and it shows you how much you need to have a wife in that country
asian women are 40% less bitchy than white girls is what the math comes out to
50k per capita for americans and 30k for japanese
thats how you would do the math on how satanic the women will behave
youre allowed to complain if someone else is paying
she was helping you, lets find a more authentic better place",3.2
"here's what white people looked like in the 19th century
man they don't look like brad pitt and sydney sweeney",2.5
"dang, not only is she ugly but looks psychotic, good luck, weeb",1.0
An old photo of an ice cream vendor in the old city of Haifa in Palestine in 1898 before their ethnic cleasing in 1948 called the Nakba,1.5
"Church of St. Mary Magdalene in Jerusalem in 1890
This beautiful church is located on the slope of the Mount of Olives in the Garden of Gethsemane, overlooking the Old City of Jerusalem. Built in 1888 by Russian Tsar Alexander III and his brothers as a memorial to Empress Maria Alexandrovna, the church is built in the Russian church style with golden onion-shaped domes. The renowned Russian artist Sergei Ivanov (1864–1910) was commissioned to paint the monumental murals depicting the life of Saint Mary Magdalene. The murals were brought and hung in the church to commemorate Mary Magdalene.",3.5
"Oranges being packed in Jaffa before being exported to Europe in 1932.
Tissue-wrapped oranges were the essence of winter luxury. In the toe of a Christmas stocking, along with some chocolate, and shared in quarters at breakfast.",3.5
"Old photo for palestinian Christian family name Banoura of Beit-Sahour village in Bethlehem in 1889
Christians, muslims and jews were living in peace together before zionists took it all for themselves.",3.5
Old photo for Palestinian baker bread in Jerusalem in 1900,1.5
"Old photo for Palestinian women from Bethlehem
Show Palestinian folklore clothes in 1917",1.5
"Nakba
May 1948 saw the start of a mass displacement in which over 700,000 Palestinians were forced from their homes.
Over the course of the 1948 Palestine War, which lasted until January 1949, Israeli forces destroyed more than 530 Palestinian villages and carried out several massacres, killing some 15,000 people.",3.0
An old photo of Palestinian women from Jaffa wearing hand-embroidered Palestinian folklore clothing in 1910.,1.5
An old photo of Palestinian workers exporting Jaffa oranges to Europe in 1928,2.5
Palestine now,3.5
Famine in Gaza man made by israel,1.0
Palestinians dying of starvation due to the blockade,2.5
Hunger lines in gaza,3.5
Picture speaks for itself,3.5
Palestinian mother watching her child starve to death,1.0
Palestinian girls died of starvation and malnutrition,1.5
Mass graves in gaza,1.5
Palestinian kid shot dead after walking 12km to beg for food,1.5
"Jews were the original inhabitants of that area. This is proven not just by the historical record, but by the archaeological findings.
https://en.wikipedia.org/wiki/Gaza_synagogue",1.0
"Palestinians, jews christians and muslims, are the orignial inhabitants of the region who converted to different religions with time and history.
Ashkenazi jews come from poland, russia, germany... this is why genetic tests are forbidden in Israel",2.0
It was a shithole back then too by the looks of it.,1.0
Palästina den Palästinensern,3.0
how come they had to kill the cannanites ?,2.5
"Palestinians, jews christians and muslims, are the orignial inhabitants of the region
Jews can trace their presence in the region back 3,000 years, as a distinct ethnic group, and have maintained a continuous presence since then.",2.5
"I trust DNA, not fairy tales read
Judaism is a religion, not a race.",1.5
"Yes, ""Levantines"" is a nice vague ancestral term, and claiming uninterrupted inhabitation via ""descent"" from them is not the same as, say, the archaeological discovery of an ancient synagogue in Gaza. https://en.wikipedia.org/wiki/Gaza_synagogue
Nice photos though. We all love ice cream.",2.5
how come they had to kill the cannanites ?,2.5
"I trust DNA, not fairy tales read  (You)
Judaism is a religion, not a race. You can be jew in a perdio and convert to another religion in another",2.8
"Yeah, you said that already. Here to do same damage control with some old-timey black and white photographs, after everyone saw a fat Palestinian terrorist starving a Jew in a tunnel and forcing him to dig his grave? Good luck with that.
It's twisted how you guys parade around your children with pre-existing congenital diseases, and then claim that they're ""starving"". Even the New York Times published a correction.
https://archive.is/rhL6L
""An article on Friday about people in Gaza suffering from malnutrition and starvation after nearly two years of war with Israel lacked information about Mohammed Zakaria al-Mutawaq, a child suffering from severe malnutrition and whose photo was featured prominently in the article. After publication of the article, The Times learned from his doctor that Mohammed also had pre-existing health problems. Had The Times known the information before publication, it would have been included in the article and the picture caption.""",3.5
you deny there is a famine in Gaza?,1.0
"You deny that Palestinians are not exploiting their congenitally diseased children by claiming that they're ""starving""? There may be a food shortage, but all those photos being published and retracted in the press are of sick children, not starving children.
Why did the Hamas terrorist in that video have such a fat fucking arm compared to his emaciated hostage?",1.0
"how come they had to kill the cannanites ?
Why can't you answer",2.5
wtf we need to take 2 billion palestinian refugees now,2.0
Because he knows he lost the argument. He is diverting now pretending there is no famine in Gaza,1.0
how about you take all the jews and give them a state in the US?,3.5
"you disgust me and you are a piece of shit
Israel is using starvation as a method to ethnicaly cleanse palestine, to turn the population against each other in order to destroy them more easily, accusing one or the other to steal the food. Liars, manipulators and psychopaths. Your place is in a cell waiting for execution like in the nuremberg trials where some nazis were condemned for less",1.0
"6th century
Christians were there before
https://en.wikipedia.org/wiki/Church_of_Saint_Porphyrius",2.5
"I've proposed that before as well. South Dakota perhaps. We have two Dakotas. Fice our greatest alley one. Let them.own it like the Vatican as a state in a state and abandon the middle east.
This won't work because politically we want to own the middle east",1.0
"The Times learned from his doctor that Mohammed also had pre-existing health problems.
So it's OK to starve him ?",1.5
Hamas intercepts the aid shipments coming into Gaza: https://app.un2720.org/tracking/intercepted,1.5
There is no genocide in Gaza. But there should be.,1.0
"yes that is exactly what he is saying
He doesn't even realize his propaganda is calling for genocide and murder, their mind is so fucked up and twisted, they are monsters",1.5
He's not skinny because he's being starved. They cropped his normal looking sibling out of the photo.,1.5
"how come they had to kill the cannanites ?
Why can't you answer",1.5
Imagine all the cunny you could get in 1989 Palestine. They took this from us.,2.0
No idea. You tell me anon.,1.5
I'm asking you. You said they were original inhabitants. Why did they have to kill people living there if they were original ?,1.0
"the only ones intercepting shipments to gaza are the israelis, you are projecting, there was no famine in gaza before israeli created it. Nobody buys your propaganda, you have been caught lying too many times and your stories simply dont make sense
Social medias has opened our eyes and we can finaly see the truth now. You dont control the narrative anymore, piece of shit!",3.5
"The truth behind the viral Gaza starving baby photo: https://david-collier.com/the-truth-behind-the-viral-gaza-famine-photo/
He has cerebral palsy, and his healthy sibling and mother were cropped out of the photo.
Hamas pushed too hard on the starving baby campaign, and because they're tone deaf, they doubled down with a video of a starving hostage being given a can of beans by a fat terrorist.",2.5
"That's weird. The UN monitors the shipments, and they disagree with you. I wonder who to believe? https://app.un2720.org/tracking/intercepted",2.0
I'm asking you. You said they were original inhabitants. Why did they have to kill people living there if they were original ?,1.5
"At one hand I am disgusted by Israel action at the second hand Gaza is greatest demonstration of “fuck around find out”, because they bombed jews first, gloated about it and would do it again given chance.",1.0
what is your excuse for not allowing more humanitarian aid to gaza again ? they are waiting for months to enter gaza. afraid of a bag of rice?,2.5
"Is this why you go after UN Rapporteur Francesca Albanese, because UN agrees with you?
Lies lies lies, you are disgusting, is it in your religion? what is it with you people and that constant lies you tell? is it cultrual maybe?",1.0
Fat Hamas terrorists in the tunnels vs. the emaciated hostage they are starving. Where do you think all the food aid going into Gaza is ending up?,2.5
"Abraham was from Ur, and the conquest of the region is literally explained in the Bible. I'm not even pro Palestinian, but you're an ignorant dumbfuck lol.",2.0
"you are a despicable manipulator, psychopathic lying piece of shit",1.5
"They cropped his normal looking sibling out of the photo.
And you know this how",2.0
"He doesn't he is making this up to manipulate, spread propaganda and hide mass starvation and genocide to support the ethnic cleansing of palestine",1.5
"getting free food after murdering music festival goers, giving a dog a treat after it kills a kid.",1.0
"Nick undeniably destroyed Tucker.
Groypers - Too many to count
Con Inc. - 0",2.0
"Tucker Carlson - 1
Weird gay kid - 0
Ready for round 2.",1.0
Who dis,1.5
Tucker talked about him for like one minute and nick made a huge deal out of it lol,1.0
"Tucker and Candace talked shit about Nick for 10 minutes and Nick gave it back 10x. JIDF and CIA are losing their minds over a ""weird gay kid from Chicago.""
https://rumble.com/v6x2fjg-exposing-tucker-carlson.html?e9s=src_v1_cbl%2Csrc_v1_ucp_a",2.5
"Ffs just create a general so you fags can duke it out in one thread, I'm sick of half the catalog being about these two grifters, I don't care about CIA tucker and I don't care about the weird gay spic either",3.5
This fed only started attacking Tucker Carlson after Tucker started turning the masses against Israel. The more you notice.,1.0
Nah no one cares. Hes a fed or something. Everyone knows it and just tries to ignore him.,1.5
"no one cares.
Obviously you do.",1.0
"Nick gave it back 10x
yeah but nick suck dicks, he lost by default.",1.5
"gay fed vs gay fed
debates are jewish faggotry",INVALID
"gets called a little weird gay kid in his basement
never recovers from the truth",1.0
Im something of a trash connoisseur,1.0
"WANT TO KNOW WHY JEWS PAY SHILLS TO SMEAR NICK FUENTES ONLINE 24/7?
https://archive.4plebs.org/pol/search/image/139a5uMMrgdNBAYf8UtRYA/
BECAUSE OF THIS:
https://rumble.com/c/nickjfuentes
https://twitter.com/NickJFuentes
Con Inc CO-OPTS the Immigration Moratorium Position
https://rumble.com/v6un6hj-con-inc-co-opts-the-immigration-moratorium-position.html
Tim Pool is a FRAUD
https://rumble.com/v6u2uu5-tim-pool-is-a-fraud.html?
Conservatism is DEAD
https://rumble.com/v6ty8rr-conservatism-is-dead.html?
White People are DONE with Black Violence
https://rumble.com/v6sb2vf-white-people-are-done-with-black-violence.html
The Effort to Delegitimize Criticism of Jews
https://rumble.com/v6s6jv9-the-effort-to-delegitimize-criticism-of-jews.html
The PSYOP to Undermine the Mass Awakening
https://rumble.com/v6ryto7-the-psyop-to-undermine-the-mass-awakening.html
Jews HATE The Catholic Church
https://rumble.com/v6qb3bq-jews-hate-the-catholic-church.html
The Online Right Has Gone Full Circle
https://rumble.com/v5tt80e-the-online-right-has-gone-full-circle.html
Your Body, My Choice
https://rumble.com/v5na9cq-your-body-my-choice.html
Most Banned Man In America | Jake Shield's Fight Back Ep.9
https://rumble.com/v5d5kuk-most-banned-man-in-america-fight-back-ep.9.html
Most Banned Man In America | Fight Back Ep.9
https://rumble.com/v5d5kuk-most-banned-man-in-america-fight-back-ep.9.html
It's Time to Tell the Truth about Jewish Power
https://rumble.com/v4y2yc3-its-time-to-tell-the-truth-about-jewish-power.html
The Fake Controlled Right Wing
https://rumble.com/v4x1vd5-the-fake-controlled-right-wing.html
Group Chat Leak EXPOSES Jewish Bribery Network
https://rumble.com/v4wv6co-group-chat-leak-exposes-jewish-bribery-network.html
Nick Fuentes x Cheesur Stream
https://rumble.com/v4inuce-nick-fuentes-x-cheesur-stream.html
Nick Fuentes vs Gavin McInnes | Zionism DEBATE
https://rumble.com/v46ijyc-zionism-slightly-offensive-debate.html",2.0
"tucker starts attacking israel
the only j6 organizer who wasnt arrested immediately starts attacking him with rabid fervor
the more you notice",1.0
tucker called him an angry gay kid,1.0
Now I dont encourage homosexuality of any sort. But that's one bussy I often wonder must feel kind of good. I mean he is 1/4 beaner so I'm probably wrong. But imagine fucking him until he starts crying from the pain. Got a little pre cum going now.,1.0
Nick started attacking tucker awhile ago. Around the same time tucker started talking about israel,1.5
gay little weirdo int he basement,1.0
i have heard that he is a fag. you really can't be what he pretends to be and be a fag. it is an oxymoron,1.0
"tucker had a direct hit calling him a weird gay kid in his moms basement.
now groypers have been spamming pol for days trying to defend nick and saying he won.
at the end of the day i dont care",1.5
FUCK OFF with Nick Fuentes. He's a secret society member. And you are a vaccinated pile of shit.,1.0
Is there anything false about that statement?,1.5
"https://i.4cdn.org/wsg/1754252254803923.mp4
Evidence Tucker is a fed:
His dad was appointed by Ronald Reagan to lead the Voice of America (A CIA broadcasting outlet that ran anti communist propaganda in Cuba, Russia and Nicaragua) and was the longest serving director
His dad later was appointed to be a diplomat under George HW Bush
His dad later became President and CEO of the parent company of PBS and NPR (which receives tons of government funding)
Tucker said that he grew up in an intelligence family and down the street from the agent that helped overthrow the government of Iran in the 1950s
Tucker applied to join the CIA and was ""rejected"" (He was even confronted about this by Putin during his interview)
Tucker then worked for two decades for Rupert Murdoch owned Fox News
And just as a reminder:
Tucker said multiple times that he knew his dad was in the CIA (until last night where he lied, apparently he didn't know what his dad did for 80 years)
Tucker supported the Iraq war up until 2016
Tucker has repeatedly stated he disavows white nationalism
Tucker has repeatedly stated (even in recent weeks) that he supports Israel, loves ""the jewish people"", and is not an anti semite
In 2023 Tucker Carlson stated that ""White people becoming a minority in America is ""exciting"""" and that he disavows any ""nazi ideas""
Meanwhile, evidence that Nick is a fed:
He didn't get charged at J6, just like Alex Jones, Owen Shroyer, or 99% of the 100,000 people that showed up to support Trump
He says jews shouldn't have power in America
Israeli influence is declining because of the fallout from Oct. 7 and people like Nick and leftist youth as well. Tucker hasn't initiated a single idea to push against Israel. Tucker is just following the trend to try and maintain some influence over the audience and lessen the blow to Israel and the military industrial complex.",3.5
"Give Carlson a break guys, he didn't even know his dad was a CIA nigger until just a few days ago.",1.5
Yes. Nick doesn't live in a basement. All the rest is true he says.,1.5
"you're weird
you're gay!
tucker is brat
mossad actually thinks this is going to help them control the narrative
lol",1.5
It's not a basement Mom! It's my film studio!,1.0
gays are renowned prolific liars and story tellers,3.5
It's a bit basic but I saved it.,1.5
"Tucker calling him gay is kinda stupid. Dude's in his mid twenties. Is he supposed to be married already? If not, he's gay?",1.0
"he has never had a gf and is going to be 30 soon lol
either he is a homo or something is wrong with him",1.5
"either he is a homo or something is wrong with him
Why not both",1.5
Sounds like the average zoomer,1.0
"he use too before he made enough on his show to buy a home. He started in the basement.
the point is These two mainstream faggots move to alternative media after the base was told mainstream media cannot be trusted, they are chameleon grifters. Nick never moved like a rock the waves hit him he didn't surf the wave to ask the jew question. The base of republicans is disenfranchised people fucked by the system left poor. They attacked nick for being poor hahaha he didn't go to ivy leagues hahaha he doesn't live on any side of the coastal elite.",1.0
being gay is a mental illness. no straight man would follow a gay man to hell.,4.0
"KEEP ATTACKING NICK, I WILL KEEP DEFENDING HIM. HE WAS 6,000,000% CORRECT ABOUT KEKER CARLSON.
https://cozy.tv/nick/replays/2025-08-02_1
EyeNoseJewsAreEvil",2.0
"either he is a homo or something is wrong with him
theres clearly a lot wrong with nick kek",1.5
weird little gay kid innit,2.5
"he didn't even know his dad was a CIA nigger until just a few days ago.
Cucker is officially lolcow status. I'm actually stunned he thought he could get away with a bald faced lie like that on camera after his decades of experience in the media. What was this retard thinking",1.0
"weird little shill kike you are, amorite?
EyeNoseJewsAreEvil.",2.5
"Just get yourself an Asian QT3.14
They're sooooo much better than wh*te women
sooo traditional
sooo tight
they'll give you offspring that looks just like you :)",1.5
That's a SEAmonkey,1.5
"Because, the Asian demographic in my town is literally 0.3% in a population of 2,700... And it consists of like 5 Chinese from one family and 3 Filipinos.
Though I do find many Asians quite attractive from Kazakhstan all the way to Japan and South to Thailand. I don't find Indian women attractive AT ALL.
I did make out with a half-Japanese half-Irish girl once at a party.
Funny post, but  and  are correct.
I actually don't blame black men for wanting white women, because they're basically trying to make a better gene pool for their offspring. Same goes for white men that go for higher iq Asians (like Japanese and northern Chinese).
The issue is a lot of this is fetishist garbage. Asian women that date white men usually hate their own race and white women that date black men usually hate their own race. And they usually fetishize shit like penis size.",3.0
Vance is getting sodomized by Trump. That's why he acts stupid around him.,1.5
"How do India has 1.4 billion people, but 0 gold medals at Olympics? Is their population count overstated? This make no sense",3.0
"How do India has 1.4 billion people
ESL moment.",1.4
we are a nerdy race sar we may be weak but we utterly mog you in STEM saar,2.5
Olympics don't have rape.,3.0
Gangrape isn't an Olympic sport yet,4.0
"Socioeconomic factors, but this time unironically.
They can have a population of 4 billion but if all of them are malnourished since childhood and are too poor to afford any kind of sports facilities or education, then of course they won't have a single gold medalist. You don't need to be a rocket scientist to figure it out. What an utterly worthless thread.",4.0
"Come to think of it, what has 1400 million Indians produced? Can you name one Indian company or brand?",3.5
why didn't the socioeconomic factors kick in for us?,2.0
"because they should abandoned the ancient indo-european demon worship whitey forgot about thousands of years ago by now
instead they've cultivated it into a fucked off creep ""religion"" that causes them to shit and piss in the same river they bathe in, drink from, and throw their dead in
p sure kikes had a hand in that fuckery",3.5
Is Japan really that good bros?,1.0
I sleep peacefully knowing no chink knows how to grill themselves a healthy cheeseburger and ribs within an hour,1.0
release the files,1.0
"The only reason why weebs like Japan is they entertain the idea that they will be more sexually successful there than anywhere else.
That is the *only* reason men get interested in any place. Notice you never see young teenage boys develop an autistic obsession with Afghanistan or Bangladesh",2.5
"NPNW threads - meme goldmine
https://archive.4plebs.org/pol/thread/460614733
https://archive.4plebs.org/pol/thread/443055037
https://archive.4plebs.org/pol/thread/446577059
https://archive.4plebs.org/pol/thread/446721938
https://archive.4plebs.org/pol/thread/450704793
https://archive.4plebs.org/pol/thread/452136013
https://archive.4plebs.org/pol/thread/452251327
https://archive.4plebs.org/pol/thread/452889492
https://archive.4plebs.org/pol/thread/452894541
https://archive.4plebs.org/pol/thread/453566463
https://archive.4plebs.org/pol/thread/454373802
https://archive.4plebs.org/pol/thread/455196763
https://archive.4plebs.org/pol/thread/455995281
https://archive.4plebs.org/pol/thread/457599737
https://archive.4plebs.org/pol/thread/458350985
https://archive.4plebs.org/pol/thread/459861184
https://archive.4plebs.org/pol/thread/460614733",4.0
"The only reason why weebs like Japan is they entertain the idea that they will be more sexually successful there than anywhere else.
White people successful everywhere
That is the *only* reason men get interested in any place. Notice you never see young teenage boys develop an autistic obsession with Afghanistan or Bangladesh
Afghanistan and Bangladesh are brown, irrelevant shitholes that have produced nothing of value, why would anyone want to be obsessed with them?",2.5
It's actually because I hate what a retarded inconsiderate pig the average American is. I want to know what it's like to live in a real country with real infrastructure. Even if it's as a second class citizen.,3.0
"Why is there a japanese girl with him? When I go to japan, I spend all that time alone, never talk to anyone. How are all these normies so... normal?",2.5
"WOULD BE BETTER IF THE EPSTEIN FILES WERE RELEASED.
EyeNoseJewsAreEvil",1.0
I'm more interested because it's mostly not infested with basketball Americans murdering each other,3.5
Where is home for him? My nearest city is pretty small and it’s easy to find those jap things there.,1.0
We pay premium price to be surrounded by spics and niggers and the women are all frigid bitches..it's wonderful. I love this country.,3.5
"No, going there for food is ridiculous, you'd have to have never had good food in your life. They undercook everything, and I mean EVERYTHING. Hope you like your omelette half cooked and disgustingly cold and runny inside. Hope you like under-fried chicken and pork. They barely let the fucking crust cook, let alone getting it crispy and golden-brown. Hope you like your beef raw and unseasoned. Hope you like literal dishwater (tonkotsu and ramen broth) with leftover scraps thrown in. Hope you like LITERAL uncooked fish (sushi)(disgusting)(smells like a fishtank).
If you tried to cook ribs in an hour you'd be eating it off the bone like corn on the cob. For actual ribs, you want the bone to just pull right out. Can tell you were bullshitting by thinking either a burger takes an hour (10 minutes) or ribs take an hour (try 8 hours on low after a dry rub, dipshit).",2.5
Sorry ladies I'm ninja-phobic,1.5
I like korean food.,1.5
why do we have so many weebcels n this board?,2.5
Of course the Epstein files and Jews came up in the Japan thread. So you really think all Jews are responsible for Jefferey Epstein's actions?,4.0
I like Godzilla and real Sushi.,2.5
She might've picked him off the street,2.0
"Went there last year for a month and honestly its fucking great and I'm not even a weeb, but I can't imagine living there, work culture and all
Hope you like your beef raw and unseasoned
You sound black",1.0
"You've obviously never been to japan. They keep to themselves, they don't talk to strangers. In tokyo and other big cities, this kind of behavior is amplified to the power of 9000.",2.0
I've never had a woman do this to me in America and I look better than him. This place is truly hell on earth.,1.0
"I’m going to say the quiet part outloud: /pol isn’t a revolution, it’s a consumer segment. Your “forbidden” opinions get harvested, packaged, and resold to the same ad brokers that push energy drinks and raid shadow scams at 3 a.m. You think you’re decoding the Matrix; some analytics intern is A/B testing which thumbnail makes you rage-click faster. That’s not dissent—that’s data entry.
Notice the pattern? Every week there’s a new apocalypse with a countdown timer, a new villain-of-the-day, and a new channel that “just tells it like it is” (and just happens to have merch, telegram, a code for a prepper box, and a survival toothpaste). The drip-feed outrage cycle never resolves because resolution doesn’t monetize. The point is to keep you caffeinated, sleep-deprived, and convinced the world ends tomorrow so you’ll buy one more affiliate trinket today.
And the psyops? Sure, they exist. But not the cinematic kind you fantasize about. The real psyop is banal: maximize watch time, polarize for profit, reward hot takes over hard work.
Here’s my blasphemy: touch grass—no, seriously, go outside and count how many things in your zip code are actually controlled by the cartoon villains in your head. Talk to the city clerk who’s been there 19 years and knows where the money leaks. Sit through a council meeting where the drama is about a crosswalk and a drainage ditch. That’s where power hides, because nobody meme-posts about stormwater. Fuck you
You aren’t oppressed for your “truth.” You’re coddled by an outrage economy that flatters your cynicism and sells it back to you with a promo code. You don’t need a new documentary; you need a shovel, a spreadsheet, and a boring plan with three neighbors you don’t fully agree with. That’s how grown-ups change things. The rest is cosplay.
If this makes you furious, good. Anger means you still have a pulse. Now do something unfashionable with it.
prove me wrong with receipts, not little frog jpgs",1.5
What do you think Nick Fuentes is? He's an informant. They use him to do the same thing.,1.0
Posting an em dash should permaban your IP,1.0
"Yeah bro, companies love when you hate niggers and kikes. That's their favorite thing.",2.5
Wut,INVALID
black pill changed my life and now I just inherit condos and income streams. Don't forget irreplaceable achievements that get respect that are too innovative to simply explain. Thank you Jesus!,2.5
oy vey the goyim know,3.5
not reading all that,1.5
"What?
I don’t speak racist sexist homophobe",1.0
"Because you’re incapable.
We know",1.0
Kekd,INVALID
Can you post that link to the survival toothpaste? I ran out and I can't find it anywhere.,1.5
ty <3,1.5
"Very poor AI post, faggot. Just to humor you, if this is a ""consumer segment"" or whatever retarded bullshit you're spewing, what is the product?",2.5
I knew it!,1.0
Your eyeballs . . .,1.0
OP BTFO,INVALID
"Fuck you mother fucker this ain’t AI you schitzo fag.
Look I’m pointing out that people like you are ultimately a product. A product removed for your roots feeling as if you are truly defected from the system when you are still a part of it.
Yet you’re too stupid and low IQ to even understand this basic concept.
Don’t ever respond to me or anyone else in this thread again.",1.5
How can I get Grok to cuss like this? Do I need a native install?,1.0
FUCK YOU BLOODY BANCHOD,INVALID
"when you are still a part of it
Wow! Where have I heard this before? Such a DEEP CUT! As expected from such a genius who's figured it all out.",1.0
"whenever something is ""free"" it means that (You) are the product being sold.",2.5
"What kind of response are you looking for?
This place is played out. What does that mean?",1.5
You are.,1.0
"le tired strawman takedown routine
you're retarded and your thread is retarded",1.0
anti caffeine is definitely the data entry here,1.0
"This is a prime example of someone that can’t understand what it being discussed.
If our society based socioeconomic job placement by IQ testing you would be the kind of person that would be given the job of licking envelopes.",2.5
"this is a good advice for YOU OP....
you are the one shilling this place all day instead of doing something useful
I can shitpost all day if I want, I am an oldfag that made his money already",2.5
"/pol/ is actually mainstream
14 year olds are most of the posters here.",3.0
lel greenrat spelled Jizz-lane wrong,1.0
"do something unfashionable with it
Lmao no.",1.5
"19-25 is the hard segment, college kids, leftards, normies
this are the ones constantly spamming",2.7
"and a boring plan with three neighbors you don’t fully agree with. That’s how grown-ups change things
LMAO this is pure boomer delusion, your HOA is a grift, you are not doing anything of importance whatsoever",1.0
Fuckin kikes,2.5
"I am not going to tell you what I do for a living, but I will tell you that retards like you who think they're oh so high-and-mighty for having ""figured it all out"" get laughed out the door in my field.
The japanese have a word for people like you, it's chuunibyou. 8th grader delusion mindset. You're so absolutely full of yourself it's unreal. What did you expect when you made this thread, that we'd all clap and pat you on the back? Lmfao.",1.5
"tl;dr but /pol/ does seem to make people genuinely hate jews, thoughts about that?",1.5
"Oh, sorry to disqualify your comment, but a race requires a uniform bloodline, and you've only got a bunch of Caucasians from Khazaria, a few Eastern Turks, and some Gypsies. Ain't a one of them faggots got an actual parentage trace back to Jacob, which the Religion they practice uniquely defines as the actual race.
But you did try, so I'll give you that. That you don't know that, is evidence you're actually in a psyop. Whose? ...",2.0
I've read this before,1.0
You're here too.,1.5
I like posting frogs though.,1.0
"boring plan with three neighbors you don’t fully agree with.
Good luck finding someone, just one adult person willing to socialize outside of drunken nights, drug fueled conversations or church.
No one trust anyone and pretty much everyone is addicted and terminally online.
Go seat with literally anyone for more than 5 minutes, I can't even talk to my own mother anymore without her reaching for the fucking phone to listen dumb boomer whores talk about shit no one cares.
Humanity is fucking doom, no one has the balls to admit it",2.0
GPTslop niggerjeet,1.5
There is nothing wrong with posting frogs. Anyone who hates it is a newfag,1.5
"I made this post to make people see the responses of people like you.
You are just some rando pretending to be special when in fact you’re not a professional at anything except virginity and financing McDonald’s orders living in your mom’s basement.
You are just another text book example of someone preyed upon by the system, controlled by the system, and defends the system.
This is where you fuck off. I’ll pat your back on the way out. Thanks for being a quality teaching tool",3.5
"Putting aside the fact that this is AI garbage,
Talk to the city clerk who’s been there 19 years and knows where the money leaks. Sit through a council meeting where the drama is about a crosswalk and a drainage ditch. That’s where power hides
You don’t need a new documentary; you need a shovel, a spreadsheet, and a boring plan with three neighbors you don’t fully agree with
This is hilarious, and the most hilarious part of the hilarity is that people actually think this way.
Hank Hill? There's a man with tremendous power. You think ""powerful man"" and your mind conjures images of George Bush. I think Paul Bunyan. Elon Musk may be able to buy an entire island and staff it with child sex slaves, but can he install an L pipe on his septic tank?",3.5
"the world is a business, Mr. Beale
I know. I don't vote or watch e-celeb nonsense or buy anything though, so I don't really know what you're driving at with all this fag talk.",1.5
"Thanks ChatGPT, but have you considered that OP is a faggot and Jews control the United States government?",2.5
This is now a frog thread.,4.0
"I'M SIGNING OUUUUTTTT
ahahahahahhaha",INVALID
"Basically it’s because there has been a long history of Jewish persecution and scapegoating. Part of it is for memeing, some of it is intergenerational hate, and most of it is mental retardation.
Jews are just regular people with no more power than any other ethnicity really.",3.5
"did chat gpt write all those words for you, sarr?",1.5
And that’s why you’re a part of the problem.,1.5
Why do you post shit like this? For attention? You can't be getting paid... unless you're a bot controlled by the cocksucker who owns this website...,2.5
"Show me the vending machine selling antisemitism, if it's as corporate as you claim lol. YOU are the one making outlandish claims that require proof.
Or how about this experiment. Why don't you doxx yourself publicly as an antisemite? It should be no big deal, right? It's just a consumer demographic, right? Nothing bad should happen to your career, right?
Check mate, faglord lol.
You're a fucking midwit.",1.5
"The real psyop is banal
Like 911 or covid or oct 7th?",4.0
"Dude….did you really just say that?
Only actual newfags say what you just said. Didn’t think I’d see this",1.0
"Your “forbidden” opinions get harvested
good",3.5
"neat
talk to your people about if can we bring back high waisted jeans and crystal pepsi",1.0
"Jews are just regular people with no more power than any other ethnicity really.
What's funny is that you choose to post this here, now.
A few years ago, this place would indeed be one of the very few places thinking this.
But now it's everywhere. You might as well go tell your lies on reddit and Facebook. Even the normies there won't believe you.",3.5
"Fuck, I almost forgot about this. I was just about write a paragraph then saw your post that saved me but I have to admit got baited by OP.
I am a dumb dumb. :( Thanks for looking out for your fellow retards out on the internet.",2.5
You don't have to participate. You do so because you like bread and circuses and are a coward. This comic is just trying to justify inaction as a natural state of being.,1.0
"The worst part about AI content is not people thinking it’s real it’s people like you that can’t tell the real stuff from the fake AI slop.
You’re going to have to stop",3.5
"""Jews are just random people living their lives, and if you ever criticize them in any way, be ready to lose your social media accounts, job, funding, visa, etc.""",2.0
"Based
Brown nigger",INVALID
"prove me wrong with receipts, not little frog jpgs
We need both the Common Man AND the memes.
The Common Man needs the memes, and the memes need the Common Man.
It's called, ""Symbiosis"".",1.5
Honestly….thats scary close. Not paid though. At least not paid with money,1.5
"Whatever you are, you are just a pawn before the endgame plays out.
Chasing jew coins before the collapse.
Earth is flat, and anyone paying attention knows it.
The shame era is over, the violence era is in.
And (((you))) will cry about it",1.5
*maxwit,1.0
"Fuck you mother fucker this ain’t AI you schitzo fag.
You are either a chatbot or someone who has spent far too much time talking to one.",1.0
"a new villain-of-the-day,
Stopped reading here. The villain has always been the jew and it will continue to be the jew until we get rid of them. Anyone saying otherwise is working for them.",3.5
I accept your concession of total defeat you fucking worm,1.0
"scapegoating
AHAHAHHAAHAHAH I FUCKING KNEW IT I SHOULD HAVE SAID THE NIGGERBABY LINE OUT LOUD WHEN I FIRST CALLED YOUR OP GPTSLOP
remember this post isn't ordinary shilling, it's completely unironic and posted by a bunkertrans white traitor trash druggy vagrant only alive due to shitcoin luck, he's a satanist stalinist posadist kabalist reform Jewish convert ultra shabbos tanky who- after being driven insane by getting NTR BLACK'd by a crackhead with his childhood friend who now LARPs as a satanic high priestess- believes all 4chan posters are secret billionaires and that middle class kulaks are the real moneyed class who need to all be murdered in a massive anti-Christian pogrom
absolutely none of this is an exaggeration and there's enough archive links that it's easier to just link a recent previous bulk dump of them, which are still not 100% comprehensive
https://archive.4plebs.org/pol/thread/509425314/#q509426512
https://archive.4plebs.org/pol/thread/509425314/#q509428642
https://archive.4plebs.org/pol/thread/509425314/#q509428951
https://archive.4plebs.org/pol/thread/509425314/#q509430109
he doesn't actually care about Pizzagate or Jewish child trafficking that he denies as being Jewish, only how misdirecting it can help him get to DRUMPF, spilling innocent white blood in a Chekist genocide and forgetting that he needs to KILL THE NIGGERBABY",1.0
"The jig is up, Sanj. You've been caught shit handed. It's time to stop, go back to your boss and tell him you need more training on how to act like a human instead of a shit covered monkey.",2.7
"Anon, you have work in the morning. Go to bed.",1.0
Checked and IDF’d,1.5
"I don’t you Reddit and Facebook is a boomer psyop.
I’m just stating facts and based on all comments you can see people are really struggling to argue against my claims/opinions",2.5
Pretty sure he's a jeetnigger. His post is 100% written by ChatGPT but his replies look like jeet hands typed them.,2.5
(checked),2.0
"its really funny to me that there are people getting paid to scrub through 4chan posts to reupload somewhere else, that means someone has to read all the gore and tranny self mutililation and child rape every hour of every day just to steal a hit post.",3.5
"I think Paul Bunyan.
To be fair, depending on the story Paul Bunyan can be a literal giant capable of ludicrous feats. A Paul Bunyan story in the Space Age would probably have him lobbing trees and tools into orbit for the ISS or a Moon colony or somesuch.",1.0
Same rules apply to any group of people,3.5
"people are really struggling to argue against my claims/opinions
""Real power is PTA meetings, not Palantir conferences"" is kind of a ridiculous take. Why should people waste time arguing against that, especially when  ...",3.5
"he's not, he spams and scams like one but he's a Boston wigger shabboskike or just a full on kike who made a fake sob story backstory up to water down his kikelness and somehow appeal to /pol/ which backfired and permanently established him as either a rancid traitor or a retarded Jew",1.5
Checked and keked,1.0
Fpbp /thread,3.5
"Great you just described the problem.
Somehow you still claim this is pol like we are all somehow a hive mind while you post about it on pol meaning you are talking about yourself.
These sort of post get to the core of the flawed thinking of data analysts. They try to create archetypes and identities when there arent any.
Its an invented construct that reenforces itself only withing the confines of data scientists and their BOT farms",1.0
You need to committed to an asylum,1.0
"You know what’s crazy? If I stay up late even a couple of hours late, my skin gets dry to the point of irritation.",1.0
"This.
The world is a lot smaller now. Children being starved and murdered in Gaza and pedophiles blackmailing other pedophiles running our world IS MY NEIGHBORHOOD",1.0
Nonsense dribble,1.0
"muh sluggish schizophrenia, you're crazy!!!!
how are the voices in your head doing? still telling you to KILL THE NIGGERBABY?",1.0
"Stop drinking cheap lone star beer neet
ps mossad got you now",1.5
where do you think the now-popular talking points you refer to originated? lurk first newfag,2.5
yawn.,INVALID
They are literally in the process of killing 2 million people in Palestine and if you so much as shove someone in an IDF shit you make the national news and get called a Muslim terrorist lol. Get with the times your bullshit isn't flying anymore.,3.5
"Yo, two monitors, you must be a hacker",1.5
"Well if my opinions are being used like that, they better fucking pay me.",1.5
"thanks GPT, very cool",1.5
"You're right OP.
But everybody here already knows that. They are willing participants. It's better than getting a job, and the seethe makes it easier to justify being a fucking loser.",1.0
"I have no idea what you’re talking about.
You’re putting out misinformation",1.5
"Same.
Unoriginal.",1.5
Baby tier realization. But it's good you had it I guess. You don't even know who's real either. You're telling bots to touch grass.,1.5
"its easy to forget sometimes that most of the people insulting anons here and running operations trying to disrupt, or obscure the truth, or demoralize the board are almost always the most repulsive fucking skidmark examples of people you could imagine.
thanks for the effort anon.
I just like the frog",3.5
cool,INVALID
I'm retarded whats an em dash,1.0
The land greedy kikes are killing Gazans and Palestinians for their land.,3.5
"—
one of these bad boys, almost always posted by an AI bot",2.5
embarrassing how this reddit as fuck meme has found its way here and newniggers co-opted it with open arms,3.5
"Ah so that's what they're called
....Couldnt ai users just ask mecha hitler or whoever to Not use them?",3.5
"Uhhhh that has already been debunked several times for years.
There is no evidence whatsoever that is happening.",4.0
"Talk to the city clerk who’s been there 19 years and knows where the money leaks. Sit through a council meeting where the drama is about a crosswalk and a drainage ditch. That’s where power hides
Good post, and I agree, but could you explain this part? Where does the power hide?",1.0
"That's all well and good, but what policies are a result of the Mossad/Epstein blackmail network? The way the US supplies Israel with endless military, financial, and diplomatic protection? Why do I, as a taxpayer have to see my interests be ignored just because Epstein/Mossad has some horrible shit on video? Who were the victims, and I'm willing to forgive the US officials that have been entrapped, but I can't forgive them until I know what they did, and who they are.",3.5
Why? I didnu nuffin though.,1.0
"cry more bitch, it's way past your bedtime kid
yeah I'm sure they will eventually once it becomes a big enough problem for them",1.5
"ID: gAy
Perhaps OP is BTFO, but you are a fag.",2.5
"All the footage and photos of dead Gazans and Palestinians say otherwise. There's video of some fat heeb saying ""if he doesn't steal the land someone else will"". The most evil and greedy people to have ever walked the earth.",2.5
come on dude,1.0
"All you had to say was
""Containment board""",1.5
"And the psyops? Sure, they exist. But not the cinematic kind you fantasize about. The real psyop is banal: maximize watch time, polarize for profit, reward hot takes over hard work.
latest narrative fresh hot from colbert",4.0
if you knew what the russians had planned for you then you'd disassociate with your ideology completely,1.0
"When the Samians who were expelled by Polycrates came to Sparta, they came before the ruling men and made a long speech to show the greatness of their need. But the Spartans at their first sitting answered that they had forgotten the beginning of the speech and could not understand its end. After this the Samians came a second time with a sack, and said nothing but this: “The sack wants flour.” To this the Spartans replied that they were over-wordy with “the sack”; but they did resolve to help them.",1.0
And this is exactly the moment I’m double back flipping in the air and slam dunking your opinion into a cum dumpster,1.0
"Climb out from under your rock and read a newspaper, dumbass",2.5
"AI slop
kys op. all fields",INVALID
"Jews are just regular people with no more power than any other ethnicity really.
Yes, most Jews are normal people, but LOL, don't look at the proportion of Jews in the US population overall to the proportion of Jews in government, law, media, finance, education, etc.
Come on now! Your claim is complete horseshit.",1.0
"How many dicks have you sucked in total, op?",2.5
You don't belong here.,1.5
"https://www.opb.org/article/2024/06/20/major-pro-israel-group-donation-oregon-3rd-district-congress-primary-dexter-jayapal/
Fair enough? Arrest aids on suspicion. Dui. Whatever. Work up.",1.5
Nothing new under the sun. I'm not reading all that. I can suffer more with greater clarity than you.,3.5
"Show me the vending machine selling antisemitism
That's not what this kike is saying. He's saying that this site uses those beliefs to sell products related to being on the fringes of society, and he gives examples in his OP. He's saying that your anger and disillusionment with the system is being used to herd you into a corner where the powers that be both make money and tranquilize your motivation. In my opinion that claim has a lot of merit, because I see a ton of people bitching and don't see to many movements that have broken away from controlled voices.",3.5
"Learn to write your own words, AI-using subhuman muttoid",1.0
"You don’t need a new documentary; you need a shovel, a spreadsheet, and a boring plan with three neighbors you don’t fully agree with. That’s how grown-ups change things. The rest is cosplay.
kill yourself glownigger before you end up on the list",2.5
Boy (girl) you sure wrote a lot of text,1.5
"OP, You make me hot. Would you like to have sex with pops and me. We will give you 4 watermelons to take to your fellows at the homeless encampment you live at under the bridge and a fresh twenty dollar bill. How about that this will hold you a few days so you will not have to suck nigger dick for a while. H. Dark Maga",3.5
"No one's rebranding gangstalking so I'm opening my own clothing line
Anons can invest on /biz/",1.0
"the drama is about a crosswalk and a drainage ditch
Yea, let's ignore the politicians who flood our countries with niggers and shitskins and focus on the minutae of city planning. Good idea, Schlomo.",2.5
"Nothing ever happens
There's your 'receipts', dumbass",1.0
"The Aussie's claim....
Jews are just random people living their lives, and if you ever criticize them in any way, be ready to lose your social media accounts, job, funding, visa, etc.""
Same rules apply to any group of people
No they certainly the fuck do not! LMAO, countries have BANNED holocaust denial, and many US states are attempting to define antisemitism to determine what is a hate crime, which is never used to protect whites, asians, or hispanics.",3.5
AI spam,1.0
based and cap worthy pilled,INVALID
"???
To sell what?
What the fuck can you even sell in the form of pol philosophy?
OP is retarded once again.",2.5
"prove me wrong with receipts, not little frog jpgs
people at the city council aren't being blackmailed by jews to drag us into wars that led to $8T in debt, the deaths of ~10k US soldiers, ~53k wounded, and the blood of over 100k innocents on our collective hands. pls kys you faggot consoomer.",1.7
Wow... Ok guy.,1.5
"No but they're responsible for the homeless and the zombie streets. It serves two purposes, demoralizing people and allowing drug companies to profit. The Texas politician trying to ban all THC products was caught for taking money from the alcohol industry. They're all so corrupt it's really hard to find an honest politician. The very few ones quit after one or two terms when they learn what's up. They were very naive to begin with. And it's not just Jews, the guy who banned hemp under the label marihuana (originally used for tobacco) did it solely to protect his forest industry. Hemp paper, clothing and such was seen as a threat to him so he made up this bs about reefer madness and thanks to him hemp got banned and people are still suffering from it a hundred years later. Globally.",3.5
"that's just democracy my dude. proles are too dumb to self-govern. i can rattle facts-and-figures off at a council meeting all day, but it will make no difference. goys gonna goy. but telling the old ladies their sons are missing pieces because kikes like les wexner have most of our presidents on-tape diddling kids is something they might perhaps possibly maybe understand",3.5
You should've started with this. I wouldn't have to browse thread,1.0
"Its so obvious even without it.
""This isnt just _____ Its [hyperbole]"" ALWAYS is AI.. especially when its used more than once and paired with a couple of other similar patterns",1.5
"Sure. But the overt lobbying and corruption has much longer lasting global effects. Hemp is a trillion dollar crop and currently farmers are banned from growing it. All because THC allegedly causes reefer madness, which it of course doesn't. Forest and cotton industry are still fighting hemp, while alcohol and drug industries fight the medicine the plant produces. So this is major corporations lobbying bills that unconstitutionally ban hard working farmers from growing the #1 crop. Anyone could make a profit for growing hemp. It grows really fast and doesn't need pestisides either. It's a very durable plant. Besides fibers it also produces hemp oil and seeds which are very nutritional. And nobody is allowed to grow it without some special permits. If they find like 0.02% of THC in any plant they destroy all crops and file charges. That's the level of lobbying and corruption a hundred years later.",3.5
"That’s not dissent—that’s data entry
Sigh...",1.5
"checked
nice anon kek",1.0
"It's ok anon, continue posting frogs, the bad man will go away soon.",1.0
"sorry dude, but that's all consoomer shit. is it bad? of course. is it ""the blood of the innocent is upon us"" bad? i don't think so.",3.5
"Jews are just regular people with no more power than any other ethnicity really.
Well there you have it folks. As suspected this thread was a giant nothingburger that could have been over in 10 replies. These rates are old but I think OP earned $1.34 from the JIDF. Feel free to check my math.",3.5
forgot to post the rates,1.0
"I'm just pointing out that state/city tier politicians aren't innocent either. Maybe they can't sent troops overseas but surely everything you see when you walk outside is their responsibility. Homeless, drug users, mental health issues, shitty roads, cartels, gangs, education, response times, and passing some of the most corrupt bills known to mankind.",3.0
Looks like an effortpost but its actually a retarded glownigger pedophile,1.5
"You're not a based and redpilled kekistani. You're a gullible mark who swallowed the bait hook, line, and sinker.",2.5
"prove me wrong with receipts
haven't given a single one of these grifters a dime, anon
lurking is for free, and they do it all for me",1.5
"newfaggot janny has opinion: the thread.
mods make it viral with fake engagement
cool website guise.",1.5
I didn't read any of this,1.0
"Talk to the city clerk who’s been there 19 years and knows where the money leaks. Sit through a council meeting where the drama is about a crosswalk and a drainage ditch. That’s where power hides, because nobody meme-posts about stormwater.
Fuck off Bourdain. How about you go to a part of the city you've never been to. Talk to a local hobo. Eat a knucle-sandwich. Eat two! Get stabbed by a rapefugee. Pick a fight with your neighbor. Get scammed by Shlomo. Or Ranjeet. Stay in the house. Wear the mask. Take the shot. Get a booster. Get two! Eat the bug. Get conscripted. And droned!",1.0
"Nobody is going to volunteer to be your HOA bookkeeper, especially not when you’re calling people names. You could be characterized as the “Nazi puncher wind up doll” product yourself.",1.0
"jews are just regular people
This one phrase gives you away.",2.5
"Ayo
Fuck stormwater",1.0
you type like a raging homosexual kike jacking off to pilpul,1.5
"Mecha hitler is autistics and LOVES em dashes.
There will be more more spoken on the matter.",2.5
"But I don't agree with the pol opinion at least half the time. You assume people post here to circlejerk. I post here because every other forum on the internet is worse and reddit is the worst of all. On reddit if you don't agree you get banned. Here you just get called a kike, brown, or faggot and then move on to the next thread.",2.5
"Your “forbidden” opinions get harvested, packaged, and resold to the same ad brokers that push energy drinks and raid shadow scams at 3 a.m.
Based data brokers pushing TKD on appropriate socioeconomic sectors",2.0
"Turns out I'm 1/4 Jewish due to my asshole grandmother, what now? Can I just walk to the local synagogue and join the conspicary to take over the world or should I just get into Hollywood?",1.0
enjoy your new found wealth. huzzah,1.5
Maternal or Paternal,2.0
get an israeli passport asap,1.5
Pretty sure you can get a dual citizenship from Israel and become a mossad spy in the US senate,2.5
"You sound very vaccinated. DOn't worry, what you did to yourself is far worse than your background. All you ever had to do was refuse experimental vaccines and research the evidence for the holocaust.",1.0
"More accurately, it is due to your asshole Grandfather.",1.0
"Shalom, I think you need to be at least 3/4 Jewish for a ticket to the island.",1.0
words of truth,1.0
are you circumcised?,1.5
"stop caring about /pol/ memes, this is what you should do",1.5
post the full thing swedefag,2.5
"Get a jewish interest free loan
Start a business
Talk to other jewish business owners
They will hook you up",2.0
"You can get an Israeli citizenship.
Go kill Netanyahu in Minecraft.",1.0
"If it's from your mother's side you are fully jewish
Mazal tov & Le'chaim",2.5
No we won't you schmekela,2.0
"Maternal so I guess that technically makes me an actual Jew.
I don't think so but I posted my dick on /soc/ once and faggots said that they want to suck it and then people said that it looks circumsized.",1.0
Turns out I'm 1/4 Jewish,1.0
Shalom,1.0
Join the dark side Anon,1.0
"You should immediately get dual Israeli citizenship, get an internship at AIPAC, go to the synagogue, visit Auschwitz to pay homage to the victims of the Shoah and find a career in film and television. You should be happy you're above the goyim now.",1.0
"congratulations.
that info has been logged in a chinese database.
this will be shared with the global jihad network and you will be tracked down and assassinated.",1.0
Kill yourself for the cause.,1.0
Tap into that power and you will achieve many great things,1.5
Lucky fuck.,1.5
Watch these terrorists get stabbed in the neck.,1.0
"what now?
gas",1.0
Bro you broke the israelis. They stopped talking about child murder for 3 seconds to pretend to be Canadian and want to be Israeli.,2.5
"looks like she's making out with someone's disembodied head
which i would actually believe was real
jews and all",2.5
Go to your local bank and take out an interest free loan.,1.0
"burn in hell I hate you with all my soul, jew",1.0
"To all you jewish bitch Feds in this thread, BURN IN HELL JEWS",3.5
"Oy vey, does that mean he can get shekelbux and a free Palestinian home.",1.0
"good, let the hate flow through you",1.0
"I've shared a picture of Muhammad fucking a sheep with my own name attached so if the global jihad network cares about tracking me, they're probably already on it.",1.5
"It's a Muslim prisoner lol. She got pregnant off him.
If your willing to explain images can you explain this one of the IDF inside elementary schools during the Iranian missiles retaliation of Israel attacking Iran?
Where are the kids if it's full of ""soldiers"".",1.0
All europeans are jews,4.0
"My grandmother from my mom side was jewish from Uzbekistan, but idk if ashke-nazi or the other pedo tribes. Considering i have 12,5% of jewish blood, some years ago I got 0,75 l of blood symbolicallt drawn and throw that on the floor, renuncing my jewish demon blood. Needless to say I am ready to repent from the guilt of being 12,5% demon by any means necessary. Only the lineage of a demon can defeat demons.",1.9
Have you considered just chopping off the 1/4 of yourself that is jewish? It shouldn't be too hard since it's only a 1/4 of your body so you can probably get by fine without it,1.5
"I would do the same if this guy. He probably had his mother raped, his father beaten to death, his children raped and beaten to death and much worse to his whole family by the Jews. At that point all you can do is hate and plan your revenge.",1.5
There is no global jihad network. You been convinced by Israeli propaganda. No one is after you except Israel and it's exclusively for money or narrative control. They don't want literally you. Yet.,2.7
My hate will destroy the jewish people in this world (it already has),3.9
exorcism is the only way to cleanse your blood of the demon,1.0
"I'm not a jew, jeet",1.5
"I say all the time. There is a reason a hot dog vendor picked up a ak and it wasn't because Hamas. It was because of what Israel did to his wife.
To his kids.
To his family.
To his country.
Israel is directly responsible for the destabilization in the middle east. Period.
Here is a child tied to the front of a humvee to prevent return fire from there hotdog vendor.",1.0
"jewish grandmother from Uzbekista
in italy
The fuck? Italy is such a mongrel sewer.",3.5
"Shalom brother.
לחיים",1.0
Can anyone else tell me the lore of the jewish interest free loan? Everywhere I look online says this is false. But I want to know the truth.,1.5
who?,1.0
I got u bros,1.5
"Sorry friend of hatred, I know you are doing your best but my jewish lizard-like regeneration keeps me around",1.0
"Israel has hidden behind Judaism for long enough. Either you are a Israeli Jew and the Holocaust is appropriate. Or you are hidden away in another nation minding your own fucking business and I don't care.
Be in Israel, be associated with terrorism, child rape, and genocide, get treated the way you deserve.
No one ever kills Jews here for being Jewish. But bro, I would target an Israeli everyday all day. Throw the passport away and leave. It's literally your only chance.",3.0
You have to apply gas to about a quarter of your body,1.0
"9mm fixes that.
Israeli inside an elementary school as ira Ian missiles fire rains down on his people.
I wonder where the kids are. It's a Israeli school by the way. It's their own people who were displaced for IDF safety, and children.",1.0
"*Farts*
Mazel tov",1.0
"I bet it's totally Hamas fault Israeli rockets killed their own people.
Maybe don't put war equipment in the middle of population centers.",3.5
"I'm 1/4 Jewish, what now",1.0
This poster is a kike false flag.,1.5
"turn jewish right before weimar 2.0 kicks off
sounds like a woman moment",3.5
Woopies. At least I get to post two images now.,1.0
Just get out of my country sand nigger animal.,3.5
what is this from?,1.5
"If your grandmothers asshole is to blame you could possibly,y emigrate to Ireland",1.5
Why are Jews masturbating over crying white women?,3.5
When you think about it it might be in our genes.,1.5
Thanks kike. I collect these false flag exposures,1.0
Another soldier will be added to the fight because of your work here today.,2.5
See if you can get dual citizenship in Isreal,1.5
3 words: 0% interest loans,3.0
"create organization against antisemitism
take it up to fucking ridiculous levels, like parody shit, go way overboard flexing your power to the point where even normies notice the absurdity of what you’re doing
send cease and desists, make public exposés, become the loudest “voice for the jews” possible
when confronted by tribesmen, feign ignorance
This is the only way. Accelerate the problem and give Norway a reason to return to having jews banned in their constitution, then retire to Florida",4.0
"I bet one of your 19 yr old illiterate brown generals is gonna be really mad when you read that to him.
He's gonna give you cum cleanup duty for single dead men.
You can literally set a trap for Israel by using children's laughter.
Are they there to rape or kill the kids? Probably both",2.5
Well you are always welcome to try friend!,2.8
"maternal
Well you can get israeli citizenship if you really want but it's probably going to be open season on israelis within the next decade so I'd suggest you just keep your ancestry hidden and pretend you never found out.",INVALID
"If your mother is a kike, you're considered a full Jew, regardless of what the father is.
Maternal so I guess that technically makes me an actual Jew.
Yeah, it does and it might explain why you seem so fond of pornography too. Think about it, various aspects of your rotten personality you used to believe were just yours personally will now have another, more fitting, reason behind them.",1.5
"Its instruction..maybe I wasn't clear
You take the gun and chamber a round, you place behind your ear and level the gun out. Angle it slightly towards the front of your skull and you won't ever have to worry about Jewish blood ever again.
Your family will thank you. They will miss you.
You will avoid terrible things in the future you will be judged harshly over. You can't fail.
It's literally painless and a national service to your host country.
Sorry id I wasn't clear. I'm a pacifist. I don't hurt people unless I have to.
One of you kikes post the image of me in front of the fireplace so I don't have to dig it out.",1.0
You are not white anymore.,1.5
"I'm a self reliant rural hermit.
There is no job to target.
My family is dead.
My wife and kids know how i feel so there is no exposure
No job to target
No social media to target
No way to claim I'm antisemitic and get one of your cancel campaigns going
I'm literally untouchable. Don't hate Jews, just Israel. There is nothing Mossad scan do beyond glowing my phone up in my face, which I wouldn't put past them given their asset in the white house.
A nuclear Iran is a stabilized middle east. Even the isrseli's admit it.",1.5
He never was. This was a hasbara thread to try to convince republicans with minor Jewish heritage to support pissrael.,1.5
"tfw you realize that you're not some weird neurotic money-addicted pervert who likes to see goy girls get beaten up but you're actually just a typical jew
It honestly does make sense.",2.5
"Swing and a miss little buddy, try again!",1.0
I wonder if marrying into a jewish family makes you an honorary jew,2.5
Go start a secret society and control someone.,1.0
"Jews give eachother loans with no interest, while charging interest to ""the goyim"" (the rest of humanity. the non-jews)",2.5
"I don't miss.
There is a reason you can't post anything and isrselis have a specific cadence in the way they speak. Your short hand doesn't hide it. Still on the fence if your a domestic kike or foreign
Easy way to find out. Post a wall sockets. But kikes will do anything except tell the truth or prove something.",1.0
Wow. they really went nuts right after the festival attack,2.5
IRREVERSIBLY damaged society. The last 5 years are so fucking surreal. No one held accountable. No one remembers or gives a shit anymore.,4.0
"People don't care as much as you do.
b-but they killed millions!
Yeah? Cheaper real estate.",3.5
"cheap real estate
not for you, for Private Equity",3.0
Normalization of evil,4.0
"In Australia it's curious to see the politicians who have retired from government and receded from the public eye after COVID 19.
Annastacia PALASZCZUK
Daniel ANDREWS
Gladys BEREJIKLIAN
Just to name a few. One day justice will be served.",3.5
99.9% of people forgot it happened. same with Ukraine btw. nobody cares anymore lmao. normalfags literally aren't human. if you still deny this you are retarded.,3.0
"I give a shit, i've let it go but i won't forget it, seems like everyone else has though.",1.5
The public is numb thanks to le based accelerationists,3.0
"They are human, they just deny their humanity to go along with the system.",2.5
It's grim as hell.,1.0
"you won't be getting it, only billionaire kikes will get to enjoy the cheaper goods while they sell it back to you at 100x price",2.5
lmao every schizo in that video got covid multiple times after their triple or quad dose of vax. fucking faggots,2.5
"IRREVERSIBLY damaged society.
Or did it expose society?
Either way, those who can see what we see will never be the same.",4.0
"The covid mess was just rehearsal, a test run for perpetual implementation of transhumanist tyranny, which is imminent (remember their 2030 goals?)
Not only I did not forget, I live every day knowing that it could be the last I stand under the old world order where at least apparently I have some form of residual ""freedoms""",4.0
"Yeah? Cheaper real estate.
for blackrock and co to buy and import third world hordes",2.5
Correct. Vaxxies are technically not human anymore. My guess is the elites will use this as karmic cover when they kill them,2.5
Yep. There are those of us who will not forget though. We must stick together.,2.0
It really feels like the entire world had a mental break and as of this moment we're just avoiding the conversation.,3.5
"jooos, it's always the jooos",1.0
"Yeah i really didn't know the problem was so severe, turns out the milgram experiments told us all this decades ago.",1.0
"I came through covid peachy. The ones who suffered (and will until they die) are the conspiracy theorists, who had to wear a big public label and lose their status in society for being retarded.",3.5
The aftermath of a global scale trauma event.,3.5
"Sooner or later we're going to have that conversation though, it's unavoidable, people don't just forget things like this, even normies, they have to stop themselves from thinking about it.",2.5
they will never admit they were wrong and you were right,INVALID
You are mentally ill.,1.0
"How many boosters so far? Flu season is coming up, make sure you're vaxxed",INVALID
"Based, I remember there was a French general who said the unvaccinated are heroes, God bless everyone who pushed against that nightmare, may we all be prosperous and continue to push away this demonic force from the Earth.",3.5
"Sooner or later we're going to have that conversation though
maybe in 70 years when they will admit the side effects and most people will have already died and you are old as fuck",2.0
"No one remembers
i remember.",3.5
I really should collect these COVID lockdown images.,1.0
get on in then you have little over a year before they destroy the internet as we knew it,2.5
ok look a fucking coward,1.0
"It's going to be sooner than that, you can't push a ball underwater forever, people are already getting sick and tired of this evil, if you told someone in 1991 that the soviet union wouldn't exist anymore in a year they would say you're out of your mind.",3.5
It was all a trick to off people to clear the way for the AI robot demon just by sheer numbers of how many took it alone. Even the 'safest' vacx would have immense consequences if doled out to every human on earth. Dude seriously think,3.5
"Why bother? Youll show it to an npc and they will still deny it, they will say its ai.",2.5
"it felt pretty disheartening as a libertarian to have the take of it should be a choice. the narrative that by choosing no you're killing someones grandma is just, idk it stops all dialogue.",1.5
"you still wont get a revolution. sick people dont revolt they will take whatever handout they can get. its no coincidence that the WEF 2030 ""you will own nothing and be happy"" features 3d printed hearts",3.5
"Personal space and germ spread management is high IQ behavior though
You don't see jeets giving people space ever",2.5
kid this was my 3rd pandemic at age 38. yes third. yes pandemic. no not epidemic or some other classification. unlike most of you my memories don't just magically get deleted every 10 years or so. I stopped giving a fuck when swine flu was cool.,1.0
Avoiding germs completely is low IQ behavior,3.5
"they will say its ai
100% everything will be written off as AI fakes",2.5
they already literally pointed fingers at me calling me a shizo when I showed them THEIR OWN DATA. no need for AI. they. are. not. human.,2.5
We beat you bloody... for your health.,1.5
"I stopped giving a fuck when swine flu was cool
swine flu didnt shut down the world for two years and the vaccine was taken the market very quickly after side effects started showing up",1.5
"the warning is/was there.
it's the jooos, always the jooos",1.0
"90% will, maybe 10% won't, that's all you need.
It doesn't just stop all dialogue at that point they're threatening you, I still remember everyone who threatened the people.",1.0
I still remember everyone who threatened the people,2.5
"Israel force injected their entire population, they were one of the worst lockdown countries next to china and australia.",1.0
we literally do this whole thing every 5-10 years and it gets a little worse everytime.,INVALID
Dont care + didnt ask.,2.0
COVID 19 let me know I wasn't crazy.,2.5
i dont disagree i am just saying covid was next level because we shut down the world economy and travel for two years,4.0
"It's actually more scary knowing you aren't crazy, because if you're not crazy then a huge population of people are.",2.5
"COVID 19 let me know I wasn't crazy.
yep",1.0
"No one forgot that it happens, everyone wants to forget it happened, it was not a pleasant time in modern history special the constant panic harassment, I still have PTSD walking to the store and being afraid they're going to play the constant ""protect your loved ones, get vaccinated"" loop",1.5
because if you're not crazy then a huge population of people are,3.5
Wood even if she's vaxxed no cap,1.5
thats a woman? i thought it was an ugly tranny,1.5
"lmao, it's the exact opposite that's going to happen as the jews declare themselves our feudal lords.",3.5
you still believe in santa?,1.5
"they are/were all wrong
to this day
rinse and repeat
90% of the population are braindead",3.0
"SOCIETY IS A 10 YEAR LOOP
NORMIES ARE FORCED TO PLAY A PLAY",4.0
"It's just so evil.
I remember going on holiday in the lockdowns, and a soldier with a gun told me to put my mask up, i put it up and then pulled it back down as soon as i walked past him. We will right these wrongs brother.",1.0
covid 19 pandemic was literally a soft totalitarian system. Anyone who bought into that bullshits a fucking idiot.,2.5
"I don't think Netanyahu gives a shit about jews, orthodox jews were rioting against the lockdowns and i have to call them at least based for that.",1.0
Stop believing in bullshit scamdemics. Don't let people convince you of not living your life just cause of lockdowns. The powers that be want to control everyone.,1.0
"the orthos sniff their wife's snatches all the time
they noticed pretty quick, that there was some issues with the cycle
bang, the rebbe council issued a ruling to stay away from the jooo juice
jooos, they are their own worst enemy
so comical, that bunch",2.5
Damn those were the times. Kinda wish them back,1.5
the cool part is the irreparable brain damage they gave kids,3.5
"just pure luck, eh?",1.5
"Twitter posts in a dead media print
lmao that shit spreads like AIDS",1.5
"who here deserves this patch?
i am lucky to know a whole bunch of purebloods....
jooos, always comical...",2.0
It was the best of times,2.5
AAAAAA I'M SO EXCITED FOR JEW JEW SERUM I CAN'T CONTAIN MYSELF,INVALID
Andrews should be killed,1.0
https://www.youtube.com/watch?v=ancB0j3BD1o,3.5
RIP Tiffany Dover,1.5
how did she paint her toenails,1.0
Very carefully,1.5
"Get in the gulag, schizo",INVALID
Sadly Biden shit himself realizing normies are refusing to work so they called it a victory and pretend like nothing happened and forced people back to work.,1.5
the cattle are dangerous when they think it's socially acceptable to harm others,INVALID
"IRREVERSIBLY damaged society. The last 5 years are so fucking surreal
I wonder how much of it was ""They Live"" glasses, showing us how fucked up it already was (especially with boomers and chicks) vs. the actual final straw that broke things
But, yeah, consequences have never been the same",4.0
One of my favorites,1.5
Ok sure go swim in the ganges river ranjit,1.0
Heckin science rules,1.5
When does the cheaper real estate start,1.0
This guy was based,1.0
"never forget
never forgive
i treat every vaxxcattle as second rate now
i try and deal with purebloods only
can be done!",1.0
Did you get the swab,1.0
"Poor lady
F",1.0
"Unvaxxed
Untested
Uncut
Unemployed",1.5
"that's how law enforcement works. grant immunity to all people policing it no matter what they do. don't let a single arrest happen. then no one is intimidated.
did you know mossad set up counter insurgency task forces when fracking started in the midwest USA?",1.5
"No one remembers or gives a shit anymore
You got that right
No one held accountable
And that is why",1.5
"it irreversibly damaged my health, for sure.",1.5
The human species primarily runs on synthetic falsehood,3.5
"Why are Australians so meek and cowardly?
If there’s any white country susceptible to being conquered it’s them.",3.0
Why are Americans even more shitty posters than Canadians now?,3.5
"WTF???
blackrock CEO this time
https://xcancel.com/ProjectConstitu/status/1952062464860004766",1.0
"blackrock CEO
It doesn't say that, illiterate nigger.",1.5
Absolute HERO.,1.0
Asshole you really made he hope. Learn to read pls,2.5
What would happen if a business has a bunch of empty rental properties that were burned to the ground? That probably wouldn't make them very happy.,3.5
"hello citizen, are you thinking illegal thoughts?",3.5
They’d get the insurance money. What would happen if their homes burned to the ground.,2.5
"inconveniences insurance companies as well
That's just gravy.",3.0
"It's better if it isn't televised. Publicity is a double edged sword but doesn't always prevent ""copycat murders"" not when it's idealogical. People should generally get paid in turn for what they benefit society with. Not for being one of the biggest leeches on the planet.",1.5
https://i.4cdn.org/wsg/1754260309505397.mp4,INVALID
"outbid families with cash offers
wonder if they're operating in my town. Bought a house fairly recently and it was almost impossible. A house would come on the market, I'd show up within hours of it coming on the market and offer asking price and they'd already be signing paperwork for an above-asking cash offer. Eventually I sold off my retirement to be able to offer cash and they'd still just keep adding 5k above my offer until I said no then they'd buy it. The house I ended up getting was a cash offer for 15k more than they asked with a company offering an extra 15k above what I offered also cash but the owner chose to sell to me because he said he wanted his house to go to a family not a company.",1.0
lol,INVALID
lmao,INVALID
"MORE SHOOTING AT USELESS FOLDERS PLEASE, THAT'LL SURELY MAKE A DIFFERENCE
REMEMBER OCCUPY WALL STREET?
YOU WON'T DO SHIT",3.5
"MORE SHOOTING AT USELESS FOLDERS PLEASE, THAT'LL SURELY MAKE A DIFFERENCE
What did the nervous Israeli mean by this?",1.5
"Back when Luigi shot that CEO, the media thought they could demonize and make an example out of him. Instead the opposite happen. This guy was cheered by people. It got to where they were terrified of copycats. This time around they are going to try and bury this story. They do not want a chance this shooter becomes a hero as well.",3.5
"blackrock
It's Blackstone retard.",1.0
"I have one spamming me.
They make it look handwritten and local, but no actual person would buy a house without even looking at it or checking if it is for sale (it's not).",3.5
"emdashes out the ass
and that's why the story is being buried
it's not just X, it's Y
Take your chatgpt slop somewhere else. This is embarrassing even by shitter thread standards.",3.5
"Uhm, sweaty, the news said the shooter was looking for the sportsball offices and the victims were RANDOM targets. It's just a coincidence a CEO of a Blackstone subsidiary was caught up in the RANDOM violence.
Why would the media try to bury a story or purposely mislead the public about the motive? These highly trusted news sources and their reporters have this little thing called INTEGRITY. you guys are nothing but a bunch of tin foil hat wearing schizos and spreading this fake news is very problematic. DO BETTER",3.0
"What would happen if a business has a bunch of empty rental properties that were burned to the ground? That probably wouldn't make them very happy.
Chek'd adolf. Property ownership is public record. I don't think they would be happy about that. It might crash their fund.
They would also hat it if laws were passed heavily taxing multiple single family housing ownership.
Wall Street went on a home-buying spree. Now, more lawmakers want to stop it from ever happening again.
Democrats in the U.S. Senate and House have sponsored legislation that would force large owners of single-family homes to sell houses to family buyers. A Republican’s bill in the Ohio state legislature aims to drive out institutional owners through heavy taxation.
Lawmakers in Nebraska, California, New York, Minnesota and North Carolina are among those proposing similar laws.
Lobbyists are pushing back hard. Call your politicians.
https://www.cnbc.com/2023/02/21/how-wall-street-bought-single-family-homes-and-put-them-up-for-rent.html
https://www.forbes.com/sites/rogervaldez/2023/08/02/counterpoint-wall-street-ownership-is-why-housing-is-out-of-reach/
https://www.realtor.com/news/trends/wall-street-has-spent-billions-buying-homes-a-crackdown-is-looming/
https://jacobin.com/2024/05/single-family-homes-rentals-wall-street",3.6
"People should generally get paid in turn for what they benefit society with. Not for being one of the biggest leeches on the planet.
Cool it with the antisemitism anon. It's a lie that Jews have been buying up all the homes.",1.0
"house would come on the market, I'd show up within hours of it coming on the market and offer asking price and they'd already be signing paperwork for an above-asking cash offer.
That's how they operate. Blackstone isn't the only company doing that though.",1.5
"This is the problem when real estate isn't regulated enough. Just like food, oil, banking, and the internet, housing is a basic human need. Thus, it needs to have at least some level of regulation because people should have the opportunity of owning a living space.",3.5
"This time around they are going to try and bury this story.
Um sweatie, he was targeting the NFL, but some random people were shot. this has all been debunked by CNN.",2.5
They did all this in full throttle when the COVID gave them the opportunity. Just flood the news with covid and nobody would notice the houses being bought up en masse and at an all-time low.,2.0
"Uhm, sweaty, the news said the shooter was looking for the sportsball offices and the victims were RANDOM targets. It's just a coincidence a CEO of a Blackstone subsidiary was caught up in the RANDOM violence.
Exactly. Totally random goyim.",1.5
"people should have the opportunity of owning a living space.
Stop with the antisemitism. You will own nothing.",3.5
They are probably using them as an underground railroad for illegals.,2.0
"that's okay
MIGApedos will be glad to simp and save their beloved ceos from the wokies!",2.5
thank you peter for redpilling me on the broken capitalist system,1.0
"semantics
Same fuckin tribe, anon.",INVALID
"Same fuckin tribe, anon.
True.",1.0
We just can't help it,4.0
Probably dropped his dialatior on the keyboard,1.0
"Her office was on the 33rd floor
Hmmmmmm",1.0
"If americans have to worship negroes, why not worship negroes like him?",1.5
wow its almost like there are people out there making the world shit and removing them will probably fix things,3.5
TKD,INVALID
TFW you realize troonysoft mememagicked this,1.5
We talking about the ninja?,2.0
wow its almost like there are people out there making the world shit and removing them will probably fix things,2.5
Extremely grim days. Entire country becoming a Jewish rentseeking scheme. On top of offshoring. Nearing unbearable conditions. Those massive real estate companies have ruined the entire housing market so they can rent seek,3.7
she looks white,1.0
"wow, ok maybe """"""white""""""",3.5
"You're a wet behind the ears kind of faggot. Your eyes are far too close together for me to trust you. Late stage capitalism? How about late stage jewism. They fuck with the system. Capitalism isn't inherently bad. The people who take advantage of it need it hang in the town square, but make no mistake about it, capitalism in and of itself is not the problem. Jews are literally the problem.",1.0
Bumo,INVALID
Praise the lord !,1.5
"They are indeed. Whites in USA had a great partnership between labor and industry that allowed factory standard normal men to buy a house and support a family on one salary. Jews did what they do, which is be unbelievably greedy, and things are more like Mexico than any white European nation now",3.5
"real capitalism hasn't been tried yet
Shut the fuck up you stupid nigger.",3.5
"DONT GET MY HOPES UP
I was so happy for a second I had to look up if that kike Larry fink got sacked by a autist. And now I'm sad. Fuck you op.
He is still alive sadly. But hey if anyone wants to be a hero lol",1.5
what a great day for the american people. I really hope scum like this CEO was lives in fear from now on.,1.0
"My last job was a 30 minute ""stand-up"" meeting every day + end of day retrospective that was scheduled for 10 minutes but always took 40 minutes. This meeting-culture is utterly insane. I'm convinced this is just some lone boomers way of social interaction.",3.5
I lived to see it. Americans redeeming themselves. What a time to be alive.,3.5
"Lol. You're such a retard. There's literally NO benefit, to owning your own home. My land lord constantly SEETHES, because I keep pissing and shitting in the stairwell. STAY MAD. I'll stay winning.",INVALID
"man if Larry Fink were assassinated I might cry id be so happy
instead, fuck you",3.5
"This is awful, you can't sustain a viable civilizaiton like this since the very purpose of it is to provide basic needs + a few wants of the majority of it's participants, otherwise what's the point.
You have people/corporate that add no value and in fact only extract it, saying ""you have to be my wageslave and give me all your spare money"" and they just expect that into perpetuity people will buy into this system, forever.
This cannot possibly go on long term, yet it is short term, and I have no idea how this can end well.",1.7
stfu kike,2.5
"it's funnier when you realize the ""money"" is just debt leveraged against itself, and people kill and die over it",3.5
"/thread
post again when larry fink gets weegee'd",1.5
The endurance of human civilization is basically predicated on a tug-of-war between parasitic jewish rent-seeking behavior and the relatively prosocial norms of every other culture on the planet. Guess who's winning right now?,3.5
You got me excited thinking someone had managed to wack that swine L. Fink.,1.0
"They get a massive influx of investment capital and the supply of housing shrinks, inflating the rest of their homes values. It's a lose-lose situation until there's some sort of legislation or a complete economic collapse.",3.5
Hey hey hey,1.0
"Good friend of mine bought a house 3 or 4 years ago. The initial house he wanted, he ended up offering $40,000 over asking price and was still outbid. This is in the Midwest in a low cost of living area. I think the house was listed for under $300k, he overbid by that much and still couldn't get it",2.5
"stone, rock .. tomayto, tomahto",1.0
Based. I wonder if it's psychopathic jews getting rid of political enemies under pretense of fighting the power,1.0
https://i.4cdn.org/wsg/1754260309505397.mp4,3.5
I like this but the housing pictures need work. Terrible job on those pictures,1.0
"CEO of Breit, a subsidiary of Blackrock
So a CEO, that works for Blackrock.
IE a Blackrock CEO.",3.0
"Burgers won't do shi- ACK!
When are euros going to follow suit?",INVALID
It's Blackmineral!,1.0
The guy that gets Larry Fink will be a folk hero,2.5
"Purely hypothetical, so agent Johnson can fuck off - I don't think shooting the CEOs will actually achieve anything. There'll always be the next psychopath waiting in line to fill their slot. They won't care about the risk, the $$$ will either blind them to it or they'll just hire a ton of security.
Who you'd actually have to target are the lower rungs, who are ""just doing their jobs"" and can't afford to seclude themselves away.
One psycho alone isn't going to achieve anything, but one psycho having thousands of normgroids at his beck and call will.
You'd have an easier time making people scared of working for these obviously evil corporations than you'd have burning through all the psychos in your country.
It was the same during Corona. It wasn't the cops enforcing the measures, it was Becky, the fat obnoxious cunt from next door who'd raise a huge stink and threaten to get the authorities involved day in day out. A single good backhand would have fixed it.",3.5
Is there anything worse than our existence?,1.5
"A man who lives without realizing his potential in life is worse
Be well, brother",1.5
Your spread,INVALID
Good words,1.0
Puzzling how trains made it to the top of the Indian food chain,1.0
"Is there anything worse than our existence?
No.",4.0
No.,1.0
The way you eat,1.0
You're not evil. You're just not meant to mix in the West. We are very incompatible. Also you seriously desperately need to stop polluting to such insane levels the seas we all share.,3.5
jews,3.5
Cockroqches aren't evil either. Cancer isn't evil. They all should be eradicated though.,1.0
"be well, india fren. i know i say mean things about you here but i really don't hate you. some of you are actually trying.",2.5
"nothing
even blacks have better physique and have BBC meme
we literally have nothing
we are creepy smell dirty weak manlets thanks to thousands of years of vegcuck slop diet and arranged marriages
we have gutterwood and cucket ruining the minds of young guys
we have no sports or gym culture, hence our males have zero discipline
and we have a shitty culture on top that emasculates males and expects them to be servile bitches to mummy daddy even in their late 30s and 40s
on top of all that, our shitty indian parenting ensures all the kids are thrown into rat races to become a useless engineer or doctor and then beg for jobs outside the country, while this country remains an unsalvageable shithole forever",1.0
"true
poojeet culture is simply incompatible with the west
i saw a post from some high caste dindu kike the other day about how they are well integrated into the west while it's da dalits who is bringing bad names and shieeeet or something and it made me scoff in amusement
these pajeet dindu kikes are still trying to pin the blame on india's bad rePOOtation on dalits who literally can't afford to move even cities let alone states or countries
meanwhile, the average whitey has exposure to our ""elite"" class dindu kikes who scammed and fled to the west to live like subhumans
whites have been complaining about poopjeet smell, poopjeet accents, that weird as hell head bob, the creepy pervy nature of poopjeet males, the ridiculous faces, the pathetic lanky skinnyfat manlet physique, the blatant nepotism (firing whites and hiring more dindu high castes), etc for decades
how is this ""integrated into the west""?
poopjeet dindu kikes are all scammer subhumans
i hope the westerners all link up and start mass slaughtering subhuman shitskin poopjeet dindu kike golems outside india",3.5
"This
nothing
even blacks have better physique and have BBC meme
we literally have nothing
we are creepy smell dirty weak manlets
Just this.",3.5
"i live in the greater los angeles area. nobody gives a shit about indians here. if you ever want to come to the states, this is where you should come. cost of living is too high so i'm leaving for another country soon anyway. the weather and the beaches are still nice though.",1.0
"fr tho
is it as bad as /pol/ and codex paj 2 make it out to be
mountains of trash, street shitting, death and carnage everywhere, rape? like is all that for real",2.0
"greater los angeles area. nobody gives a shit about indians here.
Kek Wonder why? Maybe don't pick ""controlled self interest"" leaders
Ro Khanna California Representative
Khanna was born in Philadelphia to Indian >immigrant parents.[2] A self described ""progressive >capitalist""",3.5
"our ""elite"" class
Are you saying they aren't really elites because majority of them are similar you(Dalits)?
What does that say about you(nigger caste)?
You are doing the same thing, i.e. blaming the nigger caste.",2.5
"post with real flag, poopram sukhdickh",3.5
"I am so depressed that I want to die and even I have to stop and say it is really bad
If I did not already want to die, india would turn seeking death into direct suicide",1.0
i'd personally rather be around indians than blacks. does that make you feel better?,1.0
Indian women are fine it's just the men that are terrible.,2.0
"American died more per capita by car btw.
Puzzling indeed car and fenty is top of muttmerican food chain lol
Inb4 source
Search it pigger",2.5
"This makes me fucking sick, All I hear from you pajeets is how America sucks, We pick you as leaders and you make it Worse. Then bitch and troll.",3.5
https://m.youtube.com/watch?v=I1EOWNsbnLw,INVALID
"where exactly do you think the men come from?
they're 2 sides of the same shit-patty.",2.5
"Is there anything worse than our existence?
Mexico, it's objectively a lower circle of hell than yours.",1.0
"literally nobody cares. at least not to the point that people are talking about different kinds of people and how much they don't like them, or anyone getting violent over it. it's not like getting mad about it is going to turn clock back to 60-70's southern california. those days are gone forever.",1.0
"Ok tell me, why are the upper caste also bad?
Is it because they have blood similiar to you(Dalits) or because they have blood similar to europeans(ancient Brahmins)?
Which one is it?",3.5
Please allow me to simp for qt3.14 pajeetas.,2.5
It's not about racism. It's about delusion. Failing to recognize reality.,3.5
"like i said, i'm leaving soon. i don't really care what happens to this place. not my problem. never was.",1.5
"Pakistanis, who are just Indians but Muslim. Somalians.",2.5
alexander should've wiped you out,1.5
Shut the fuck up dalit,1.0
You're gonna anger half of this board with your statement.,1.0
"Yes, the existence of everybody else who has to live on the same planet with you.",2.5
listen to Peppino he's based,1.5
guess you could be pakistani,2.5
"not my problem. never was.
That is your biggest problem.",1.0
"There's nothing better than being Indian.
Cumskins are Judeo-Hindu pets.",1.0
Your flag has a butthole on it. Front and center.,1.0
"slit your shitblooded wrists, poop eaters",1.5
"Pets
Lol",3.5
"Stop projecting, pajeet!",1.5
"it's hilarious that you have to lie and cope like this now since even normie libtards are getting mass-pilled on you dindu cow shit eater kikes
what will you do now? aww...",1.0
"you guys are better than jews and freemasons, you're more like a visceral force of nature. they're on another level of crap. spiritual crap rather than literal poo",2.0
"yes saar we arr your frands an shieeet saar pleeeese approves visa h1b saar!
kek",2.5
Make me dogfucker,4.0
"You eat human feces though, that's literally your caste?",1.0
spiritual feces is worse than literal,1.0
"Granted you take humanity to be the greatest of all creations; the most evil thing would be the destruction of it, no?
How can a ""race"" founded upon the idea of destruction of human blood not be evil itself? I see nothing more evil than the idea that some subhuman even harbouring this idea in their bosom.
Tell me, if u are so enlightened and good, what is ur opinion of white sri lankans getting destroyed by dravidians or maybe the current destruction of kashmiris that your kind favors because of their whiteness and therefore their inherent ""outsideness"". You are not enlightened you pajeet, no racemixed subhuman is unless he vows to be against all racemixing and therefore his own destruction.
You are a hindu copemaxxing faggot without even an inkling of an idea of what is good and not evil.",3.7
"Every Indian that flees their home is weak. A swarm of shit-eating, retarded rapists is stronger than even your most intelligent and righteous individual, apparently. If your culture is so disgusting and broken that you have to run away, don't bring that shit with you as if it's valuable. Every pajeet outside of India trying to show pride for their homeland and culture deserves mockery.",2.5
stinky cowdick worshipping feces golem posts,2.5
You legit reminds me of all the kinky mother fuckers who come to subs like this to get degragated while their masturbating to the comments. Lage raho bhai.,2.5
"Don't you @me cocksucker. I will tear you up a new neo vagina online for free, dicklet",1.0
"you can't even shit in a toilet, shitskin poopjeet",2.5
"what happens when mentally ill desis get 4chan
chill bro. 4channers are delusional. laugh at these fools.",1.5
Niggers,2.5
"India never enslaved other continents. Never nuked civilians. Never started two world wars.
Poor? America is literally crawling with homeless people. Ever seen LA? At least in India people don't drop dead from fentanyl on the sidewalk.
And the caste system? It's basically irrelevant now. Nobody gives a shit outside a few rural pockets. At least thet still have some social mobility.
Meanwhile in the West, you live under a capitalist caste system with a fresh coat of ""reedom"" paint. Westerns call it freedom, but most people just live paycheck to paycheck, drowning in rent and credit card debt until they die. Yes, corporate elites are just hereditary aristocrats in suits.",4.0
"Kashmiris aren't white, they legit have more aasi(nigger) blood than haryanvis.
Also it's just kashmiri muzrats rebelling, Kashmiri-Hindus(real kashmiris) don't agree with those pedo-followers.",2.5
"damn, this is probably the most brutal thing ive ever said",1.0
"India never enslaved other continents. Never nuked civilians. Never started two world wars.
Because they've been nothing but conquered. Please stop ricecel",3.5
even ancient iranians were brown. there are no whites in india. thank god.,2.0
white governance is shit. india became poor with white governance. death to whites.,2.5
"“Saar I am Da Aryaaaan Saar”. You guys are all the same filth. Muslims are a few tiers above you Hindus because they’re not pagan demon worshippers. No Indian is aryan, you guys are all genetic trash below 70 iq poo people.",1.0
"white governance is shit.
Would you like to go back to the Mongols?",1.0
It’s crazy to me how these stinky fucking cow worshippers think they’re gonna gain our approval by hating on their own kind. You will gain our approval by de-spawning,2.5
"abrahamics worship things they cannot see. rome was peak west. india is peak east.
no i hate them but even muslim chinks beat pigskin whites. how shit is white governance?",3.0
I saw a video of David hasselhof doing the same thing though,1.5
"China got rid of all their birds once because the birds were stealing the grain from farms in the winter. Turned out killing them all wasn’t a good idea because they also ate locusts. The very next year millions died because of famine.
Your arrogance and hubris and idiocy is exactly why you need a trillion pajeets bestowed upon your land in order to balance your retard viewpoints.",1.0
"You’re so called Haryani people drive Ubers and work deliver food in our country. They all stink, they all look ugly, brown, weak genetics, horrible sense of fashion and worse of all… they can’t even speak English. Not sure how these monkeys got in our country but all of you need to flee back to your poo covered he’ll hole",3.5
"how shit is white governance?
I'm not living in the rape Capital of the world. If you don't know where that is? Google",3.5
"India is currently enslaving its non dalit population under DEI laws and land expropriations. Humans do not exist in this land, and you think there is no blame on this population that it turned out this way? Then explain their current world polic- oh wait, you are a socialist yourself. Why don't you just shed all this nonsensical argument tactics and just say India is the most forward marching country in the world. Nowhere else does one find policies like theirs, do they?
There are no Tamil Brahmins, nor are there any Kashmiri Pundits.(""Kashmiri-hindus"")
sauce?
zoom in on ur own image.",3.5
"Britain: mass famines in India - ""civilization""
India: didn’t do any of that - ""losers""
lol",3.5
Isn’t that all how and why America was founded though?,3.0
whites are rapey af bro. always spiking drinks and drugging random women. white culture is rape culture. millions of mixed race creaturas are proof whites will fuck anything.,3.0
"ae bhadwe, meri post ka jawab de",1.5
"I don't understand the strong reactions, the constant ""you're a man"" anytime a trans woman posts here, and the bashing.
It seems that us having the right to self identify makes people angry.
If we choose to identify as women, that's none of your business to tell me otherwise.
Also, you couldn't date a transgirl and refer to us ""men"" behind our backs.
I would slap the shit out of anyone that disrespects me like that.",2.5
faggot,1.0
"There would be less incels if you people weren't so transphobic.
Imagine turning down the idea of getting ass because you want to be a bigot lol",2.5
I am a woman,1.0
women,2.5
If they are cute and not insane I am not agaisnt it,2.0
I would but I'm also part gay and also based trannies are ultra rare and chad only,1.0
Jews rape kids,3.5
I'm not gay enough for this.,1.0
"I'm not interested in dating a socially repulsive faggot with no tits.
I only date other socially repulsive faggots with tits, and even then I can't stand 95% of other troons.
I've been putting up with somehow being the most unfuckable 0.5% of the global population and yet overburdened with men who want to fuck for years now, and the idea that it'll only get worse makes me hope there's more social stigma to get you faggots to calm down.",1.6
Well how gay are you?,1.5
Have you considered not being so neurotic?,1.5
"Blaire White is trans and looks better than most females.
She's not even tall like a man",1.0
"Incels >>>>>>>>>>>>> fags
I'd rather be an incel than a tranny fucking faggot",1.5
"awooo
Ultimate MAGA.",INVALID
"You will never be a real woman. You have no womb, you have no ovaries, you have no eggs. You are a homosexual man twisted by drugs and surgery into a crude mockery of nature’s perfection.
All the “validation” you get is two-faced and half-hearted. Behind your back people mock you. Your parents are disgusted and ashamed of you, your “friends” laugh at your ghoulish appearance behind closed doors.
Men are utterly repulsed by you. Thousands of years of evolution have allowed men to sniff out frauds with incredible efficiency. Even trannies who “pass” look uncanny and unnatural to a man. Your bone structure is a dead giveaway. And even if you manage to get a drunk guy home with you, he’ll turn tail and bolt the second he gets a whiff of your diseased, infected axe wound.
You will never be happy. You wrench out a fake smile every single morning and tell yourself it’s going to be ok, but deep inside you feel the depression creeping up like a weed, ready to crush you under the unbearable weight.
Eventually it’ll be too much to bear - you’ll buy a rope, tie a noose, put it around your neck, and plunge into the cold abyss. Your parents will find you, heartbroken but relieved that they no longer have to live with the unbearable shame and disappointment. They’ll bury you with a headstone marked with your birth name, and every passerby for the rest of eternity will know a man is buried there. Your body will decay and go back to the dust, and all that will remain of your legacy is a skeleton that is unmistakably male.
This is your fate. This is what you chose. There is no turning back.",3.5
cherry picked shots and photoshop,INVALID
"You can't clock all trans women.
Here's an example of one that is fully passable.",1.0
YWNBAW,INVALID
"Men who are so emotionally immature, hateful of themselves and women, men who are okay playing pretend and lying, these are not humans any human should date.
They are extremely disturbed and angry.",1.5
"Blaire White has had lots of surgery done to look like a woman, and he still has a dick and balls. He's a man. Regardless of how he passes under average preconceived social norms",2.5
"just like let me lie to you okkkk
Lying makes the baby Jesus cry",1.5
"Blaire looks hotter and prettier than Sydney Sweeney and you'd like to suggest otherwise.
Every one is lying about that chick being attractive to get back at leftists, but she's fucking ugly and looks like she has down syndrome.",1.0
What is this 2021?,INVALID
Masculine face hidden with makeup. Still a crazy troon. Should not be able to own a gun if you can't even handle owning a penis.,3.5
"She's more attractive than ""America's Sweetheart"" Sydney Sweeny.
Imagine looking this ugly and you were born a female.
Males are supposed to have a disadvantage when it comes to looks and yet Blaire is more attractive.
You guys can't even get a better looking cis white girl to stan for.
You're desperate to worship them.
Blaire has shown photos of what she looks like without makeup and she looks good in every photo.",1.5
"Wrong.
Blaire looks the same without makeup on and not drastically different.",4.0
Date me then homo u wont,1.5
I believe in femboy supremacy,1.0
"Even most trans don't want to date another trans so why would I? Gaslight all you want, dating a trans is not straight. It is none of your business to tell me who to fuck. How are going to enforce this? I control where my dick goes. Do you really want to undermine my agency over my own consent?
Maybe nobody wants incels who transition into ugly women.",3.5
"By being super promiscuous faggot with people I can't relate to beyond being able to piss standing up?
I get that I'm pretty neurotic, but it tends to happen when the majority of men consider you repulsive while you still somehow deal with more advances than the average roastie.",1.0
"Blaire is not ugly and looks better than most cis women hahahah
When will you guys understand you can't always tell?
She probably looks better than all the women in your family hahahah",2.5
"If we choose to identify as women, that's none of your business to tell me otherwise.
And if I choose not to date anyone who has a cock, that's none of your business to tell me otherwise.",1.0
"Um, based.",1.5
"Honestly if you can pass then make sure you tell the person you meet that you are a biological male, so they dont feel tricked. Im assuming you are from Thailand.",1.5
That's a man with more plastic surgery than a Kardashian. Still gay.,1.0
HOT BITCH ID MAKE OUT,2.5
"This isn't even remotely true. Most trans women almost exclusively fuck other trans women. It's usually thanks to being in such a small minority, there's an expectation by other trans people that you'll befriend them by default.
Consequently your dating pool as an unstable, confused weirdo full of estrogen is other unstable, confused weirdos full of estrogen.
You know you can get voluntary euthanasia in Canada?
Consider that as an option.",1.5
"Kill yourself. His fucking face still looks male and looks like bad plastic surgery. Does not look good at all. Brown as fuck, too.",1.0
"You're not women.
You're a fag in a dress.
You're a dude with a dick and I'm not a faggot.
You're a dude without a pussy but all the faggotry of women.
Kill yourself.
Faggot.",1.5
"When does a trany become a woman?
According to woke GPT as soon as they start thinking of themselves being a woman they are immediately become one and have the right to use the female toilets/changing rooms, and it doesnt matter if they're a balding bearded brute with no surgery or prescribed hormones or even wearing feminine cloth.",1.0
"When does a trany become a woman?
never",1.5
"Because 99% of you look like men, then of course most of them are also extreme leftist fags. It's a deadly combination of insanity that turns off most people, even if they were initially neutral to the idea.
pic related is my favorite girl (male). Would cuddle with",3.5
"You will not ever be a woman - this is reality. The longer you deny it, the closer you will be to becoming a statistic - of several different kinds, not only by your own rope. As long as you people stay the fuck away from me & obey me when I tell you to get the fuck away from me, go be a degenerate all you like. But when you in anyway become REASONABLY THREATENING to myself or anyone with me or near me, that is when you cease to exist. That is My Right as an American.",1.5
"Hahahah aww you're triggered because im telling the truth.
You're sisters, mother and female cousins are ugly and more than likely fat too.
This fish faced cis girl has an uglier mug than a trans woman who was born male.
A biological male with more feminine features... so many cis women failed the pretty test.",1.5
"I'm not gay nigga.
A man with a dress and lipstick is mental illness and degeneracy.",1.0
Some of them can look cute doe,2.5
Having sex with men is for faggots,1.5
Committing sodomy isn't having sex,3.5
"Plotting against me or other trans women wouldn't go well for you because we carry.
You're sick individuals and will meet your own grave faster lol",2.5
I don't worship the dark one.,1.0
"To any boymoder faggots that haven't had your egg cracked by one, brief interaction with a troon, this is what you'll have to deal with as soon as you consider opening yourself up to the dating scene.
OP is just baiting and clearly isn't trans, but you'll deal with endless horned up guys who'll unironically say the most unhinged, retarded shit in the hopes that you'll at least show them a shred of affection.",2.5
"That is My Right as an American.
Just this once, I'll say that America is based. Don't get used to it, though.",1.0
"Blaire white absolutely passes, but she kinda has that plastic bimbo look that you see in a lot of MAGA women. It's not as bad as laura loomer (who is Cisgender).
But in either case, it's not really my thing.",1.5
"This what leftists are still trying to do. Truth and reality doesn't mean nothing to them because they both can be manipulated and forced to people. For example, if they say X is true, and then censoring and banning everyone who says otherwise, will make the X become true.
These lunatics should be put in their places rather sooner than later with a lesson that they won't forget in their lifetime.",2.5
YWNBAW,INVALID
if you look like a woman you're a woman,2.5
"You're a tranny trying to question my validity? Is this a joke?
Since you've used the term ""boymode"" i know that you're a total brick.
Real transsexuals don't claim you freaks, you're ugly and will never pass.
I've been on hormones since i was 13 dumbass.
You bricks keep trying to segregate Blaire and us other Transsexuals so that society will feel the need to accept non passing troons.
I hate you.",1.5
(x) doubt,1.5
no one really cares about people dating trannys they just hate tranny politics. You are not a woman. just a dude wearing a costume.,2.5
You sound much more attractive than the irish nigger,2.5
"No. Even if you succeed by fooling someone that you're a woman, and you're truly not, you're not a woman.",2.5
"Because 'dating' is precursor to 'marriage', which leads to 'children'. All that happens on instinctual level. Trans ""women"" are barren by necessity and their advances are a lie by either omission or malice. Nobody likes being lied to, especially about something so crucial as their legacy.
Also, fucking an unhealed crotch wound is didgusting. I'm not a necrophile.
Aldo, you are men. I can refer to you as 'she' out of courtesy over your mental anguish, but that is predicated solely on your social proof and mutual understanding of the dynamic between us.",3.0
You're still that gender which you were when you were born. Women athletes don't become men even if they take testosterone.,2.5
Her tits are uncanny valley weird.,1.0
"Since you've used the term ""boymode"" i know that you're a total brick
I said boymoder in the context of someone who hasn't actually transitioned yet, but still feels that they are trans with the intention of coming out. But thanks for again making it obvious that you're just baiting. An actual troon would've known what I meant, but you're a fucking faggot regardless.",1.5
I wish retards around here would stop thinking physical appearance is the sole driving factor in everything.,1.0
You're retarded,1.5
"I know what boymode fucking means and i've NEVER used that term. You know why?
Because my parents put me on hormones young so i've had a smooth transition into womanhood.
I've experienced female puberty and grown breasts. Been using female spaces since 14.
If you didn't transition young, then you're not really trans.
Look at that beast Lilly Tino and all the other ones that troon out at 30.
They're perverts and not dysphoric at all. If you choose to call yourself ""transgender"" instead of ""Transsexual"" then you can't hang with the rest of us. We are living our lives as pretty women in stealth.
I guarantee that you look exactly like like autogynephile.
HE is who transphobes should be attacking, not me.",3.7
"Well it's true, being a woman is a social construct and cis men are the ones that made that rule.
The term woman used to mean ""with man = aka woman married to a man.
You cis men have also created the hierarchy of pretty privilege and hate cis women that don't meet your beauty standard.
This is why transvestigations are harmful.
You're probably meeting trans women that you think are cis.",3.5
"bigot
It's not bigotry to be repulsed by homosexuality. It's a natural instinct.",1.5
"You can get mad at the truth all you want, but im not a liar.
Blaire would be rated as more physically attractive than this ugly, fish faced, bottle blonde slow looking chick.",1.0
"Why is the medical term for a gender transition called MTF aka male to female then?
Trans women are born males, and then transitioned into women, so therefore, it would be straight to date us.
Gay men do not want trans women because they are attracted to muscles and body hair.
I and other transsexuals don't have that.",1.5
"vM7Qw
It's not gay to sleep with a transwoman if she phenotypically presents as female.
If you see a pretty girl. and didn't know that she's trans, it doesn't make you gay cause you liked the female secondary sex characteristics like tits, ass and hips.",1.0
"she
her",1.0
"That's not what sodomy is.
Conservatives are the sodomites.",1.0
If I could just have babies made in an incubation chamber and then don't have to deal with a partner in raising them I'd do it. I don't want a woman partner and I sure as hell don't want a mentally ill faggot freak.,1.0
"At the current level of technology, no amount of plastic surgery can change one's sex. What you think of yourself has no bearing of what I think of you. What makes women valuable is reproductive capacity. Which you have none, but you are doing your best to acquire traits associated with display of female fertility, thus manipulating people.",3.5
"You are a guy.
I like girls, it's really quite simple you see.",1.0
"Tip for next time you try this thread. trannies believe that someone who is a boymoder at sixteen was a boymoder for basically their entire life prior to transitioning.
That's why it's kinda obvious that you're baiting. You vaguely know what the terms mean, but don't know the retarded unspoken implications behind them. Best of luck next time, bro. Practice makes perfect.",3.5
Dang. That was very well written.,1.0
"""Mentally ill faggot"" is a cope when we all know that she looks better than your mom.",3.5
"Your mom looks better than you.
This is not a your mom joke.",2.0
"That's a dude with makeup on.
Maybe you're gay.",1.0
"a bloke jams your dick in his arse, growling at youif you accidentalky touch his
It's the most uneventful form of gay sex after tribbing.
If you're going to be a tranny, be 1. Hot and 2. A powerwhore. We don't want incels thinking they have switched to easy mode.",2.5
"Atrocious thread
>>>/trash/
>>>/lgbt/",2.5
"Absolutely not, every picture of him is at opatune angles.
Same with that other one, they all look wrong when you see them irl",1.5
"Boymoder is a term that transtrenders made up.
Like i said, i just know that you're ugly.
Remember to take your hormones you fucking brick before having the audacity to quote me. I don't take advice from bricks.
Go back to make more posts on four tran about how you'll never pass.",2.0
"mentally ill muppet using the thread to spam pics of his favorite tranny influencer
Letting the mentally ill use the internet was a mistake",1.5
"muppet
Are you using a vpn to avoid the OSA? That's illegal you know",1.0
"I agree you identify as a woman, and I will refer to you as a woman, as you are one.
But, as I dont like skinny woman, and never will be with one, I dont like woman who where born physically as a man, has no uterus or her vagina is not natural, even if it looks and feel as a real one.
Is about what man normally likes, nothing about you, or hate to you.",2.5
https://voca.ro/1lROIQkSka7g,3.0
"Caitlyn Clark looks like a man on TV and she's a cis woman, so i can't imagine how manly she looks in real life too.
She how that works?
You can't always tell. She's not an attractive woman.",1.0
"Yeah i did that for all the losers that claim ""you can always tell"".",3.5
"https://voca.ro/18k8e9TFL924
Im nb does my voice pass?? ;-;",1.0
because i don't like being lied to,1.0
your mic is too low and i can't hear you,1.0
https://voca.ro/1eWqFUebdHI6,INVALID
"Why are you guys so against dating trans women?
I like vagina and I want to have kids",2.5
This person looks like michael jackson,1.0
"i'm not a fag, bro.",1.0
bait,1.0
"Caitlan Clark is trans, many markers but most prominent is this double pronged adams apple",1.0
because your a man and a homo,2.5
"Because women don't have a penis, you are a mental health case and you won't do shit. You are a man with bolt on tits and a wig. Here have a you, you earnt it retard.",1.0
"You have a feminine sounding voice.
It's so funny to me how the bitch that said im not trans, and yet still hasn't released a voicenote but we did hahahah
That bitch sounds like a masculine man and probably came out 1 month ago.
Like i said i know that HE looks and sounds like Lilly Tino.
A cursed, big back, late hon trooner... so tragic.",1.0
"If you're so sure of yourself, that means you think that im a cis woman. Thank you.
I take that for a compliment hahah i posted a voicenote a few posts ago",1.0
Your time is coming tranny,2.5
"You're angry that i pass so well and there's nothing you can do to stop trans women from existing.
Imagine this, you'd work a customer service job, id call you over the line, and you would correctly gender me with she / her pronouns because you hear a feminine voice.
You can't take our hormones or access to gender affirming care.
There's so many trans women you have met day to day without even knowing it.
Also im 5""3, so you'd never know i was born male.
Stay mad incel.",2.0
until you see a video,1.5
id date hunter schafer. not you off course you hairy slob!,1.0
"slap the shit out of a man being a malnourished, frail and weak biafra hormone junkie
not gonna work buddy, you die in one hit.
its very problematic when youre strong, not that you could relate.",1.5
"You have made your god proud, channeling its energy to corrupt a world already soaked in evil. Enjoy your time here on this earth and be proud but understand your destiny lies in the lake of fire",1.0
I don't believe that the Templars worshipped Baphomet. I believe that the Templara provided an alternative to usurious jewish money lending.,1.0
"This is probably reply bait. Either way, you are a man in a dress with excessive hormones being pumped",1.0
"116 replies
it's all bots, I don't believe anyone would be dumb enough to reply to this shit",1.0
"""Baphomet"" is a corruption of ""Mohammed"" - the Templars were charged with converting to Larp-Islam, basically, ostensibly because the king of France owed them a lot of money he didn't feel like paying back.
Being a Usurer
Ever",3.5
"Hunter has manly features and doesn't pass in every picture.
Just looks like a boy with long hair. Gross.
You wish that i was hairy you faggot.",1.5
"right to self identify
hey nigger show me the part of the constitution thats says this
oh wait it dosnt and your just a fucking retard
>>hur dur its a right because i said so; not because of any legal document of worth
i think your a waste of space and identify you as ready to be disposed of",1.0
"Trans girl always stay armed so you will be dealt with <3
I don't even worry about faggots like you.",1.5
Here's your response you were looking for fagboy hahaha,1.0
youre a little hairy whiny bitch and hunter is fucking hot!,1.5
I'd rather fuck real women. Thanks,INVALID
"no women for you, incel. thats back to handbreeding!",1.0
You should really stop taking these,INVALID
Would you breed pregnant?,1.5
"Regardless of the outrage marketing campaign they're running, those jeans looks like shit, hide her features and she looks bad in them.",2.6
"Why are so many whites becoming nazis? Since when is eugenics making a comeback? We need less whiteness, not more.",3.5
/fit/,1.0
speaking of marketing campaigns do we really need so many threads about this bullshit,3.5
"agreed. jeans, in general, look awful on females. If ladies want to look attractive it's called a dress or a skirt. Very little is more sexy than a classy female in a bright sun dress. Seriously. Jeans are for dudes or females doing hard labor.",4.0
gay,3.5
Babygirl is all caked up with that phat juicy booty hidden away in those ugly ass jeans,1.0
"thread: waste of space
OP: waste of oxygen
Faggots",1.0
"American Eagle jeans have always been very ill fitting, I used to think they were for really fat people. Maybe they are",1.5
release the files,1.5
"jews
NPNW threads - meme goldmine
https://archive.4plebs.org/pol/thread/460614733
https://archive.4plebs.org/pol/thread/443055037
https://archive.4plebs.org/pol/thread/446577059
https://archive.4plebs.org/pol/thread/446721938
https://archive.4plebs.org/pol/thread/450704793
https://archive.4plebs.org/pol/thread/452136013
https://archive.4plebs.org/pol/thread/452251327
https://archive.4plebs.org/pol/thread/452889492
https://archive.4plebs.org/pol/thread/452894541
https://archive.4plebs.org/pol/thread/453566463
https://archive.4plebs.org/pol/thread/454373802
https://archive.4plebs.org/pol/thread/455196763
https://archive.4plebs.org/pol/thread/455995281
https://archive.4plebs.org/pol/thread/457599737
https://archive.4plebs.org/pol/thread/458350985
https://archive.4plebs.org/pol/thread/459861184
https://archive.4plebs.org/pol/thread/460614733",3.0
Stupid jeans. I'd remove the jeans and throw them out so I can share her genes.,1.5
OY VEY!,INVALID
Pretty average desu. Is this meant to be an international sex symbol?,1.0
who the fuck believes that?,1.5
"I don’t know or if I’m just at a terminal stage of yellow fever or what… but I think your average, mid Asian chick from any college in America is more attractive than her.",1.0
In modern times this is considered well above average. In the world of modern media and advertising which usually is filled with ugly fat sheboons this is a solid 10,1.5
"they look good, you're just a millenial faggot when ""men"" used to wear tight women jeans, I could never due to my big physical and metaphorical balls
caotcha hhr88",2.5
"don't worry whites are incapable of having sex , they will cease to exist because of how unatractive they are to their own women, and with whites gone israel will be gone as well and all will be good in the world",2.5
"It’s not an outrage focused marketing campaign, it’s just, jeans
But black/brown people suffering victim complex, aka the gayer cousin of racism often like to invent outrage and apply it to themselves as their own self flagellation. It makes everything race based because that is immutable and the only difference they can see.
It’s like having a very insecure friend. He gets upset when you talk about your girlfriend or your success at work. Because he doesn’t have neither and he thinks that’s you trying to criticize that aspect of him.
It’s mental illness manifestation.",1.0
"Honestly, all jeans are shit. They're not pretty nor fashionable, they're just rough clothes for outdoors working men.
Why did it become America's staple?",3.5
Grade A American girl too. She will hit the wall soon bases on how Hollywood is but she is the modern day 9/10 Marilyn Monroe even though Marilyn Monroe was a 10.,1.0
Z,3.5
Go home hohol,1.5
go home hohol,1.5
Z!,INVALID
The swinekraine is losing to this?,3.5
"You know you're next, right?",1.0
Z,3.5
USA is so cooked lmao,3.0
the chinese millenia is here,3.5
based and slavepilled,1.5
Where we're going we don't need boats,2.0
"Chinks need ships to ship their cheap chink produced shit to the USA to sell and pay tariffs to us.
China BTFO again.",2.5
"the chinese millenia is here
I don't understand the mind-set of our kike overlords. Did they really think China would allow USA to role-play as #1 superpower when the citizens are 5 foot tall fat retarded beaners",3.0
"you don't understand, chinks NEED to poach every fucking fish in the ocean, okay???",2.5
"now do nukes, B2 bombers, and BBCs per capita",3.5
sorry but all those resources we have need to go to Israel/black people.,2.5
Feels bad man.,1.5
"capacity
is not a term for things you have not yet built.",4.0
"they are gonna build the triple of everything that you have, they can do the nukes and BBCs too",2.5
this is definitely real,1.5
"If there is a 100% tariff on goods from chyna coming to the US, does that mean we pay the same price and chyna gives the goods for free, or do we pay double?",3.5
"They really are a fucking monster.
I've been earning you sons of pox ridden whores.
And being the sons of pox ridden whores that you are, you stiffed me and did not listen WELL YOU'LL LISTEN NOW: yeah, it's them.
They are already 50% taken over our infrastructure.
Salt Typhoon.
Ling chi.
Super soldiers.
Genetic super soldiers and super students",2.0
"Ugh, the chinks are awake. Good night, slant eyes. You should understand, as you all look so sreepy all the time.",2.5
turns out communists do capitalism better than capitalists,1.0
ships are obsolete,1.0
"China's government spies on it's citizens!
So does the FBI/CIA
China has social credit!
Palantir will have an AI system in a few years
Everything in China is poorly made!
Same goes for weimerica in 2025. Scott Key bridge hasnt even been cleared from the boat crash lmao.
You can't own land in China!
Property tax lmao. In China you can lease land for a lifetime and have that lease continue in your family for cheap. And you can do whatever you want on that land.
Not to mention weimerica has H1b shitjeets and spic scab labor.",3.0
nooooo why isn't a country that has ships building ships,3.5
Avg age of these ships is like 45 years old.,3.0
"you see, the chinamen are not gonna stop building until they have 5x your navy, and then they are gonna stomp you",2.6
"source: my ass
Fucking wumao trash.",1.0
Boomers sold you out to China,1.0
It means you stop buying shit from china,1.5
The US has 1000 military bases all over the world. Who the fuck needs more boats?,3.5
"Now lets talk about your execution vans and rampant youth unemployment.
How about your female deficit and your tofu dregs construction problems?",3.5
Now compare the chinese navy to the us navy by tonnage and carrier capacity,2.0
"You can't.
That's the sad truth",1.0
They could at least have shipped me over.,1.0
"Any minute they will surpass the USN, its only a matter of time I'm afraid.",3.5
"cooked
I'm thinking some cringelords heard based people call someone cucked and completely misunderstood it's spelling and meaning",INVALID
But we got two Skidos and an RV. The price was irresistible.,2.5
"I'm pretty sure China sells it like normal to an importer.
When the importer tries to bring it into the country they have to declare the value of it. They then pay the tariff on that.",2.5
And what is the cost of maintaining such a big fleet,3.5
Don't over think it. Just start smuggling like everyone else.,1.0
"They're ships, they're fuckmassive floating buildings that serve as platforms for other hardware, the parts that become outdated are easily modernized. It doesnt matter if the hull is a hundred fucking years old as long as the engine, guns, bridge, etc get swapped out",3.5
Communism is the end goal of capitalism which is total ownership of everything in a few people's hands while the poor get just enough to survive and get every ounce of labor extracted from them.,4.0
"They'll find out, especially since their temu ships will fall apart quickly",2.5
"nah chinks are just born with good merchant instinct
like jews but with less politically involved diaspora",3.5
Worse still is people tolerating it. Do not tolerate gay zoomerisms. Mock them relentlessly.,3.5
"We know how good we make them, you don't have to remind us.",2.5
novel cope,INVALID
"Are you fucking retarded? Do you know how much it takes to service a 80,000 ton carrier?
Fucking zoomer buffoon.",1.5
"isn't the worry that should hostilities occur you simply couldn't keep up with the amount they produce? That was apparently America's super power in WW2 when they could just overpower through shear volume of production. Well, along with logistics.
Sure we're at peace and pretty friendly with China all things considered, but has to probably be in the bad of the mind. You may be in danger.",3.5
Those Chinese 'ships' are made of Chinesium.,1.5
"localized problems caused by incompetent governors
there is a place for them and they shall be replaced by the people's voice",2.5
"doesn't matter if they are 100 years old
Salt-water disagrees with you.
But OP's image is rather well pointed. Until NYC has no control on US production, we'll languish waiting for it to be ""profitable"" and ""properly insured"" to do what we must.
The WH is going to have to show up in a half dozen places and put nooses on the nay-sayers, personally, to get anything done. Don't have to drop the floors, just identify the resistance, and get it known.",2.5
i kneel,1.0
"They have 5 times everything we have.
Or, will soon
Think about THAT
Put THAT in your pipe and smoke it
Five times the schools, five times the soldiers, five times the hackers!
Only silver lining is they are each about
1/5 the size of a normal human being,
so",1.0
Normally I would say quality over quantity. But quantity won WW2 and if this ratio is true you're fucked.,1.0
"muh bullshit wumao propaganda
Sorry chang, it'll never find you a wife.
Poor guang gun, forever single.",1.0
"You would. While you're down there, tie my shoes? Thanks.
so
get hand tools, and learn how to make basic shit in your garage. back to shop class with the lot of yah.",1.0
"They have 5 times everything we have.
Prove it.",3.6
"The thing about billionaires is that they have more ego than they do smarts. Peter Theil thinks he can run a society where everyone is a slave besides him under the threat of murder. What kind of life is that? Part of the joy in life is being able to talk to people and have a normal conversation. When you are a billionaire, you surround yourself with yes men and become isolated from reality. This makes you insane. Even if he does successfully take over the nation and become king of the United States, what does that accomplish? He will still be a miserable psychopath. A person who becomes a billionaire objectively has a fucked up brain. These people will never be happy or satisfied. At least with China their ego projects are shit like “we solved homelessness”. It’s a nationalist ego instead of an individualistic ego. Most Chinese citizens would happily fight with China in a war. How many Americans would fight for America? Not nearly as many.",3.5
The average age of chink ships is a few weeks since they fall apart/catch fire/sink as soon as they are exposed to water.,1.0
"let me ask about your child pornography problem and your SECOND real estate bubble, muttbro",3.5
"Chinks need ships to ship their cheap chink produced shit to the USA to sell and pay tariffs to us.
China BTFO again.
This",3.5
"50 years ago, China was a backwards shithole that we sent food aid to, to help keep hundreds of millions of chinks from starving to death.
The billionaire class took money out of the US and invested it in China, helping to pave the way for Chinese infrastructure to surpass our own, and giving them nuclear weapons capabilities.
We were sabotaged from within, primarily by jews, and yes these jews want us to go to war with China now.",2.6
"Kek, poor wumao, you'll never own a car, a home, or a woman.
How sad for you.",2.5
americans pay the tariffs not chinese lmao trumptard btfod. literal self anal rape. how do migas even do it? how do they manage to fuck america so hard?,2.5
"there will not be another giant war like WW2 anytime in the future as long as we don't regress significantly. It requires a lot of ignorance and warrior-traditionalism to do something like WW2, which was truly at an unprecedented, incredible scale compared to other wars. Random battles on the eastern front have like 100k casualties. Not even any nefarious schemes by (((them))) will be enough to convince the puppy juvenile versions of ""men"" today to consider it worthy of dying over some stupid shit that affects their day to day life like 1% at most",4.0
"China has been beating you for millennia, China collapse started in the 1800s, they are just claiming their rightful place again, westerners cant comprehend this because they are not educated in history or they have a very European centric view on it.
country with the highest GDP in the world by century:
1000 - china
1100 - china
1200 - china
1300 - china
1400 - china
1500 - china
1600 - china
1700 - china
1800 - china
you don't understand that china dominating is the normal
all these centuries westerners wanted access to chinese goods and technology, you built the worlds largest navies just so you could trade with china
And China was already building the worlds biggest ships and navies before you even set foot outside europe
https://en.wikipedia.org/wiki/Chinese_treasure_ship",3.0
Fishing boats?,1.5
"saltwater
That's why we bring ships in to drydock to scrub barnacles and repaint the hull, plus I don't doubt that rust damage can be patched considering many ship hulls are already a patchwork of welded plates. The only thing I could see a modern ship hull having over a half century old ship hull is Maybe being stealthier or more hydrodynamic, it's not like we've made some grand development in shipbuilding technology to make them more resistant to getting holes blown in them in that time.
That being said I got family who work in the newport news ship yard so I'd 100% love it if we started rotating our older ships out to justify building more new ones, even if it's not necessary I'll never complain about giving welders more work",2.5
"china has never
EVER
NOT EVEN ONCE
attempted to invade a foreign country who they didn't share a border with
and they'ev DEFINITELY never done it by sea
it their supposed THOUSANDS OF YEARS OF HISTORY
....
but get a load of this goy
this time
they
will
AHAHAHAHAHAHA shut up you fucking pussy china ain't gonn do SHIT
two weeks amirite?
HAHAHAHAHAHAHAHAHAHAHA
PUSSY",1.0
"This is why you lost turbo faggot, you don't understand the basics.",1.0
"4KDJT
I don't even want to see him in 240p.",INVALID
This is what happens when Jews run your country.,2.5
"this is my view too
But I dont express it that much because I imagine that making it a popular sentiment might cause China to act out just to show they really have balls",1.5
"braindead mutt totally misses the point
rangeban north america",1.0
"Do tell, what is your brilliant point ccp shill?",1.0
"The U.S. GDP is actually 748,970,631,264,587,969,087,234,576,898,907,123,645 a week.
Just like China I made it up.",2.1
"shipbuilding is slave work.
all of the managing and engineering is done by white crackers and the slave work is done by chink peasants.",1.5
"The Chinese are slaves under the Turkish Tang Dynasty, the Chinese are slaves under the Mongolian Yuan Dynasty, the Chinese are slaves under the Manchu Dynasty, the Chinese are drug addict slaves under the British rule, the Chinese are slaves on whom the sharpening of swords is tested under the Japanese rule.
The Chinese are starving slaves under the MAO rule.
And only in the last 40 years, when they first had National Socialism, did they break out of slavery for a thousand years.",3.5
I'm pretty sure in the time of the Chinese treasure fleet they did some deposing and creating puppet regimes in their region.,2.0
"OHP
Ticonderoga
(((LCS)))
2015 fleet composition
OHPs have been out of US service for 10 years, the Ticonderogas are all out of service within the next couple of years, the LCS ships are dogshit and break down too often to be useful. The only things here worth a fuck are CVNs, Amphibs and the Burkes. I'm not even being defeatist when I say china can shit out luyangs and renhais so much faster than we can, sure they don't have nuclear carriers (yet) but CV-18 is a huge step in the right direction for them. The US Navy is running into a ship building crisis and doing absolutely nothing about it. DDGs have to pick up the slack from both the CGs and FFGs which are both no longer in service and they have to do it globally, meanwhile China only has their backyard to worry about. This is not a situation that is going to get better with time, only much much worse.",3.5
"kinda impressed we're still a significant naval power, but with this only counting dedicated military vessels it's a bit meaningless
merchant navies have always been significant players in war time and the chinks could close that gap quickly outfitting cargo ships with artillery
not as effective as aircraft carriers, but you get enough them out there as decoys...",2.5
"dude boats are useless in modern war heh the us is cooked
dude my guy look how many boats the chinese have hehe plz die for israel
All jews report to the oven immediately",2.5
"do they know warfare changed?
still use boats
lmao",1.5
Oh yeah? Well how many niggers are they funding to sit on ass? Niggers are a more dangerous weapon than nukes. We can airdrop millions of niggers on them.,3.5
"chinese goods and technology
goods yes, technology no
chinks had their tech outclassed by europe by the time of the renaissance, and only recently have they ""caught up"" by stealing our technology",3.5
Isn't maga supposed to solve this problem?,3.5
WTF I thought you guys were banned.,2.5
"bow down to your chink shipbuilding cracker girlboss, chang.",2.5
"Neither will you, mutt.",1.0
"I live in an incompetent tyranny, they probably don't even understand how to block websites only how to threaten cowards",1.0
Pussians were saying the same thing about their tank production. Now look at them lmao,3.5
What is the average life span of a Chinese made vessel compared to that of one built in any western nation?,3.5
"50 years ago, China was a backwards shithole
i sponsored a chinese orphan for less than 1 cup of coffee per month in the 1990s.\
but she died in a horrible smelting factory accident. she was just 11 years old.",1.7
"china astronomically outpaces US industrial capacity, including shipbuilding
actual kike confronted with this fact no longer bullshits about ""total and perpetual american naval supremacy""
instead creates cope about maintenance, as if that's somehow only an issue now that China is ascendant, and also not directly correlated with the ability to build ships in the first place
(you), a spastic subliterate, jump in and assume that I thought that maintenance doesn't exist for calling out this genuinely absurd cope
is the situation clarified, nigger?",3.5
"no sources
More chink lies.
No one believe what you say baby dick.",INVALID
"It's not about world domination or anything stupid like that but about money.
In other words banks and stock values. Absolutely nothing else matters to them.
Of course the end result will be that the economy is butchered and collapses, but nigga they already own everything that exists. It's not them who are jobless.
Their wealth won't inflate away either because A) they own too large of a proportion B) they control the banks, C) they already hid it away, D) they made it up,
this means when one place is ruined they'll simply go to another, or wherever; it's the entire point of globalism and why globalism is jewish.
shit up one country
move to next
ANd no, all countries being shat up doesn't matter to them either.
still owning everything
They'll simply not bother to leave their private pedo island paradise. And why would they want to visit the anarchic negro-asiatic barbarian regions? Why visit the police state that's literally their property and a giant slave plantation? They have goons to look after that shit and whip the goyim. Public politics already are fake; they'll stop having it when it's no longer necessary.",2.5
">>china astronomically outpaces US industrial capacity, including shipbuilding
rook how good we are at being slaves. rook at all these ships we built for our white masters. rook at all this cotton we picked.",2.5
"cooked
kys",INVALID
"millenia
That is a plural word. You are illiterate.",4.0
Did you just presume the milleniums gender?,2.5
"the world stands at a crossroads
pajeet, my son, yuo must choose
chinese micropenis
muttkike mutilation
lmao",4.0
"quantity =! quality
1 american ship can take out half of what china produces in that shipyard.
2 ships can take sink them all.
1 american fleet can take out multiple chinese fleets, multiplied ^.
asians are about appearance, westerners are about substance, that's why the only threat to america or western nations are other western nations.",1.0
"it means youre a coping faggot trump supporter and deserve to be in a recession with riots worse than george floyd, this time next year",2.5
And how about a guang gun like you?,1.0
"Leftists really are awful, shitty people.",2.5
Keep working on you're English.,2.5
"all so you could trade with a market
its not about the money, anon, its about the market.
china has always had a large population, ripe for exploitation, and that's what every european sought to exploit.",4.0
China doesnt have our secret weapon! Infinity indians!!!,2.0
"That is so fucking gross.
""Humans"" eat that way?",1.5
"Wumaos have got to be some.of the most pathetic creatures on the whole internet. I mean, I guess they're at least getting paid, but I somehow churning out state propaganda for wagie prices almost seems even more sad.
Also, Taiwan is the real China,",2.5
"Are you taking Chinese produced numbers seriously
Looks at flag
You're either confused form all the blood poling in your skull, or you're a bugshill with a VPN",1.0
"Can you faggots stop saying ""x is cooked"" and also ""let them cook""? Yea thanks in advance you zoomie niggers.",1.5
"Indians do, humans do not.",2.5
Chink propaganda. The Chinese can't and won't fight this way. They're subversive and are focused on destabilizing instead. Like Jews but worse at it. Hence these posts.,2.5
how long do you figure they surpass US naval power and the world seas become chinas ?,3.5
"They're ships, they're fuckmassive floating buildings that serve as platforms for other hardware
Yes
the parts that become outdated are easily modernized.
WRONGGGGGGGGGGGGG
It doesnt matter if the hull is a hundred fucking years old as long as the engine, guns, bridge, etc get swapped out
WRONGGGGGGGGGGGGGGGGGGGGGGGGGGGGGGGGGGGGGGGGGGGGGGGGGGGGGGGGGG
Picrel explains it best
Have cruisers
Lets moderinze them
Start with 11 ships
Ermmm its getting kinda expensive, cut 4
Start modernizing them
Errmm its taking too long, its more costly than we thought!
Cut some more
Only have 3 ships modernized, rest were sent to the scrap yard
So we started at a 11 ships but according to you its so easy that they only modernize 3 of them? But its so easy? What happened?",2.5
"millenia is
illiterates gonna illiterate.",3.5
doesn't china have mandatory service?,3.0
"Most of those chinese ships would have a fail rate of 70% and none of it is reported outside the ccp meetings
The only reason nobody has chinkfail vidya of the chinese navy ships or subs is because there isn't any cctv in the middle of the south china sea.",3.5
chinas military sucks,1.0
and you smell like fish,1.5
"Most of them are fishing boats listed as large ""ships"". But China's fleet is nothing to scoff at, they're decimating the oceans and need to be collectively rounded up, executed and towed back to port for recycling.",3.5
"doesn't really matter so long as it sucks less than the US does. And so far the US is trying to sink their own ships by ramming anchored cargo ships. Not sure getting shot at is going to do them any favor's. Meanwhile china can lose half its navy and the chinese wouldn't even notice. They'll rebuild it and filled it with just as many soldiers and sailors without an eyeblink.
Whats the lost ratio vs rebuild timeframe on the US fleet? Ten years to replace even one ship?",2.5
Okay leaf now calculate how many drones china makes and also the cost of a chink copycat shahed vs a Raytheon Lockheed Martin TM drone3000,3.0
"USA is so cooked lmao
Naval supremacy is a bit of an outdated concept in the 21st century, when the US can simply send bombers to destroy anything in the world whenever it wants, and can even do so from it's own shores, even if it has zillions of military bases across the world. The US Navy has largely been relegated to a mission support function.",1.0
"Actually, statistics state he most likely has two of those three already, anon...",1.0
"In America, woman owns you, landlord owns house and you own a license for your car's heated seats, if you're lucky to afford all that lol",2.5
Do they? Or do the Chinese eat into their margins to prevent US competition from expanding?,3.5
"outfitting cargo ships with artillery
Uh, no. I guess you could put seacans with missile launchers on them.",1.5
Jews are inherently schizophrenic and pivot irrationally,3.5
"You dont even make sense wumao.
-100 to your social credit score.",1.5
"and the chinks could close that gap quickly outfitting cargo ships with artillery
There's like 3 ways out of the China sea, neither controlled by China and all three involve getting close to the shoreline of countries with American bases and who China has active territorial conflict with.
Nigger rigging cargo ships is a shit idea.",1.0
none are controlled by China,3.0
"Gwailo cant even cant make the boat LMAO
LOL america CANT
Taiwan is Zhongghuo btw but we don't retake it because we don't want to, weak amerimutt navy has nothing to do with it",1.5
"white man can use thought reality tech, don't need to spam units when we can teleport",3.5
"Japan had a similar problem. They lost the war. Ships are obsolete though, drone carriers is what you need and those can come in any form.",3.5
submarines nigga,1.5
Ships need proportional air support to defend them.,2.5
How many of those ships will fall apart at sea?,3.5
"Yes. Their capitalist elites are never above the government. Any billionaire there that gets uppity, just disappears.",3.5
"Oh look, this thread again",1.5
Majority of their Congressional assembly are billionaires. It's more you won't get to be a billionaire unless you are a high ranking member of the CPC/CCP.,3.5
"I believe so, but there are a ton of loopholes to get out. But most of them genuinely love their country. Compare that to us where just a few weeks ago everyone was talking about dragging in the case of a draft. Half of Americans would rather just have China win. That’s how much they hate our greatest ally Israel.",3.5
I look like that and think those things,INVALID
"But most of them genuinely love their country.
No. You haven't talked to many Chinese guys have you?",3.5
"for every bullet you produce i can make 50 arrows
lol",1.7
"OH yeah??, well how many mobile Burger King joints do they the capability to field? Wars are won on more things than just muh guns and missiles",3.5
"Most Chinese people, including the women, are genuinelly nationalistic. The ones you meet who immigrated there tend to be the exception. There is a reason they choose to immigrate there. Also many of the Chinese there aren't even from China, but from Hong Kong, Singapore, Malaysia...",3.5
Implessive.,1.5
Proud to be a neighbor of China. One day we will get a new non-ZOG govt. that will not be opposed to an India-China-Pakistan partnership.,1.0
"Most Chinese people, including the women, are genuinelly nationalistic.
Not really, it's the older generation that's nationalistic in China. The younger generations feel like prosperity and job opportunities are kept from them in order to appease the older demographics. That breeds resentment.",4.0
"projection, the younger generations there have much more opportunity. The younger generations are much more jingoistic. The older generations were much more westophile than the new ones. Again, the ""Chinese"" you meet there are sons and daughters of Hong Kong refugees, immigrants from malaysia and Singapore, and a few anti-CCP refugees from mainland.",3.5
"Again, the ""Chinese"" you meet there are sons and daughters of Hong Kong refugees, immigrants from malaysia and Singapore, and a few anti-CCP refugees from mainland.
its true, they are very cringe and every true Han should strive to kill them all",2.5
Unuronically this. Why would you build boats when you can make trans-medium craft? It'd be like being beat on bow and arrow manufacturing. Like who gives a fuck.,1.5
"the younger generations there have much more opportunity.
China has a higher youth unemployment rate than the US and far lower income relative to experience.",1.5
"USA nuclear tests: 1054
USA nuclear hits: 2
China nuclear tests: negligible
China nuclear hits: 0",3.0
Full support with jewish zionism canceled. jewish communism is his best friend now.,4.0
don't underestimate the power of a few politicians to sacrifice the enitre country for their loony ideals,2.5
I hope so. Possibly they will deal with all subhumans too.,2.5
This is called having your national priorities correctly planned out.,1.5
"That flag cannot mask your eyes
Five times the illiteracy
Five times the diseases
Five times the water shortages
Go fight india; you don't want a gloves-off fight with the West. You think you do, but you don't.",3.5
"The thing is, with the birth of hypersonic missiles the modern strength of a blue sea fleet might be greatly overestimated. Nobody has yet attempted to use one to sink an aircraft carrier but if the Houthis were keeping the Americans at bay with flying lawnmowers then it does call into question how effective the US would be against China.",1.5
"Australian is talking about Water Shortage?
What water do you even have in your desert shithole?",3.0
"kinda impressed we're still a significant naval power
On paper, maybe.
In reality, most of that shit is permanently in dry dock rusting away. It was either last year or the year before when all of our nuclear subs were out of commission. If you think the competency crisis is only affecting civilian infrastructure you're sadly mistaken.",3.5
"kikes don't control everything (yet), kike. Stop trying to overproject your power, kike. Also you work in JIDF and are the least powerful kike.",1.0
"reeeeeeeee
china controls india's fresh water supplies, and you'll never be in a position to fucking take control of your own water future. You'll forever be a slave to china because you destroyed your own water sources. Not my problem.",3.5
"South Korea and Japan can help the west build ships though
China has no friends",2.5
"Blah Blah, India and China have peacefully coexisted for over 5000 years. Nothing's changed. While your just few 100 year old countries are utterly zogged. Worry about the jews wrecking your countries first.",3.7
"reeeee just a few hundred years old
reeeee just made modern civilisation
reeeee just invented all modern tech
umad, and uthirsty",1.5
"I get that the US is realistically the only navy that can project power across the entire globe. Especially if you're talking about dispersed projection, vs a single instance.
The issue is look at WW2. Japan could have had nothing but naval victories for the entire period of the war and still lose. Because the US built over a thousand ships during the war. Superiority is only valuable as long as it lasts.",1.0
You're too brown to understand cause and effect so I'm not going to try to tell you about basic historical facts.,1.0
"Yup. They're not the American bankers or European bankers they're simply the bankers. When a country does well they can profit when a country dies they can profit. All that matters is power and wealth to them.
Goyim like us have a hard time understanding this way of thinking since we're bound to the land and the way of thinking of the land, but the international merchant does not care for such ""trivialities"".
We may understand this one a conceptual level and still be puzzled and vice-versa, they do not understand why we are like we are but it disgusts them in the same manner.",3.7
"Question is do Americans know that? Officers have tendency to think war will be like last one, so they may be planing for great air-water battle of carriers while in reality they should be building drone swarm base in Philippines to cut of Chink shipping in most cost effective way.",1.5
The drone swarms will be busy taking out the filthy dissidents locally so that we can maintain the great nation of Israel.,3.5
Its been over since 2010,INVALID
Fok DJT,INVALID
The Brooklyn Navy Yard. The yard that won the Atlantic and WW2. Is now film studios and supermarket. We're so fucked.,3.5
"China can put a lower price on it but charge normal price, I know they do it when buying on Alibaba for individuals, prolly for businesses too if you can avoid detection",3.5
This. The chinks aren't going to cut back production or pay to warehouse a ton of crap. They're already eating 80%+.,1.0
ironic because you're the ameribrown retard here,2.5
"Bongland is half the size of the vatnigger navy.
Truly sad times we have reached.",1.5
based,1.0
"The ones you meet who immigrated there tend to be the exception.
Not just that but if you go to a country that's so anti China, what are you gonna do, defend China ?
Same with Cubans. They come to the USA and start shitting on Cuba as if its state isn't America's doing",2.5
china will never be ablle to compete with twitter and amazon though,3.5
"Where are Israeli flags ?
Those pinheads don't know how America works",1.0
"jewish communism
In China
Btw I thought China was akshully capitalist",1.5
"The Swiss have close ties to Israel and East Coast Juice, so will Trump be pressured to give Switzerland a perfect deal, even more perfect than the UK?",3.5
"Raclette cheese is most vile substance on the planet. The Swiss should be exterminated for that alone, probably why they are all armed and filled their shitty mountains with bunkers",3.5
"Come at us bro! Nothing ever happens, come at us, nuke us. We are ready :3
At least I think we are, the state-sponsored mandatorily built pressurized bunker in my private residence's basement looks sturdy enough to me. I got a bunch of wineracks in there full of the most expensive italian wines and a bunch of tinned food just in case. Kinda wanna see if it works.",2.0
I think this is less about bombs and more about you Swiss not agreeing to a draconian deal in which American banks can take over your Swiss economy.,3.0
"The government is trying to say they can revoke your second amendment rights if you exercise your first amendment rights in a way they don't like.
I was red flagged and I literally didn't do anything.
The government targeted me because of my political activity - they want to stop me from spreading my ideas because they're terrified you'll be influenced by them.
Here's the story:
Someone broke into my computer and took screenshots of my 4chan folder and gave them to the police.
They raided my house while I was gone and took my weapons.
They basically had no evidence to support their claim, but the female family court judge made the most biased, adverse findings possible.
I had a lawyer but he threw the case.
Now the state is rubberstamping an extension to the red flag order every year, saying the burden is on me to prove my innocence.
The government thinks my second amendment rights should be permanently revoked based on total bullshit and pure judicial corruption.
These are the exact arguments the prosecution is using and that the corrupt judges are accepting:
1) I had politically objectionable text and gore pictures on my computer - they literally said my political beliefs make me a danger and justify the revocation of my right to bear arms, as though the first amendment doesn't exist
2) I had a fake domestic arrest 9 years ago (charges dismissed) - they say I'm guilty anyway
3) I wallpapered my bedroom with aluminum foil to block line-of-sight to 5G and WiFi transmitters that are potentially dangerous - they say this makes me dangerously insane
4) My hard drive had the title ""Terrorism Plans"" as a joke - they say that because my 4chan folder had a file path including this name (even though it was several levels down in various other folders) this is proof that the gore and text files constitute a plan to commit terrorism",3.7
"Yes, you can see the case files. I will dox myself in the interest of justice.
Go to publicaccess.courts.state.mn.us/CaseSearch
and find case number 02-CV-24-1265",1.0
"kys john
t. your glowie gangstalker. every reply in this thread will be made by me",2.5
Is the cpap machine yours?,1.5
"if they claim more antisemitism, bring up the 1st amendment
t. just some fucking guy on the internet
counter-sue the motherfuckers who put you in this place for defamation or something
or you can just kys lmao
whatever",1.5
"holy shit nobody cares about you fedposting too close to the sun, quit reposting your schizo threads",2.5
"the internet is organic in 2025
AI had no effect on its authenticity
the government and NGOs would leave the #1 ""terrorist breeding ground"" online alone
Oh man you are fucking retarded
The real users of this site have known that it's been compromised and manipulated since gamergate.
You are either a bot running on government hardware or a bot running on organic hardware with garbage DNA.
A bot either way.",4.0
What do you expect to gain from us? A thumbs up? Of course the red flag laws are bullshit.,2.5
"As long as lawyers are enriched as part of the legal process, courts cannot become non-corrupt.",3.5
"Is there a law against finding violent content enjoyable? If so, Hollywood should be shut down and retroactively made to pay trillions of dollars.",3.0
"maybe OP is a glownigger and the point is so they can later say ""see these schizos are dangerous and we need to shut it down and you need a digital ID and stuff on every website goy",3.5
Sweet summer child.,1.0
I think a hundred anons know the identity of the OP so I doubt it! Try and keep up.,2.5
"This is an example of the kind of thing the government is trying to intimidate me into not talk about.
This is what they don't want you to see.
This is what they try to pressure you into not agreeing with.
If the fear of the government works on you, you failed the evolutionary test. You decided not to be a human being. If you haven't been already, you'll be bred into a lesser slave creature.
If you treat online forums as pure entertainment you are already one of those.
You need to contribute to an authentic culture somehow or else lose your soul.
Your whole life can't be being a good goy and pretending to fit in.
But if you really need that explained to you, again, you're already just a permanent slave subhuman.",3.5
I'll make more of these at some point,1.0
"man with pole impaled through his head
Was it this one? Also, have you ever bad mouthed the Ukraine?",1.5
"OP what did u name this image?
just curious",1.5
"Same. I've also been harassed by the government + Freemasons for my political beliefs. The government 100% uses intel agencies and contractors to harass citizens who have committed no crime.
All intel agencies who fund harassment of civilians need to be jailed.",1.5
nice 1 retard,1.0
They've been bumping off anons on trumped up charges for a few years now. They're going down a list so if you're onlky now getting got you are either new or small potatoes.,3.5
"Occult organizations are used as extra judicial law enforcement arms of the government. Freemasons and Jesuits are two big examples. They are the american practicors of zersetzung aka gangstalking. They intimidate law abiding civilians for political reasons.
OP was a victim of the court system conspiring against a citizen for being weird. No crime was committed.",3.5
"john what are you on about? i didn't post anything about AI, why the schizo rant?
john may be a victim of red flag laws (which are totally bullshit) but john deserves all punishment coming to him for his behavior. it's simply a case of the postman ringing twice",1.0
You are Jewish and defending a corrupt state. While there is crime on the streets they harass a non-criminal for being weird.,1.0
they bumped off a friend of mine who had been posting on cripple chan and here for years.,2.5
"lmfao the only criteria is fedposting like schizo john or excessive autism. Basically how much did you annoy/scare your IRL associates?
Just for reference, a ton of autists must have got arrested earlier this year - last year for who the fuck knows what, to the point every single autism advocacy org was running LEO encounter focused content simultaneously, even the big bad autism speaks. For whatever reason this didn't make the news.
https://pmc.ncbi.nlm.nih.gov/articles/PMC9225786/
https://www.themarshallproject.org/2024/03/16/california-police-autism-disability
https://leader.pubs.asha.org/doi/10.1044/leader.FTR2.22082017.54
https://autismspectrumnews.org/autism-and-the-law-when-trouble-comes-our-way/
https://autismspectrumnews.org/autistics-law-enforcement-the-law-and-unfortunate-and-tragic-encounters/
https://www.criminallegalnews.org/news/2023/dec/15/dangerous-encounters-interactions-between-autistic-individuals-and-law-enforcement/
https://www.justiceclearinghouse.com/resource/case-studies-in-law-enforcement-encounters-with-individuals-with-autism-spectrum-disorders/
People with autism are 4 to 5 times more likely than the general population to have an encounter with law enforcement.
There are even actual fucking survival guides and trainings for the autistic since they do really poorly under law enforcement scrutiny. Even the big bad autism speaks pushed one out.
https://www.autismspeaks.org/interacting-law-enforcement
https://researchautism.org/oaracle-newsletter/autism-and-law-enforcement-strategies-for-safer-interactions/
https://phxautism.org/events/be-safe-program/
Normally this level of coordinated flooding indicates a crisis of some sort, but nobody can remember anything happening. RFK wasn't even in the HHS yet ffs.",1.7
not jewish and not defending the state. im just saying john deserves what's coming to him as karmic retribution,1.5
/pol/nigger.jpg,INVALID
For doing what? Saving memes of dead people? The ARRL handbook says non ionizing radiation does affect biological organisms.,3.0
I feel like ive seen this thread before,1.5
for hitting his grandparents and ex wife and who know what else that he hasn't admitted to. the images of dead people just confirm he is mentally unwell. non ionizing radiation can affect people in massive doses but you're absolutely retarded if you think 5gay is mind control or glowies are messing with you cpap.,1.7
I feel like you will see this thread again,1.0
They got me a few months ago. Such is life.,1.5
what do you mean?,1.5
">>the government and NGOs would leave the #1 ""terrorist breeding ground"" online alone
This honestly makes no sense. Barely anything like that comes from 4chan. Most people committed heinous acts in the past 15 years or so are radicalized from Twitter, Reddit, and Facebook before that. 4chan, shockingly, creates very little of that.",3.0
Adolf Trump got elected and now everyone on the spectrum must pay.,3.5
kek,1.0
"lies, the government only targets john",1.5
"he didn't read the ARRL handbook
They do not specify it requires ""massive doses."" Also 2.4 and 5.8ghz wifi are well known to disturb sleep at a mere 1 watt.
Was OP prosecuted for hitting his grandparents and ex wife? Surely if he assaulted people he would be prosecuted for that, and not having scary folder names?",1.0
your own family turned you in,1.0
C:\Documents\BASED Collection\Rape\Rape Tricks\Control,1.0
Post this shid on your blog or YouTube channel. Doesn’t belong here.,2.5
"No way this guy isn't an abuser. He was already controlling the gf's phone access while writing rape manifestos.
The occult organizations that are used at the street level are the uncountable splinters of groups like 09A, OTO, Golden Dawn, etc. The sectarianism that has every city having some random cult cut from the cloth is very much a mirror of intelligence compartmentalization. They're the ones doing occult murder hits, snuff tapes, part of the drug running, and holding open one of the portals into the vast network of human trafficking. A rather curious part of the postwar ecosystem.",1.5
"idgaf about the radiofag handbook. non ionizing radiation has only been shown to cause adverse affects in massive quantities. a wifi router is about 6 watts so unless you sleep on top of it you get way below 1 watt.
t. ee masters
he was prosecuted for that, read the files. some charges were dropped but john readily admits to it being true",1.0
"has a folder named Terrorism Plans
that's hilarious
evidence is circumstantial ""I don't like what he named his files""
seems flimsy, he'll probably fold though",1.5
"Whatever you choose to do going forward, you deserve to have unwavering support. Good luck out there",1.5
Mechanized Rape Units.txt,1.0
how do you have access to my files,1.0
"Thank you for giving the I HECKIN LOVE SCIENCE opinion that is based in government talking points, and not facts.",1.0
"Mechanized Rape Units.txt
checked and interested in mechanized rape units",1.0
"KEK. Saving weird books does not guarantee someone is going to commit crime.
HE HAD MEAN FOLDER NAMES!!111!!!
Not a crime, and juries aren't made to decide if folder names are mean or not. They are there to decide if someone is actually planning crime.",2.5
The case for RAPE,3.5
"non ionizing radiation has only been shown to cause adverse affects in massive quantities
that's cute you think that
problem is, you no longer have a control group",1.0
"Red flag orders do not involve juries.
They're basically like a civil restraining order hearing with a higher burden of proof.
This is a due process violation but it's ""subjective"" enough that the kike courts will worm around it for an indefinite period.
The kind of thing the rigged supreme court will decline to hear forever.",3.5
"It's a red flag case, which is civil. The standards for evidence, or hell, even jury decisions, are much different than criminal case, but the consequences can be just as life-ruining as a criminal case.",2.5
it's based on actually reading the primary studies and working with ee phds retard. sorry you don't understand inverse square law and all the supposed schizo effects of radiation are only seen when blasting rats with it at doses not seen by pilots or nukes.,1.5
They're never going to overturn them since being able to disappear whoever you want is just too useful.,2.5
"i mean that a friend of mine ""fled from an attempted traffic stop"" and an hour and a half later 8 units show up at his home with their lights off and set up an L style ambush after claiming that they saw multiple assault weapons in his car. the official story has changed so many times and fallen into the memory hole, all anyone here cares about are the cops he killed.",3.5
"there's plenty of good control groups still. half of india, all of sub saharan africa, papua new guinea, etc. if you're so worried go live there",1.5
do you have some kind of link to a case file or source,2.5
"Freemasons are the Statsi, but in America. Jewish secret police who harass ""bad goys.""
Red flag orders do not involve juries.
Then any seizing of property, arrests, or searches are illegal.
They're basically like a civil restraining order
Which as evidence of verbal threats. Did OP post ""I'm going to bomb the twin towers?"" No? Then fuck off.
Hey you're that guy shilling these threads.
red flag cases are civil
Then why do they get to levy criminal punishments without a jury? Arrest, searches, and seizures can only be done for criminal prosecution.
I'm le big brain
lmao",3.5
Now prove those are real people.,1.5
This dude may be a perfect example of how fascism is just the extension of predatory psychopathy to an ideology. This whole kind of screed comes about to rationalize evil urges.,1.0
"for a scientific experiment to prove that wifi does/doesn't do anything?
no there isn't
exposure is long past being able to even test that",1.0
"it's like when dupont poisoned the world
you no longer have a control group of the ""before""",3.5
"didn't even begin to comprehend my post
I literally listed out the places where millions of people live who have never once been in range of wifi. there's your study population
no more argument so resorts to ad hominem
please read: https://simple.wikipedia.org/wiki/Inverse-square_law",2.5
lol ded website fgt kys in 12k,2.5
"I'm not going to dig up research of EMF disturbing sleep or psychological disturbances, because you are a Jewish shill raiding a thread about a US citizen being harassed by their government.
The human brain runs on under 20 watts of power, and is more sensitive to EMF than other things.",2.5
"based feds raiding the anti semites of /pol. hahahah.
muh rights and amendments muh freedoms
its all a nothingburger and one day you will wake up from your slumber.",2.5
Ok cuck,INVALID
Stop spamming this thread schizo,1.0
"Like I said they violate due process.
But the courts have all these made up jewish tests that try to say they aren't.
It hasn't really been tested properly yet.
There is an argument from existing case law that they do, but it would take a US supreme court ruling to clear up. And they signalled pretty clearly with the Rahimi case that they mean to make everything subjective and murky to give the lower courts lots of time to abuse us all.
This country is absolutely kiked out.
But if you can find precedents to support your arguments you can make the courts and zogbots fuck off.
Does it not occur to you that what that post talks about has been normal for the vast majority of human history?",3.5
"Sure, doesn't change the fact that you're getting less than a miliwatt of power from a wifi router 10 feet away.
inb4 i literally sleep on my wifi router 10 feet is an unreasonable distance",1.5
The government is treating you with kiddy gloves and in a real civilization you'd be thrown in a pit and forgotten.,1.0
This kike needs a nosejob,1.5
"And what did we learn here, kids?
Just do the fucking terrorism for real instead of endless shitposting, they will arrest you either way.",1.5
"My hard drive had the title ""Terrorism Plans""
It's a funny joke and all but you fucked up there. Gave them something they could scare people with",1.0
Just cool it with the anti semitic remarks,1.0
"prove my innocence
this is the end of your bullshit.",1.5
"this bullshit copypasta again
FUCKING AGAIN
sagebrush this shit",3.5
Nah I denounce the talmud and despise them.,1.5
"Rahimi case
QRD?
Every level of the judicial system is illegal.
state prosecutors
citizens can't file criminal charges, only ""complains"" which get thrown in the trash
lawyers are required on both sides, and normally members of the same Freemason criminal club
jury selection
judges having ANY say in the legal process
It's all illegal.
https://constitution.org/2-LawRev/roots/cops.htm
Cope. I'm an American citizen. I don't commit crime, so they harass me extra-judicially. Just like OP getting harassed with no criminal conviction.",1.0
bros its not real bros its totally pasta bros.,1.5
"I’ve told you in multiple threads before, it’s the CSE (Canadian Security Establishment) that hacked your computer and gave your info to the local police. Canadian intelligence is in charge of doxxing, gang stalking and ruining the lives of American militia leaders, members and people like you who love guns.
This won’t stop until the 5-eyes are dismantled and a change of power happens in all 5 states involved.",2.0
"its been posted at least 5 times ive seen already
go look in the archive you lazy asshole
and type the word of the sage in thenoptions",2.6
"I'm just gonna hang around OP's threads and talk about my own extra judicial harassment at the hands of the state, haha. I'm gonna keep bumping his threads and talking about government corruption, haha.
Scott Wilkins and Brad Skelly worked together to poison me, and the state instructed them to do so.
Probably at the organizational level. It's still Freemasons, Jesuits, and Jews on the front lines. Isn't the whole point of 5-eyes ""we are spying on each others' citizens, so technically it's legal!""",1.0
"appeal to normality
people also used the threat of violence to steal from people for thousands of years so i guess getting red flagged is okay.",2.5
"I literally listed out the places where millions of people live who have never once been in range of wifi.
they have though
even highlands in guinea have wifi",2.5
"blatant lying
okay bub",4.0
"It’s just the same guy repeating his story. It’s not copy pasta because he changes how he writes it and doesn’t always give the full story right away. So no, this is not copy pasta but a genuine targeted individual speaking out against the gang stalking he is experiencing at the hands of the authorities",2.5
"Police are the privately funded footsoldiers of the Jews. They follow no laws. They are Sovereign Citizens, while calling people who stand up for their rights ""sovreign citizens.""",3.5
"american militia leaders
youre stupid for starting such a thing. realistically what are you going to do. camp all day at every corner of your neighbourhoods with gangs of ""militias"" with muh guns to prevent crimes from happening?
you wont prevent jack shit, the criminals have EYES and they CAN SEE YOu and will just camp at another corner. you cant save everyone. impossible you have to let darwin do it.
i thought about how weak women really are (its amazing how weak they really are when youre a fit guy)
these women and children will have to find ways to secure themselves all on their own, or its over for them with a high probability.
you cant be their shadow all the time, thats nonsense.",2.5
"Yes that’s why it’s always Canada when an American is targeted. ESPECIALLY if it’s in a BORDER STATE with Canada.
And please explain what’s happening to you. I am a targeted individual in Toronto and I am glad to help amplify your message",1.5
"Trips
Check’em",4.0
and? might makes right. whatchu gonna do about it timmy?,2.5
Seems like he's an abusive piece of shit whose degenerate indulgences have him royally fucked in terms of ever proving good character in front of a court again,1.5
"They just claim it's ""temporary"", as in it must be renewed yearly like the schizo OP's case. Really, does it matter? The law is the law is the law.",2.5
"muh militias
Militias and drafted police existed before ""police"" was a job. They were much less corrupt.
Checked. Basically I used COVID to try and squeeze my employer for a WFH position. I could have filed a federal civil rights lawsuit. This was over OSHA's policy.
Then they hired me a state over, all my coworkers bragged about being Freemasons. For example they made sure my laptop dock's asset tag was ""#0330333"" or some shit. They bragged about hacking my computer. They end my contract, and now the people above are harassing me, they poisoned me after threatening they would poison me. They are allowed to disable me home security system. All this is possible ONLY due to illegal government warrants.",2.5
"Get a new VPN. You're compromised, Jew on a Finnish VPN.",2.5
"Labelled the folder
terrorist plans
The fuck bro we don’t genuinely condone acting on that shit. Ever. What you’re describing is highly illegal and you should be more careful with data.
I collect gore too, but I don’t do anything illegal with it, and it’s not a subject to take lightly or collect it because of who is in it. I document this stuff cautiously in a mass archive and you don’t want to watch this stuff for pleasure. If you find it funny you need to take a break from the internet.",1.5
meds,INVALID
"i wouldnt even trust these people. i dont trust anyone. id assume the worst first. gun nutters are odd to me anyway, off course its just a bunch of gun nutters that want to secure some neighbourhood, somewhere...its not realistic.
this is not the walking dead and the niggers are the zombies.",1.0
Lmao,INVALID
"wrong, there were MANY MANY postings on how to do hidden terrorisms 2 years ago or so.",3.5
"""Nooooo pls be quiet dont talk about it, stop noticing!!!""
Im glad the anon posted, its good to raise awareness for anons to not fedpost, or think that their legal rights, (1st and 2nd) are defended
Some fucking boomer or nigger judge will only hear ""ebil nazi"" in the hearing and will go out of his or her way to ruin your life, remember that anons",3.5
"guinea has been connected to ppc-1 for a decade lil gup
you do not have a control group
gaslighting about it will not change that",1.0
"not my problem.
for the record you talking about this on 4chan is incriminating yourself.
Your only response should have been to your lawyer
""It's called shitposting and it's protected by my first amendment right.""
Prosecutors and Judges are protected from liability if they have probable cause.
You gave them probable cause when you saved something as stupid as ""terrorism plans"".
womp womp newfag.
Should have it saved as ""mayonnaise gender reveal explosive"" with the measurements and locations translated to your gender reveal party.",1.0
"Also I have shitloads of skills. I work in IT. I can do electrician work, carpentry, light pluming, have done programming, and am currently enjoying messing around with AI. My legal claim shows some skill in understanding the legal system. They heavily want to recruit me, but instead of the carrot it's the stick. They think I'm their dog and they can poison me without repercussion.
Governments literally spend hundreds of thousands of dollars to harass someone who makes AI furry porn on /trash/, because they wish they could recruit me.
So I can fully sympathize with OP having the judicial system weaponized against him for... being mean to people and having mean folder names.
Yup. I'm going to bump and participate in OP's threads as long as he keeps baking them.",1.5
"the terrorisms are the last straw for oldfags. the newfags dont give a fuck about that. they donate 2 bucks to some onlywhore, rub one out and post how brown the next guy is on 4trans.
theyre easy to control because theyre extra stupid.",3.5
I wish I understood what we’re saying. Can you please speak proper English,1.7
"doesn't know the difference between underwater cable systems and wifi routers
ngmi champ",1.5
OK SAAR WE SPEAK ZHE PROBBA ENGRISH NAU!,2.0
john got rid of his lawyer bc he is a tard,2.5
There is a new propaganda war planned by actual terrorists on spaces like 4chan to increase recruitment. I mean the organic posters can see that these are mentally ill people being psyopped into doing really dumb shit.,1.0
Unfortunately there's no meds for low IQ.,2.5
"glowniggers be like
wifi doesn't do anything, it is barely any power, it's useless!
Meanwhile Comcast advertises wifi person detection as a feature. This 100% justifies OP lining the walls with aluminum foil. I'd recommend carbon impregnated paint though.
https://www.xfinity.com/hub/smart-home/wifi-motion",2.5
"Whether it's gun nuts or parents' rights zealots or racists, American right wingers tend to just be pieces of shit looking for a power structure that lets them violently exploit someone else, especially within their own household. The guns aren't to protect them from some government boogeyman, they're for intimidating girl friends and making cops think twice before getting involved in domestics. Same for fighting for the right to make sure a child can never speak with a teacher or doctor or cop or judge or anyone outside the home unsupervised; they're the ones abusing their kids and have the need to protect themselves from being reported. The real reason the entire trans thing is anathema is that it is steps toward medical and personal independence of children.
The right wing really does just come down to abuse and exploitation",1.0
"Oh look it takes a $20 computer board to detect people's motion with wifi.
https://www.hackster.io/mzakharo/wifi-sensing-via-raspberry-pi-ff1087
gun nuts
Why do you hate people who can defend themselves?
parents rights
Why do you want to cut kids' dicks off?
racists
Why don't you judge people by their character?
Didn't bother reading the rest.",1.0
"wifi person detection is done by seeing where the radiation is reflected, aka not absorbed. you've hurt your case retard",1.5
"You’re very close but not quite. This applies to all sorts of people across whatever identity politics.
Wake up and understand all sides are controlled opposition and there are only decent people and evil people and you may find them wherever you find people regardless of left/right identity politics.",3.5
"just stop being anti semitic, whats so hard about this. you will not take over the world dude, just come clean with the fact that youre just another slave like everybody else.",2.5
"well I mean John does have a folder called Based.
so who am i to judge such a man.
Me though?
My folder that says ""explosive-pyro-mechanical-devices-live-music-production"" has some plausible deniability.
it has a ton of evidence of actual firework manufacturing for the purposes of live music shows.
not my fault if most explosives devices are built nearly identical.",1.5
"That’s nuts. I was literally sprayed by a chemical weapon by CSIS at a dollarama the other day and it made me sick. Same exact smell as another pathogen they hit me with a few months back where I threw up in the middle of a park and the park swarmed out of nowhere with gang stalkers pointing their phones at me SECONDS BEFORE I STARTED THROWING UP like they sprayed me and had it PERFECTLY timed for me to throw up at an exact spot at an exact time.
There is no solution other than when we take back our countries, ALL intelligence agents, federal law enforcement and ALL members of secret societies MUST be sent to FEMA camps and conduct pathologically cruel and objectively evil scientific experiments on them. We will create giant spiders in labs and throw them into a pit with them and all sorts on monstrosities.",2.5
How many times are you going to make this larp thread?,1.5
"you're stupid for getting rid of your lawyer when they intentionally sabotage cases
Must be the stonecutter's club at it again.",1.0
You are severely mentally Ill.,1.5
Lol,1.0
"yes, because you can request a different public defender. urban youths figure out how to do it all the time dummy",2.5
"I judge you pieces of shit by your character all the time lol
That's the simple truth, you are the evil cunt who behaves exactly like every scapegoat you project onto.
There are no decent people on the right, although some evil people do disguise themselves as leftists too. Ultimately, the OP really is a model example of a right wing piece of shit.",2.5
"you forget that 25-30k of you get killed by these guns/year. you forget that you import 3 million niggers/year. you forget that 120 people shoot themselves with their firearms, every day.
why do you forget whats important, holistically. why do you only care about yourself? oh i know why because youre a republicuck and as long as you got yours its all fine.
i can hate dems and reps equally, this is not a crime.",3.6
That’s what we’re gonna say about your family when you are sent to FEMA. and then they will be sent there with if they keep talking about it.,3.5
"OP aluminum foiling his walls is schizophrenic too, right?
https://en.wikipedia.org/wiki/Sluggish_schizophrenia
Yup, you're a real Jew. You have their inbred mentality.
You should start a comedy show. You would do really good in right wing areas. Too absurd and comedic to take seriously.",1.0
FEMA doesn’t exist in Canada. You’re mentally ill.,3.0
"I’m a monster and I intend on doing monstrous things to all anti-conspiracy theorists when I take power. They will be tortured for denying conspiracy theories just like how targeted individuals are tortured in mental hospitals for believing in them. We will put sharp tools up the entry point of your penis for denying the existence of the Illuminati.
That’s what we’re going to do to you.",1.5
"its not absurd i looked up the numbers because you gun nutters are going on my nut sack!
turned out these fucking guns dont save anyone! the only thing these guns ever do is kill people, whites at that. the guns kill you.
40% left or so, tick tock. when gets the last engineer killed by anog and you will be unable to produce anything? will tyronimus do it?
giving rabid nogs guns in the hand is a great idea
yea its even better than importing 3 million nobs/year. definetly. should also be upped to 30 million/year and everyone of them gets 2 free guns and ammo.",2.5
"Why was OP extra judicially harassed? He was treated to cruel and unusual punishment, despite no laws being broken.",1.0
because he is of poor moral character and him being red flagged is simply universal karmic retribution,1.0
"literal terrorist that has terrorism plans on his computer and buncha dead people
the anti semitism did it. he will have learned his lesson.
every judge you will be in front of is jewish, dont forget this, idiots.",3.5
Kek!,1.0
His karma isn't finished until he's on the receiving end of a rape manifesto in prison lol,1.0
trvth,1.0
"jew blatantly lying
May I see the terrorism plans?
t. Jewish shills openly defending illegal court orders",2.0
maybe God is trying to tell you that there's something wrong with your behavior.,3.5
"It will when I take charge. I’m gonna build more gulags than the soviets and chicoms combined.
There are literally less than a dozen individuals in all of Canada that would have a better chance of winning the Conservative Party leadership race (assuming one occurs) than me. You already know who i am. I just pretend to be moderate and I don’t talk about my gang stalking experiences in explicit terms at all.
You will see revenge against Canada’s intelligence agencies within your lifetime.",1.0
"everyone i dont like is a jew
get some new material champ",3.5
"I don't give a fuck about the pathetic courts of this fallen civilization, if Dike's verdict were properly carried out then scum like you and OP would be clubbed to death on sight. Red flag laws are cute, but immediate execution is what you all deserve and a good deal of your contrarian vitriol comes from your own acknowledgement of that fact.",1.5
Or maybe the government is playing God which is why it needs to be changed.,3.5
"rape against her will
she said yes at first",1.0
anything to justify your own immoral behavior and not take responsibility for it...,1.0
Trumps america!,2.5
"I was targeted for starting group chats that exposed Jeffery Epstein in March of 2015 (before pizza gate)
What the fuck do I need to take responsibility for?",1.0
"grandiose delusions
cluster Bs are the death of society",1.0
You Jews really hate this thread of a guy talking about being illegally harassed by the court system.,2.5
Say something you want me to say when I run for the Conservative Party leadership race so that when I do you will know that’s it me. I’ll say it when I win,1.5
Actually I’ll say it in my announcement speech. Tell me what code phrase you want me to say,1.5
"Call Jews Shylocks like Trump did bankers. It's a reference to a Shakespeare play where a scam artist Jew makes himself look like a sadistic psychopath, and forcibly gets converted to Christianity.",1.0
"I’ll say it 3 Times just so you know it’s me. Screenshot this.
I’m sending CSIS agents to concentration camps.",3.0
"3) I wallpapered my bedroom with aluminum foil to block line-of-sight to 5G and WiFi transmitters that are potentially dangerous - they say this makes me dangerously insane
this is enough proof you are fucking insane, did you even tried that your aluminium foil works? Because it does not.",1.9
Ok cool I'll wait for it to hit the headlines. Reminder the Haavara agreement disproves the holocaust. Jews also ran the Weimar Republic which caused mass child prostitution.,1.5
"222
Check’em
Your preaching to the choir. My jewish step dad is literally a CSE agent and he will be the first one given enhanced interrogations for the gang stalking tactics he and his CSE buddies did to me. My step dad and his Siri colleagues will be treated with cruelty.
When I say it 3 Times. There will be no mistaking me for someone else",1.0
"CSE colleagues***
Every agent connected or who worked directly with my step dad will become science experiments with the intent of pure cruelty",2.5
It's very easy to verify that aluminum foil does work.,INVALID
White IQ strikes again,1.0
"wah my mommy remarried a jew so now i lash out against all jews real and imagined bc i never got over my perceived childhood trauma
leafs are too funny",1.0
Enhanced interrogation is overly dramatic. Anyone worthy of it is guilty of treason anyways.,1.0
"Every intelligence agent in my family and every person in my family that said one single word about me to the government will be tortured to death in the most horrific ways when I take power.
I hate everyone that complied to what has happened to me.",2.5
have you tried not being severely mentally ill?,2.5
"No I love this thread so much and I hope he's able to spam this shit forever without moderation ever taking action. I'm sure kiwi farms will be happy to take over if not, because that's exactly what this guy is now. He's a lolcow. He booted his attorney and started filing Rambo briefs. This is fucking hilarious and is a case I hope becomes nationwide news. Johnny boy should charge ahead appealing this shit to the highest levels he can and should go get Fox News sniffing his farts immediately. I'd be seriously injured by laughing fits if THIS becomes the poster boy for repealing red flag laws. I especially hope that future is in store for us because I also want everything to come out about him. ZENBUUUUUU. The second I read that bit about controlling the gf's access to her phone I knew there had to be an entire hidden world this court hasn't even touched yet. I have the cheat code of having talked to victims so I've lost any empathy for scum that I might have had and can see them objectively. I can smell sin and hear the voices of the furies.",3.5
"accidentally admitting kiwifarms harasses civilians on behalf of the government, when the government is tired of paying 4chan shills
Reminder Kiwifarms is a criminal organization ran by Josh Moon, who jacks off to CP. The government does nothing about this, because they are complicit.",2.5
"based
he has not and will not
dont post again. see global rule 2",INVALID
"Well, the way he behaved showed me that they are irredeemable and evil so yeah",2.5
"He didn't post an actionable threat, fuckwad.",1.5
What’s global rule 2? I don’t know the rules other than don’t be off topic,1.0
"Oh lol
Me saying it will happen once I take power means I can say it legally because the implied assumption is that i won’t or that it hasn’t happened yet and thus only imaginary.
I know the law",1.5
"forever judging millions of people based on the actions of one person
even nixon liked kissinger
telling on yourself this hard
lol, lmao even
again, it's purely a postman rings twice karmic situation. please try to understand that",2.5
"Based knower of the law. Hypotheticals are not a crime. Neither is having a folder called ""terrorism plans"" when no terrorism plans exist.",INVALID
Why are Western Gayropeans so jealous of Poland? I just don't get ittt...,1.0
I love poland. Women are so easy when you are italian and tanned. Idk what the pole men do wrong to make all their women jump on med cock,1.0
"because your country is an american puppet that is not full of niggers jeets and jews yet
soon we are coming to change that",2.5
That looks like shit.,1.5
"I'm brown too , will I get pussy too ?",1.5
"You have a cool river/lake, why would you go to a pool right next to it?",1.0
"I will never understand male normies. How can you be so emasculated, so castrated, that you find yourself surrounded by naked women and you do not feel the urge of going on a raping rampage?",2.5
"soon we are coming to change that
Americans are more than welcome! I recommend Energylandia, has one of the coolest rollercoasters in Europe, like the wooden Zadra",3.0
"not brown enough for you, eh? all-white, that must hurt
even Joe Biden in 1960 had to face off CornPop",2.5
Hungary is the entrance to Hyperborea.,3.5
"Depth/water clarity.
too white
Yeah, actually, that's too many people of any color packed into one small space to enjoy nature. Pic related are what the beaches around me look like.",2.5
"Zakrzówek Lake is a big area, nothing stops you from jumping off a cliff there where there aren't any people, except your swimming ability",1.0
A man is the master of his castle.,1.5
it is called being normal and civilized,4.0
"If someone cut off your balls, would you even notice?
This is why the West is falling. Men have completely lost their masculinity.",1.5
why did turkey go underground? why did so many people go under ground? entire villages went underground assumed livestock went with them.,2.5
"Everyone feels that urge, but are supposed to control it.",2.5
wat?,1.0
"It's crazy how not only westeners but slavs as well are so de-testosteronized. It must be the amounts of alcohol they drink and the air pollution. They only act like machos with other men that cuck out completely with women or they just autistically ignore them. Us, greeks and spaniards are the only europeans left that love pussy",3.5
"Maybe next time you should post a picture of that to be smug about. Instead of pool, next to a lake, over crowded with whores.",1.0
"im brown
that flag
pottery",1.0
"Looks like India, one cattle on top of another",1.0
"cut off your balls
deflection. having balls doesnt mean you want to rape women.
why the West is falling
and your solution is to rape women cos... women are actually the ones making the West fall cos lack of rape?
masculinity
Men dont need to be masculine. We are men already. Now, if a society doesnt live in the Truth, it will collapse or be perverted. Only following Christ is the solution.",1.0
"Because that's low tier beta cuck behavior. Chad has a harem, not because he rapes. But because other females see top tier females vein for his attention. Someone who gets quality pussy from different sources can't be like that. Only.low tier faggots vein for it.",2.5
"oy vey, only following Rabbi Jeshua ben Pantera is the solution",1.0
350 million guns couldn`t stop this,1.0
Are you encouraging murder?,1.5
"it's increasing by 1 percent every ten years btw, crackers are fucked",1.0
White people did this,3.5
"That graph is wrong though. The US, up until 2030 (that year the US Census Bureau will add extra racial distinctions), included Southern Europeans, Middle-Easterners, Jews, North Africans, Semitic Africans (Mali, Sudan, Ethiopia), and those from the Caucuses as White.",2.5
https://newrepublic.com/post/198444/donald-trump-crashes-out-epstein-chaos,1.5
"the walls are closing it
it's the beginning of the end",1.0
"all it took for right-wingers to defend pedophiles was for Trump to be one
Name one (1) think more pathetic than this.",1.5
You lost. Get over it.,INVALID
"crash out
i fucking hate when institutions adopt zoomer nuspeak",1.0
A fat Israeli pretending to be a woman,1.5
Literally shitting and pissing his old man diaper over being caught as a pedophile.,2.5
Trump rapes kids.,1.5
yawn yep what you think? like two weeks?,1.0
2 more weeks,2.0
what happens after all of the higher ups in the government get tossed into lava?,1.5
Dems fuck boys,2.5
It's not something divided by party line. It's citizens vs government.,3.5
"Type shit, fr fr, when asked about his personal relationship with Epstein he said ""I don't fwt, twin""",1.0
And trump was a lifelong registered dem. Curious...,1.5
"Israel lost, and Trump will be exiled to Israel and become the next president.",1.0
How does that change my opinion on wanting you and your families dead. I just want to cut your throat and kill your kids. Will this shill effort change that?,1.5
But enough about Biden's term...,1.0
lol,1.5
Very Jewish comment.,3.5
"You lost, gⲟy!",INVALID
"this Epstein issue is going to fuck my presidency into the dirt
even though it is wholly within my power to enact full transparency and put it to bed
but I won’t do that because of reasons only known to me
which perpetuates and continues the conversation surrounding Epstein
Basically pic related.",1.0
There's nothing he can do to create more transparency because the list was a hoax made up by Obama and the democrats.,2.0
"good, may he suffer torment until he breathes his last",1.0
"That's right anon, god emperor Trump just knows that the jews are gods children, gods favorite children and the democrats are the real rapists",3.5
"Here, king. You dropped this.",1.0
no wonder considering maga is a jewish movement,3.5
"The truth is, this really hurts his image.
It makes him look like an establishment insider trying to g to protect Elites.",1.5
Who nose why he won't release the list.,1.5
"Truth = International image sepuku forever.
This is absolutely a massacre",4.0
They’re both geriatric pedophiles who shit themselves.,2.0
"an adult wrote this headline
Write like an adult or I SHAN'T be reading",1.0
"Honestly, I would've defended him too if he wasn't such a dirty fucking jew lover. He had every chance to fuck israel over and he didn't do it. He gets what he deserves.",1.0
"It's weird because TACO Don can't stick to his guns on anything else. Immigration, Ukraine, tariffs... feels like he flip-flops every other week. But this? Finally has a backbone and won't back down.",1.0
"Do none of you retards think maybe shit's going on behind the scenes? Also all leftists are pathetic Alinsky robots who follow what their master tells them to care about. Like how the Epstein case was totally ignored for the entirety of Biden's term and no democrats talked or cared about it until orange man bad. And he's doing something so you retards are using it as some sort of gotcha pressure point. Ever wonder who's pulling your string on this? Maybe the previous democratic admin tainted the evidence to insert Trump into it to stop him from releasing the info. After all, they had 4 years and used every tactic they could to destroy them. If he was involved in this, you think they would have used it against him to prevent his re-election. They even changed a fucking law in NY to find him guilty on the campaign finance charge. Meanwhile you libtard puppets are the second attack point of muh files ad infinitum as a pincer move. And even then, if the list is released and it's all lefties you'll just drop the muh files fake concern and say it's fake. You leftists are blind sheep.",2.5
"Blackmailing America's government is an act of war, and supporters of Israel and Ukraine support treason.",3.5
"You unpatriotic piece of shit, Israel is our greatest ally and Trump loves Israel.",1.5
Couch fucker 4 prez.,4.0
Has he tried not shilling for jewish pedos?,1.0
I hope so. I hope this asshole crashes and burns in the worst way after all his bullshit.,3.5
I love pedos when muh Red Team does it! You lost duh!,2.5
"trump is a retard, Saddam wouldn't have this problem.
https://www.youtube.com/watch?v=MohJLPgutKQ
If trump named himself first then named everyone in a state of the union and imprisoned them and gave them charges.
NO ONE WOULD CARE HE WAS ON THE LIST.
he would be forgiven by his base for coming",1.5
"Yes, they do. Now about Trump....",2.5
Trump IS Jewish,1.0
Impossible,INVALID
"release the files and tapes, retard. this isn't hard to figure out. burn the world down if you have to.
stop protecting the pedos, nigger.",2.5
"Even if that scenario was true, blowing this system sky high and watch it tumble in the wind is in my best interest, you wanna know why? Because (you) and your handlers refuse to spill the beans on Antarctica. The average man is both looking for an enemy and wants to have a very heavy and hard hand in deciding their future.",1.0
I wish I knew whose face they used for this. Also based MM reference.,2.0
2 more years retard,2.0
"Oh, now I'm some plant? Yeah, you trying to dismiss what I said by implying I'm some agent or whatever dumb thing you think is horseshit. I'm on my cell phone watching youtube slop drinking beer and smoking a cigarette in my house. And now you're well poisoning by veering off into crazy conspiracy talk. Do you yids ever stop sowing discord? I guess on Saturdays until sundown. You do not speak for the average man and you're a dramatic faggot. I just want kid rapists to be brought to justice. 100 names. The left are terrified because the list is going to be 90% libtards. We see your tactics, you know.",1.0
from july 25.,1.0
"Trump is supporting a non-white serial rapist of white children.
Epstein is connected to Israel, this is why Trump is covering it up. He doesn't want to risk the political fallout for Israel when people realize all of Epstein's clients were blackmailed and used as Israeli assets.
""The most concrete link is his relationship with former Israeli Prime Minister Ehud Barak. Epstein and Barak met numerous times between 2013 and 2017, with Barak visiting Epstein’s properties in Florida and New York approximately 30 times, including a 2014 private flight in Florida. Barak received $2.3 million from an Epstein-associated foundation between 2004 and 2006, and Epstein invested $1 million in a limited partnership established by Barak in 2015.
Another connection stems from Epstein’s ties to Ghislaine Maxwell, whose father, Robert Maxwell, was a British media mogul alleged to have had links to the Israeli intelligence agency Mossad. Some sources, including former Israeli intelligence officer Ari Ben-Menashe, have claimed Epstein and Ghislaine Maxwell ran a “honey-trap” operation for Mossad to blackmail influential figures. A lawsuit by a woman identified as Jane Doe 200 alleged Epstein boasted of being a Mossad agent.
Epstein was also associated with the Wexner Foundation, which supports Jewish leadership and has ties to Israel. His financial backer, Leslie Wexner, was a member of the “Mega Group,” a collection of Jewish philanthropists, which some, like former NSA counterspy John Schindler, have speculated was linked to Israeli intelligence operations. Epstein reportedly invested in an Israeli startup, Reporty Homeland Security (later rebranded as Carbyne), connected to Israel’s defense industry, further fueling speculation.""
https://x.com/TCNetwork/status/1929574983421792437
Epstein is a jew who raped white girls and got other guys to rape white girls so he could blackmail them and use them as Israeli assets.",3.6
"crash out
it's nigger-speak, which zoomers & other faggoty white people desperately huff like jenkem to be seen as ""cool""",2.0
I think that boat sailed decades ago. Its time to burn it all down.,1.5
"jenkem
kek",INVALID
"according to a Republican close to the White House
lol we got him now sisters!",1.5
"Should've lurked for a few years before posting, nigger",2.5
lmao hahaha,1.0
I'm sick of all those European style socialists anon,1.0
"Too bad, I was hoping his moronic economic policies would crush his voters first. They should be punished.
You won!
Kek",1.0
"I accept your concession. I've been on here before those pubes of yours started sprouting, son.",2.5
"muh pee tapes
Still lost.",INVALID
"Conservative Preists and Republicans rape kids.
Never Trust someone who hides who they are.",3.6
"We're gonna hang you kikes by your entrails one day, and while you hooked nose demons squirm and beg were gonna feed your hooked nose demon spawn to pigs while you watch, and no i dont care if you're actually a kike or not, if you support kikes you get the honor of becoming one and reaping everything that comes next....very soon",3.5
Trump better start a war or this epstien list is gonna fuck him,1.0
"too late, clowns time is done!",3.5
The world's gonna end fifteen minutes after the big reveal and where all gonna be shitposting about Trump's escapades as the bombs start to fall,4.0
He should paint the whitehouse roof red with a shotgun out of shame,1.0
No one actually cares about the epschtein files. It's all just a media circus. I'm surprised they're allowing the press to do this.,1.0
Good news then!,INVALID
"Nobody cares their government is run by blackmailed satanic pedophiles.
Lol retard",2.5
"they're always going to be pieces of shit, they're not leftists though. they're just kikes. they're pretty good at shapeshifting around who they're going to larp as and what their angles of narrative are, and they all seem to be getting the same notes at the same time on how they want to field their on-message.
Its a hasbara campaign, they finally got something with some leverage points, so they're going to kike the angles to gaslight the board.",2.5
"No one actually cares about the epschtein files
nice try satan",1.0
"thanks dumbest ally, pull all the attention away from central europe towards you.
hope you get what you want!",1.0
The botcher-in-chief,3.5
Russia can't be allowed to have the Epstein list.,1.0
"It's going to change nothing about trump's life, but it will ruin the feds.",3.5
Good post.,4.0
"No, fag. Only one of them is on recorded video being a sick fuck, and it's not Blormph.",1.0
"Can you imagine the kompromat they must have on him?
It's gotta be worse than just 17yo hjs.",1.0
It won't? You sure? Because Trump's legacy has already been completely destroyed by this shit and no one BUT you coping retards are still defending him.,1.5
Dems like Dennis Hastert. Like that.,1.5
>>,2.5
"That account is obviously some kike in israel or langley, try harder",2.5
"its all on-message slop.
they care about Trump, not the files, not the accountability, not AIPAC, not israel, just Trump.
The idea is to trigger the persecution complex programming built into the left-right system to pigeonhole anons onto one side of a narrative and keep the D&C going. You can see it in the ""/pol/ believes blah blah"" ""/pol/ supports blah blah""
no one cares about Trump. we want the kikes on the list. we want your masters and your kinsmen, you imposter ass kike fucks.
If the left wants accountability too, then they are with us, not against us. Trump can figure out his own landing and footing.",1.5
"Another good post, based anon.",1.5
This.,1.0
WHO THE FUCK IS THE FACE OF R/T_D?,1.5
"good post
it's very telling that all the mainstream Trump/Epstein coverage has focused exclusively on Trump and not the victims, or Epstein's ties to the very highest levels of finance and intelligence (or the clintons, bill gates, etc)",3.6
"Jesus was the god of israel, but the jews rejected him. They lost, and will continue to lose until they are gone.
El is the real god of earth.",3.5
fpbp based Elsa,INVALID
wasn't this quote fake?,1.5
Didn’t you have a breakdown and realize you were a grooming victim?,2.0
"Imagine nuking the planet because people no longer like you.
Psychopaths. Go into a corner somewhere and choke instead like a normal person.",1.0
"well, you probably shouldnt trust some random social media account. thats a good way to frame it. incredible amount of fake news spread by those",3.5
And the proof of that is.... In your deranged mind?,1.0
"this, arrest them all.
t. leftoid
/ptg/fag still doesn't get it
I mean you're probably some social media intern but this is pathetic.",1.0
"It's in the Epstein Files, fake Italian.",1.0
"El/YHWH is an actual Jewish demon. The Egyptians associated him with Set, the god of foreigners among other things. Sound familiar? Jesus said he was I Am which means he claims to be El/YHWH.",1.0
El and Yahweh are two different entities. Yahweh was his son.,1.5
"Considering the sheer amount of people involved, one is in jail, another died. Theyve all gotten away with it lightly",2.5
He should put his efforts into abolishing the NFA and GCA completely and people will forget about the epstein list.,1.0
One of the victims was suicided too.,1.5
"Maybe in the physical realm, but in the spiritual one they are in utter suffering and will be for a long long long time.",3.5
Maybe he should have tried not being a pedo,1.0
Pedophilia is based. The left wants to cause white genocide by raising age of consent.,4.0
"It hurts but I never show, this pain you’ll never know
If only you could see just how lonely and how cold
And frostbit I’ve become, my back’s against the wall
When push come to shove, I just stand up and scream “Fuck ‘em all”
Man, it feels like these walls are closing in
This roof is caving in, up it’s time to raise it then
Your days are numbered like pages in
My book of rhymes, got ‘em cooking boy
This crooked mind of mine got ‘em all
Shook and scared to look in my eyes
I stole that fuckin’ clock, I took the time and I
Came up from behind and pretty much snuck up
And butt-fucked this game up
Better be careful when you bring my name up
Fuck this fame, that ain’t what
I came to claim but the game
Ain’t gonna be the same on the day that I leave it
But I swear one way or another, I’mma make these fuckin’ haters believe it
I swear to God, won’t spare the rod
I’m a man of my word, so your fuckin’ heads better nod
Or I’mma fuck around in this bitch and roast everybody
Sleep on me, that pillow is where your head’ll lie
Permanently, bitch it’s beddy-bye
This world is my Easter egg, yeah prepare to die
My head is swole, my confidence is up
This stage is my pedestal
I’m unstoppable, incredible
Hope you’re trapped in my medicine ball
I could run circles around you so fast your fuckin’ head’ll spin dawg
I split your cabbage and your lettuce and olives
I’ll fuckin’",3.5
Trump is a pedophile. He and Epstein raped children together.,2.5
"Based pedos, am I right bros?!",2.0
"What a retarded rag. This is just made up bullshit.
That being said, what trump disserves is to watch all his children dismembered alive. before he finally is boiled.
His punishment is for Zionism and lying about who he represents.",2.5
just make him promise to never do it again!,1.0
"Sholom Rubashkin
This is a made up name.",INVALID
"Sholom Rubashkin
Read nigga read
https://en.wikipedia.org/wiki/Sholom_Rubashkin
They actually lean into their stereotypes lol",2.5
I didn't support neither side tho and think they're all trash so what's your point?,1.5
"This lying, promise breaking, child rapist has 3 more years in office. We need to get a impeachment going ASAP... You know what scratch that. I wanna see him drain the Republicans of their money first. Hopefully he can accomplish this in one year for next year.",2.0
"How long did it take you to make this retarded gif, Chaim?",1.5
"source: trust me bro
I sleep
source: trust me bro, I'm a news media website
Real shit",1.0
"Sholom Mordechai Rubashkin (born October 30, 1959)[1] is an American businessman and convicted fraudster who was the CEO of Agriprocessors, a now-bankrupt kosher slaughterhouse
This reads like a racist caricature.",1.7
"Trump remembers how the Russiagate hoax harmed his first presidency.
Now, when the Epstein stuff comes out, the democrats will focus on any mention of his name, and, if they get control of the house, will launch numerous investigations and hearings to try to smear Trump.
This will bring his last 2 years to a standstill.",1.0
"Yeah, Trump is this pedophile that the democrats wouldn’t expose even when they controlled the white house and the DOJ.
Makes sense.",1.0
Why doesn't he just release every bit of information on it fully unredacted with full transparency to end all rumors and prevent any investigations?,1.0
You'll never be a woman,1.5
"Because people will think he redacted information about himself unless it proved he rapes children.
He has no winning play.",1.0
"He can’t, as far as I know. Other stuff he won’t because he says people will be hurt. No doubt he knows his own name is listed 100 times, as you would expect, since he and Epstein shared social circles.
Is he a pedo? No, that shit’s crazy. But would he be hurt politically if it was all released? Yeah.
They did ask Florida to release the grand jury testimony.",1.0
"Why can't he? If he has nothing to hide, he has nothing to fear, as the government always tells me :^)",1.0
"Why doesn't he just release every bit of information on it fully unredacted with full transparency to end all rumors and prevent any investigations?
There are many potentially logical reasons.
Let's say the list includes half republicans half democrats
Let's say it includes royals from another nation we're allied to (UK etc)
Let's say it includes people who are high up in Trump's administration currently
Let's say it includes a bunch of Jews, who the entire American congress suck the nuts of, what if it's even a bunch of AIPAC people, or even Netanyahu, etc
Let's say some person/people are included in the list and we're using that fact to blackmail them in some manner, which becomes ineffective if the information is leaked.
All of those are completely rational reasons why you'd never see the list until all those people are dead and gone.
If you want to understand why it's not being released at all, that's really simple.
The political cost of releasing it is greater than the political gain of releasing it.
What's 100% likely not the case:
1. Trump is the only person of power that the list incriminates, yet it wasn't released for some reason when democrats were in charge.
2. The list only incriminates republicans and not democrats, yet it wasn't released when democrats were in charge.
Those two scenarios are completely impossible.",3.5
"I didn’t read your whole post.
If his name is in the files anywhere, that’s all the democrats will need to launch 2 years of investigations. If they have control of the house or senate.",1.0
You're lost.,1.0
If he releases something without his name on it people will believe he’s withholding information.,1.5
Then he's got nothing to lose so he might as well release it anyway :^),1.0
"No thats just how jews are.
Pedophilia is based.
You need to be castrated and dedicked.
Then have a sex change ti make you a ""man"" again, then get castrated again. Over and over till you die.",2.5
"This isn’t about justice, it’s about politics.
No sane Democrat believes Trump is a pedo, they just want to smear him for political purposes, and because they hate Trump in particular.",3.5
"That doesn’t make any sense. If people believe he’s in it regardless of what he does, he’s better off not doing anything since nothing will convince people he’s innocent.",1.0
You got baited,1.0
"Same argument applied when Biden was in charge.
Which means that it's most likely some other factor - foreigners, mutually assured destruction, utility as blackmail, etc. rather than ""It must be because Trump is included!""",4.0
The samson option.,1.0
It’s simply that the only people who Congress were willing to approve for his cabinet are on the list.,3.5
"This whole Epstein/Ghislaine thing happening right now is a normalization of pedos. Did anyone else see the topic names of those threads in picrel? How Pam Bondi, Tulsi, Joe Rogan are instrumental in normalizing pedophiles according to the video below
https://archive.org/details/dark-web-playground-child-abuse-forum-leak-censored-posted-endchan-03.18.2025",3.7
picrel continued,INVALID
"The most likely thing seems to be that Epstein was a Mossad asset and we're not going to make Israel look bad because they pay off our politicians. Either the information Epstein gathered is still being utilized, and/or releasing it would harm the wrong people.",3.5
picrel continued,1.0
yo lets go trump is so cooked fr no cap be crashin out deadass ong,INVALID
"the article is written by a zoomette with over 5000 articles already in her short career
I'm sure she has a really important inside source in the white house",2.0
"Wouldn't be an issue if the Orange Pedo released the damn files to clear his name.
Just fucking do it.",3.5
People are just going to say he redacted himself if it doesn’t directly implicate him of pedophilia.,3.5
"Democrat pedophiles are usually straight, while the Republicans are the party of boy-fuckers. Trump is a major outlier.",3.5
"clear his name.
He's going to commute Ghislaine Maxwell in exchange for her to not name his name as a client. Everyone knows he was one picrel",1.0
She has 5000 articles? Over what a period of time? Anything to substantiate your claim?,1.6
Is this the new leftist cope to soften the blow when the list is all libtards? I thought you retards were frothing at the mouth for the list to be released? Now you're moving on to discredit it before its release?,3.5
"That was always the plan. Cry about the list until it releases, and then accuse Trump of tampering with it if he releases it.
If the list doesn’t prove Trump is a pedophile, he’s lying. If it does, he’s unfit for office and must be removed.",1.0
"I support Trump, but only because I am a chaos-seeking accelerationist. Bring on the jeets, trannies, inflation, and spic concentration camps. Bring on the AOC deepfakes, Gazan refugees, Save the Kids internet censorship, and Greenland annexation.
LET CHAOS REIGN
TRUMP 2024, HUNTER/MAXWELL 2028",3.5
"new leftist cope
If you haven't seen Whitney Webb's research into Jeffrey Epstein, then you would realize this goes beyond left and right. Epstein has been the ""money manager"" for Gates, Trump, and the founders of Google since the 90s. Epstein is directly connected to the 2008 Crash picrel. This is goes beyond just raping children",3.5
Pedophile.,2.5
Dahnald it's too late.,1.5
"CRASHING OUT
I can't tell if this is negro lingo or zoomerspeak.",1.0
"The big issue is really that the government isn't doing jack shit to investigate uproot and prosecute an active blackmail ring targeting representatives and officials, elected and unelected, judges up to the supreme court, industry leaders, finance leaders, political leaders, heads of state etc.
Releasing information is only necessary so we can demand accountability, which they are showing that they are totally unqualified and unable to deliver on.
If we had a system that could prosecute itself, they wouldn't need to release any information, they could just do their fucking jobs, but we don't, they fucked up any illusion that that was or ever could be a possibility. That was what Q was, Q was the illusion that they could be those guys and do that job.
There will come a time when the media begs us to believe in Q.",3.5
What's the difference?,1.0
WTF is crashing out nigger?,1.0
"I know. People don't. The jew remains to jew, this case has been compromised terribly and delayed so all of it can be plausible deniability. All I care about is getting something from this. It seems like it's getting parlayed by the hidden hand where Maxwell walks away because she trafficked underage girls to rich people. Which I don't even care about. I just want the truth. But that's not going to happen. If it hasn't yet, it never will. But guaranteed Trump didn't do shit. They likely tampered with the evidence during the Biden admin to put him into intractable check. If they had ""proof"" he was involved they would have used it against him. All the evidence was sat on and ignored for nearly half a decade by a democrat admin, so now all of it is suspect. Now it's a pincer move to pin Trump by it. Why do you think the libtards have been endlessly pushing for release of the ""files?"" Their masters know they did what they needed to compromise Trump to keep the info hidden. U less chain of custody and integrity can be proven, it's all suspect and unverifiable. Which is exactly what they wanted to accomplish. I do not care. Have Trump in it, real or not. I want to see the list. We can sort the rest out later. They don't want this because no matter what it could do to Trump, it would do incredible damage to the established figures in our culture. I don't care. Release it and the public will make their determinations.",3.5
"the government isn’t doing shit to investigate itself
that’s why it’s bread and circus and you’re low IQ for not seeing it.",3.0
"Trump is just a side quest in the Epstein files campaign. Don't get tunnel vision.
Deposing Trump is not the win condition.",1.0
"He fucked himself. You hang around dirtbags, you are going to get dirt on you.",1.0
The least I expect from Trump is a suicide or a natural death.,1.5
"Did we have to stop using malding because it's insensitive to alopecia
Rage quit because people have diagnosed anger issues",2.0
"Releasing information is only necessary so we can demand accountability
The government should not be allowed to keep secrets under any circumstances. Society should be ruled by Wisdom. ""National security,"" ""emergency powers,"" ""classified information"" are all buzz words designed to create a rift between a government and its people. Government exploits this rift to impoverish you and enrich itself.",1.5
Trump could have pushed for the release of the Epstein files and let pedo Maxwell rot in prison but instead Trump went insane and attacked his own supporters. Trump has forever cemented himself with pedo Epstein and Maxwell,3.5
I can't believe you're still talking about this Epstein guy.,1.0
New pilpul just dropped.,1.0
"checkmate!
/pol/ eternally BTFO",INVALID
"But guaranteed Trump didn't do shit
From Dershowitz to picking Pam Bondi, who was instrumental in halting the Epstein investigation as AG of Florida, Trump is coincidentally doing the bidding of pedos, helping them, and benefiting from them. Maxwell's father was notorious for embezzlement and hiding funds; it's most likely Ghislaine learned the tricks and that's what Epstein was doing for Gates and Trump when he was their ""real estate developer"".",3.5
512161252,INVALID
"No shit. This world is so corrupt that people are literally resorting to “you’re a pedophile” as their base argument against a politician, with no evidence whatsoever of course other than an association with some guy who’s associated with everyone rich in America. It’s literally the internet meme irl, that to get rid of you they accuse you of being a pedo. Except this is on a global scale. The human race is pathetically vindictive.",3.7
Whirled peas,2.5
Lol everyone knew Eptstein,3.5
"I dont believe any of this shit. It's been 8 years of 'TRUMP IS FINISHED' why would I believe the liberals this time? laughable. all the shit they made up, all the lies, the fake bullshit, the nothing burgers they perpetuated for their own satisfaction, nothing every happens. go away.",2.5
"All politicians are pedophiles, with the only exception being Thomas Massie.",3.5
"LGBTP hates Trump for his association with hebephilia
Like pottery.",2.5
"Shit I forgot its the american dream to rape kids.
Your so right sister",1.0
"I mean. People who care about the government at all are wasting their lives. So yeah, don't give a shiiiit.",3.5
"Trump's entire anti establishment, fight the deep state, power to the people shit has been bullshit the entire time. He has been team NWO controlled opposition from the jump and MIGApedes can't accept they got duped by another diamond dozen politician.",1.0
"I think Candace said it best when she said that Trump thinks he is smarter than his base. ""Never think you are smarter than your audience,"" she says.",3.5
"will be proud to get one last zinger in,
probably will be about jews",1.5
"the Israelis gave it to them, so china will continue doing business with them after america is kaput",3.5
straight pedophiles?,4.0
"damn, that epstein halo meme is flooding back now",1.0
diamond dozen,INVALID
"finally, now what do we do about the heritage foundation creeps who DON'T get taken out with le drumpf going down?",3.0
A nothing burger. I read the first paragraph and it was enough to know it's all made up bullshit. A source close to...,1.0
"I don't believe that. I think at the end of his arc he just had no choice but to obey his Jewish masters.
But you could be right. Everything in our world today is a lie.",1.5
"Democrat pedophiles are usually straight, while the Republicans are the party of boy-fuckers. Trump is a major outlier.
rare insight",2.7
"Isn’t that Candace’s entire personality? She thinks she’s “in the know”, even amongst conservatives.",1.0
He looks like he's seen some shit ever since that happened.,1.5
the niggerization of the english language ladies and gentlemen.,3.5
"Then by extension all human beings must be pedophiles. You can’t just apply a broad stroke like that without basically applying it to everyone. If you’re saying anyone in politics is a kiddy diddler, statistically that means most people in public are too. And it’s retarded because you’re falling for a basic corrupted worldview and devolved into just calling everyone a pedophile which is something out of Saul Alinsky’s book or a dystopian nightmare tech world full of false accusations.",4.0
Why are migapedos like this?,1.0
"Epstein is the key to ZOG
pull the thread hard enough and ZOG unravels",1.0
Everyone in politics is a kiddy diddler. Most people have high enough morality to never aspire to become a politician. Anyone who works for the government is inherently lacking in moral fiber and I think lower of them as such.,3.0
"Yeah, I also noticed that. He looks at least 10 years older now than he did 2 years ago. Would appreciate everyone's guesses what could be behind it.",2.0
They threatened his grandchildren.,2.5
Maybe don't rape children or cover for your rapist billionaire buddies.,3.5
He came to fully understand the situation we're in.,2.0
"Trump traded his base for the comfort of being the KEEPER OF LIST. Pretty smart for a guy who has faced impeachment and bankruptcy proceedings not to mention 30 years of lawsuits. Suddenly no talk of that now, eh?",1.0
"Unironically this time because it's not the left that's angry, it's Americans.",1.5
"So, he is Epsteining everyone else.
We are not interested in playing along with Trump blackmailing his enemies. We want the people exposed, period.",2.5
theyre all in on it together,3.5
Uh huh. And why didn't Biden or any democrat do anything about this for 4 years?,4.0
"The Republic Will Fall If We Don’t Win This Fight
https://youtu.be/agPBfrBD-gc?t=7678
https://youtu.be/Uyv-Bc1xpfI?t=1019",3.5
All it took to not be in this situation was not diddling kids. Either you play by the same rules as everyone or sooner or later you face consequences.,1.5
John Mark Dougan.,1.0
MUELLER PLEASE HURRY,1.0
"So? He betrayed his base constantly on every issue and whenever he got a chance to do the right thing he does the wrong thing, but still expects his base to keep showing up, there are always a few that do but it gets less and less by the day.
The latest pathetic attempt at distraction is attempting to try the Russia collusion stuff from his first term and threatening to jail Obama, what a joke. There is a greater likelihood that Obama would run for office in 2028 and win than there is of him getting so much as a traffic ticket.",3.5
Because they're all blackmailed by Israel,2.5
"He betrayed his base
No, he didn't. You've been saying this for 10 years straight, and he's only gotten more popular. You lost.",1.0
trump fucks kids (:,1.5
k,INVALID
"This TiMe!
Don't argue with GRU and FSB agents in other countries. Make a plan for Ukraine.",1.5
There's no return,1.0
"His base, including (You), is retarded.
Orange Hillary is laughing at (You).
All it took to not be in this situation was not diddling kids.
Trump didling kids is obviously bad on its own, but he's probably protecting his Israeli pedo-friends too.",2.5
It popped up like weed... Suddenly everyone and everything is 'crashing out',3.5
Retard should have never promised to release them if he wasnt going to do it.,2.5
"Yeah, we know. I want the chips fall where they may. Release the information and let's let things sort out as they will. This is a lot of jerk-around and the public left or right is sick of it. I have never seen such a high-profile controversy be kept shielded for so long in my lifetime.",3.5
"People don't know what pedophilia means. It gets used to describe sex with someone under 18, but it really means doing it with a kid that hasn't hit puberty yet. There's a HUGE difference between a 9 year old and 17 year old.",3.5
newrepublic.com,3.5
"You are delulu. In addition, you are wrong about anything the right-wingers are doing. So out of touch. Lmao. Sad.",1.5
"Nah. The issue is hot because we want to know why Israel can bomb and starve civilians like it's 1200 AD, and Trump never reins-in Netanyahu. 80,000 dead, and the war continues. The US has always been against genocide, at least says they are, (bombing Serbia in the 90's) and yet the Serbs didn't do 1% of what the kikes are doing right now. Surely the only rational explanation is that Mossad/jews have Trump's balls in a vise, and will crush them unless he continues to follow orders from Netanyahu.
>>Maxwell pimped out teenages and the powerful fucked them on hidden cameras.
Yes, that's not the real story affecting national interests. The real story is the ongoing blackmail and the hijacking of national interests in favor of some very evil kikes in a far-away desert land. The sooner the truth comes out, the sooner this anti-American, pro-jewish policy will end.
Is there anything irrational about my statements? Does being told to ""Shut up"" make this go away?",3.5
is the kraken going to get loose too?,1.5
"They may not ""get him"" he may get away with it, but the damage has been done. His brand is now the brand of gullible retards who have no choice to either accept that they're delusional and say ""I don't care"" and be based and say they have no illusions about what he is, they see him as the only hope for white nationalism and they don't care. Either way, no normie wants to have a conversation about this. Republican voters are more often shrugging and saying ""muh both sides"", there is no pride, nothing normie GOP stands up to 10 seconds of scrutiny or thought.",3.5
"Are you claiming that the Jews want to Make
America
Great
Again? How?",1.5
"Trump has become the ""Deep State"", protecting the pedophile elite.
Attorney General says ""We have the list""
Musk says ""Trump in on the list""
Attorney General says ""There is no list""",3.5
"phhh-bahahahaha, no way.
No way.
This is it? This is your final cope?
Pathetic. Kamala was the better choice. History has spoken.",1.5
"More like:
I'm a gullible fuckin' mark, and I will point at trannies/jews/fags/niggers before I ever accept that I, myself, am the sucker
picrel its you",1.0
TACO worked so well in the focus groups. What's going wrong?,INVALID
thanks,1.0
the whole reason trump is not being transparent because Israel and Mossad would be exposed. thats the key to all of this. Trump is more loyal to jews and israel than the USA.,1.0
"i dont understand all the commotion around epstein, seems pretty clear and shut to me.
cia used cia tactics to implicate foreign actors, probably diplomats and business people and the like, with/through epstein. personally i would like the files to be released, but im from germany, so this has little to no political implication for me. if any bigwigs from uae or similar are implicated, releasing the files could plunge the middle east into chaos, and would result in a weakened foothold of the us there. so probably trump gets fucked either way.
why is this even a discussion?",2.5
RETURN OF ELSA,1.5
Shalom rabbi,1.0
"Because Trump was good friends with him, he was killed while Trump was president, and he declared it over and told everyone to move on while promising to release the Epstein files and releasing documents that were already public, just more redacted to podcasters who say they aren't fact checkers.",1.0
"No, he wasn't.",1.5
"lefties don't give a fuck about pedophiles,
they don't even believe that trump is a pedo, they just vent their frustration by hurling some insult at the thing they hate. it makes them feel better.
from the start, the moment a leftie accuses trump of being a pedo, he acknowledges that epstein conspiracy has to be real. with everything it entails.
conseguently, because they haven't voted for the party that strongly wanted to release the files,
they out themselves as people who got everything wrong in politic
and at the same time, they declare that MAGA was correct on everything.
there no greater compliment a leftie can do to maga than accusing trump of pedophilia.
second, the matter has reached this point because MAGA base refused to get gaslit on the epstein matter and went against trump.
not only is this evidence that maga is not a cult and can do opposition better than the opposition, is only due to them refusing to get gaslit that the matter of epstein conspiracy gains the verisimilitude that allow the insult to stick in first place. if lefties hurl random pedo insult to trump in normal circumstances they would only look retard.
only people at the extreme right who were already aware of the jewish dealings are qualified to hurl the pedo insult, but as these people understand of politics is greater, they know that is not a simple matter of a list of names and also know why trump cannot be a pedo.",2.5
Am I supposed to feel bad for the pedophile or his cult of enablers?,1.0
Because then trump would implicate their pedos. You're controlled by kiddie fuckers who went to a jews private island to get blackmailed,1.0
"he isn't a pedo
he just covers for them and gifted the country to them and were friends with the main perpetrator for years",2.0
"Direction brained faggot supports pedophiles
blue-haired SJW are worse am I right guys?
MIGA cucks in 2025 thinking they can turn back that clock a decade, lol",1.5
"There are just a lot of COHENcidences.
Cool it with the anti-semitism",1.0
"This is it. What percent of accounts do establishment shills make up on here? You think 75-80%? Something like that? What possessed them off the most is when you dont pick a side. Hell, look at how hard they cry if someone says they are libertarian. Anything outside their two side that they made themselves, causes them to freak the fuck out.
Its getting through to more and more, but the one thing they fear more than anything is people figuring out its a class war. They will say they understand but they really don't. Most people are really stupid, which sucks. You will never break some from the ""uhhhhh Democraps bad! Rapebuplicans bad!!! Omg!"" It just wont happen, they are too stupid. But i see many figure out what class war means. They also need to understand that the majority of conversation on their sites is completely fake. You dont see anyone on here pushing a fight against Wall Street, or organizing a ""peaceful protest"" in the wealthiest residential area of their city. Once they catch on, things will escalate fast, but it will have to happen to make things better.",3.5
fr,INVALID
Did the washington post ever release the card with trumps signature as pubic hair?,1.0
Sorry meant wall street journal,2.5
based queen speaking truth against the mutt hoards of miggers,2.5
"dude, maybe 1 in 100 people knows what that tax stamp means.",1.0
"That's Massie right?
They killed his wife",1.0
"HE IS A JEWISH BITCH
FUCK THST JEWISH BITCH",2.5
Good.,INVALID
"I'm getting Late Stage Nixon vibes, except BIGG diff is The Jews all had their knives out for Tricky Dick (while most Americans supported him), for several reasons, but this time its ONLY The Jews supporting Trump.",3.5
"I still cringe when people say ""like"" out of context.",1.5
"Nixon was unironically a saint compared to Trump
https://www.youtube.com/watch?v=P9gNLVWdLAA",1.5
"It was interesting to see McGregor on the podcast with some guy from yorkshire that youtube recommended mention that Rothschilds have been in control since the lie about Napoleon winning let them gain a fortune in stocks dumped from the disinfo of all disinfo, then funding the construction of some canal.
Trump is a pawn. Kamala was the more wanted wanted pawn. Israel was supposed to defeat Iran before Kamala took over and experienced another market crash that paved the way for Isreal to lead the world. Didn't happen and will likely never happen because Trump doesn't want to go from a life of ultimate luxury to living under a mountain possibly forever.
I don't think Xi and Putin understand the task of ahead of them. Jews WILL launch all US/EU nukes to destroy the planet if they can't rule it. Every day that passes makes Jews realize killing Christianity ensured they are destined for poverty and eventual replacement by Chinese. Can they Chinese survive all those nukes being launched to deliberately end all goyim life? Or will they surrender and start building holocaust museums?",3.5
America first huh?,1.5
"lol no one cares. Not even non MAGA people. If they did, DC would be burning. Why isn't that happening? You guys are just talking at each other.",2.5
21 posts at this time.,1.5
"I hadn't really believed Trump was a pedo before, but now its undeniable.",1.0
"crash out
zoomer speak
That is older than any of us, and isn't even from Black culture.",INVALID
"from the start, the moment a leftie accuses trump of being a pedo, he acknowledges that epstein conspiracy has to be real. with everything it entails.
conseguently, because they haven't voted for the party that strongly wanted to release the files,
they out themselves as people who got everything wrong in politic
and at the same time, they declare that MAGA was correct on everything.
there no greater compliment a leftie can do to maga than accusing trump of pedophilia.",2.8
Trump is dead.,1.5
"Dude, nobody is reading all that unless the Epstein list is buried in there somewhere.",2.5
does the occult bullshit the elites do actually work or are they just mentally unwell?,2.5
Both,2.0
"they just enjoy doing fucked up shit because they have affluenza they're rich, they're bored, they have power and they would like to abuse it",2.5
"they're just evil bored and gay
and that's what passes for novelty among the evil",2.5
ritual and belief goes much deeper than superstition and devilry,4.0
fpbp,INVALID
fpbp,INVALID
"Good question, it seems like whenever we get a “sneak peak” behind the scenes like in “eyes wide shut” it all just looks like a bunch of larper bullshit but I dunno maybe that’s info I don’t want to know more about anyway",4.0
"Assuming they think they are the ""good guys"" (most people do) their plans appear to have led to miserable ends that they probably didn't intend.
I am inclined to believe that the ""elite"" classes have fallen afoul of inbreeding and drug abuse, and have become completely detached from reality.
It would arguably be better if they were making everything worse on purpose, as they might sometimes take a break.
But no, their own twisted sense of morality drives them on;
“Of all tyrannies, a tyranny sincerely exercised for the good of its victims may be the most oppressive. It would be better to live under robber barons than under omnipotent moral busybodies. The robber baron's cruelty may sometimes sleep, his cupidity may at some point be satiated; but those who torment us for our own good will torment us without end for they do so with the approval of their own conscience. They may be more likely to go to Heaven yet at the same time likelier to make a Hell of earth. This very kindness stings with intolerable insult. To be ""cured"" against one's will and cured of states which we may not regard as disease is to be put on a level of those who have not yet reached the age of reason or those who never will; to be classed with infants, imbeciles, and domestic animals.”
― C.S. Lewis, God in the Dock: Essays on Theology (Making of Modern Theology)",3.5
"I think magic is real. I've messed with it enough to see results seem to always come about. I don't really recommend just messing with it without knowing A LOT about it, or at all really. Let's just say how in RPGs white and black mages have high wisdom and intelligence, well... you really need to be wise and intelligent to mess with magic. I feel powerless often with my place in the world, so I've resorted to using magic for that reason.",1.0
"This.
Some shit definetily works, otherwise they wouldn't bother, but nobody is sure what does and what doesn't so they have no choice but to do everything.
It's probably next to impossible to test/experiment this stuff scientifically and optimize the process as it's not only very time/resource consuming but you really only have one chance.",1.5
What happens when you accidentally go on a date with a kike,1.0
Then you’ve been got. Legally they can steal your aryan seed and force you to pay child support,1.0
Post bbc,1.0
"What happens when you accidentally go on a date with a kike
you find out she's just a sami larping as a kike",2.0
You get possessed by the Spirit of Hitler and shove her into an oven.,1.5
"She has terrible posture.
Like most Americans.",1.0
"I slept with a few jew girls when I lived in burgerland, idk if anything happened in particular",1.0
Arabs got 78% of the British mandate of Transjordan. They got everything east of the Jordan river. That’s your palestine,3.5
Shalom Moshe,1.0
"PLEASE PLEASE JUST ACCEPT THE RUSSIAN AND POLISH JEWS IN THE MIDDLE EAST PLEASE ACCEPT THEM THE 2 THOUSAND YEAR OLD DEED GIVE THEM THE RIGHT
I'm tired boss",3.5
"The only value this land has, it has because Jews want it, the Saracens built their mosques on the temple mount because it's where the Jewish temple stood. No Jews - no news.
You cannot disprove this.",3.5
"No Jews - no news
Sounds like a plan.",1.0
Arabs don't deserve any land outside arabia,1.0
"Double your digits, the well talk
Or not",INVALID
you're not even from there to begin with,1.0
you displaced people you are invaders you use plausible deniability to do evil because your government is psychopathic just like the jewish governments of the west are psychopathic. when you slay them you dodge the oven. if you wanna die for your levite master and get shot with the crows then keep calling the good people nazis,3.5
So its ok that you invade france but him invading his homeland is somehow bad?,3.5
whenyou kick people out of their house you re an invader. they uise ambiguity mixed with propaganda and influence in the west to perpetrate their invasion,2.5
"But you do the same, that's the thing.",2.5
so you re admitting that hwhat they re doing is unacceptable im glad we agree,2.5
"Arabs got 78% of the British mandate
Yeah, thanks to 'Laurence of Arabia'
He was the one who screwed over Israel!
Making more deals than he had land to give!
Yes - Transjordan was supposed to be part of Israel.
So, all the 'palestinians' really do belong there, if anywhere!",2.0
The action is unacceptable but to the people to which the action is done deserves it.,3.5
"why would palestinians deserve to be kicked out of their homes? in 1948 there were barely much arabs in europe. you think jews need a reason to be evil tribalistic loonies who hate everyone and everything and feel condient in their power enough to act like cartoon characters? or to use whateve rhatred or violence oming from arabs to justify doing many times worse. let me ask you this , you think jews will spare india? you think they dont want to control you? race mix you? genocide you?",1.0
confident*,1.5
How about they keep the pink territory instead (and all the oil fields recently found in the sea next to them) while jews are exiled to landlocked desert?,3.5
globally despised fanatical Jeet support of Israel will be one of its many death knells and definitely one of the funniest ones,1.0
They sold it?,2.5
jordanians already dealt with paliniggers. no arab state wants them because they're all fucking retarded.,3.5
"700 000 + got kicked from their homes, no sale",2.5
When?,1.0
1948,1.0
"Cmon dude 1948 - Their whole Nakba or whatever, this isn't even 4chan/pol level of redpill this is available to most normies.",2.5
"You don't know what happened in 1948? Palis lost a war they started. If the roles were reversed, they would have genocided all the Jews.",1.0
Its not even a redpill. Its a muslim's attempt to shed accountability for their actions.,1.5
"so you think the holocaust was a good thing then? since jews wanted to genocide europeans and started shit. you believe in collective punishments nd using manufactured conflicts throguh false flag, that or exploiting real ocnflicts to inflict much greater harm for your own benefit, very convenient, built houses are cheaper. you can just fight people take their land and kick random old women from theirt house, is good.",1.5
"Probably. It all depends upon whether Jews really genocided Europeans or not. Or Hitler lying for political clout. Muslims believe in collective punishment since they started, look what they did to Banu Quraiyza. So giving them collective punishment is ok.",3.5
"does it look like hitler lied when he said jews wanted to flood europe with africans?
germany lost ww2 and we didnt take their land and displace more than half their population",3.5
Rolling,1.5
"lose=no answer, as usual",1.0
"Well not you, the native French. If muslims were in the war and won against Germany, germans would have raped, murdered, dsiplaced or forcefully converted.",2.5
I am travelling for a meeting.,1.0
"yet you cant answer. they didnt displace half germans, but jews did displace more than palestinians, and after the holocaust and all the whining, the audacity. became the nazis themselves. and germans fought this war because jews wanted to gneocide them with immigration. arabs fought because they knew that jews would... well. ther eseems to be a pattern. of jews messing with everyone. and yet even when they re the agressor they find a way to displace the victim and YOU fuckign indian bot who sucks jews for breadcrumbs will find a way to defend these indefensible people who lef tor right west or east will wreak havoc and genocide no matter what. how about we stop victim blaming here",3.7
"The ""mandate"" is called like that as it was mandated by the league of nations, it was something given to Britain to be its stewardt. The point of the mandate was to develop and prepare the territory for its eventual independence, not to engineer hostilities and to breakl it half and scurry away in the night.
Palestine got broken up for the same reason germany, korea, vietnam and india got broken up. Plain desire to keep eurasia in a state of chaos.
Same reason there was an attempt to break China in two which mildly succeeded as it lead to the creation of Taiwan, but originally it was going to be half of China.",3.5
/pol/ has no answer for this either. how much land do you think arabs would give up for peace?,3.0
"the jews control the west you fucker. i wouldnt be surprised if the jews made a shitty repartition on purpose so that muslims would refuse, one or two false flag, war, take their land houses and deport them all, this is what jews do, they re lucky they didnt all get gneocide dlike in the bible which they probably would have if white people wernt watching",2.5
"no peace without justice. injustice began in 1948 so your maps are moot. people got displaced into hoboness and could never reintegrate their homeland ever, more than half of palestinian population (700 000 out of 1.3 million)",1.3
israel is there so the west can bomb the bad muslims that dont show up to work for the kings not because some dood bible story stupid faggots,3.5
"how much land do you think arabs would give up for peace?
Arabs should not give up 1 square inch of land for peace. However they should let jews keep any lands they actually bought, which amount to less than 1000 square kilometers.",2.0
Why are you calling me a fucker?,1.5
it's disgusting how much you simp for these durka durka towel head invaders that have ruined your own country,1.0
Because Germans and French are the same people.,2.5
because youre saying normie shit to say that jes have nothing to do with whatever and its the bad guys dividing to control whatever or some bullshit,2.7
no they re not ranjeesh if you cant tell the visual difference between french people living i nthe north east and germans you have a weak brain,1.0
"the jews control the west you fucker. i wouldnt be surprised if the jews made a shitty repartition on purpose so that muslims would refuse
This has nothing to do with my post.
I specifically said the point of the mandate was to prepare the territory for independence, not to break it in half.
Similar breakages happened all across eurasia. India was broken up, lead to war. So was korea, vietnam, germany and china too, leading to the creation of taiwan. The point is to create chaos in eurasia.",2.5
"d its the bad guys dividing to control whatever or some bullshit
It is divide and conquer and jews are obviously complicit in it but its still the same anglo divide and conquer",2.5
Demolish the dome of the rock and build the third temple. Kick all of the Muslims out of Jerusalem.,1.0
"You Pharisees are not Jews, stop the larp",1.0
the point was to make a jewish state the jew didnt intent to merge,1.0
"Whataboutism and semantics won't get you anywhere nafri. Palis would have killed all the Jews if they won the war, but they lost. They should thank the Jews they gave them such a soft treatment.",1.0
again the jews had no intention to merge they wanted a jewish state by jews for jews especially after the holocaust no need for anglo conspiracy alsojews run the west especially post WW2,3.5
"the point was to make a jewish state the jew didnt intent to merge
I only mentioned what the alleged purpose of the mandate was, as ordered by the league of nations.",3.5
"again the jews had no intention to merge t
This has nothing to do with any of my posts.",INVALID
jews woudl genocide all the europeans does that mean we have to total holocaust their shit including random fukers that didnt do anything?,2.5
are you a virgin?,1.5
"You just made that up.
Yes if they actually intend to do that.",1.5
it doesnt matter what the anglo want the jews would have false flagged atheir way into a conflict if necessary they have shown it many times anglo could have made the most peaceful repartition in the world the jews would have found a way,3.5
"it doesnt matter what the anglo want the jews would have false flagged
You are arguing with yourself",1.0
You are now creating fake scenarios,1.0
you browse pol and you ignore jewish bullshit about immigration medias culture govenrment takeover finance ngos etc? u serious? hitler said what they wnated to do a century ago and they ve been doing nothin but exactly that and the result is the destruction of people nations and genes and cultures and patriotism with a bunch of jews wanting to make a world govenrment and taking over the world ar eyou fuckin tarded,2.5
"British mandate
it was an illegal occupation of Palestine by Brits which they had no right over. Go create israel in England, faggot.
I hope Thais will lynch your kike ass.",3.5
you siad the anglos wanted d&c when i tlel you evenif they didnt th ejews would have done it you re the one blaming anglo for the natural will of jews in the ME,1.0
"Oy vey look at the paper we had
Yes, for sure the Zionists only wanted a part of it, for nothing they only lied to secure the support of the countries, for nothing they were decades before colonizing lands and arming terrorist gangs in preparation for war.",1.0
dude shut the fuck up i mdone talkign with a tarded 3rd worlder ive been charitable enoguh,2.5
"unrelated, wtf are those dead bodies on the red truck?",1.5
"ew goy look at all the land the humans got
you assholes already have your own land
now don't forget your little pail and shovel motherfucker",2.5
This same site wants to kill us as well and make looney conspiracies.,1.0
"it was an illegal occupation of Palestine by Brits which they had no right over.
It was not technically illegal and you know because you cant quote any law that was broken creating the mandate
you siad the anglos wanted d&c
They do?
tlel you evenif they didnt th ejews would have done it
separate issue, divide and conquer was done in germany, india, china, vietnam and korea. Its just a general tactic, it worked in subsaharan africa too where europeans would pick some tribes to have priviliged status, making sure everyone else would seethe about them",3.5
Workers who would unload the goods at site sleeping.,2.0
"Yes, for sure the Zionists only wanted a part of it
I didnt say anything about what jews wanted",2.5
"you re a conspiracist
just leave the website a t this point",1.0
"That's still British clay. No deal was reached between the jews and muslims, meaning any claim besides British is null and void.",1.0
"doesnt fucking matter you cant blame d&c, the jews wanted a jewish sttae the whole point was to make a jewish state not to make jews liv ein palestine, to make a palce just for the jews which is what the jews wanted youre blamign europeans for jewish decisions i guess it should be expected with u guys",1.0
"probably the funniest one, although them waking everyone up by using all their institutions to hammer down on free speech with uncanny synchronization in a nation where free speech is the FIRST amendment of the social contract is pretty epically stupid, especially when the next amendment is that everyone has guns.
wake up lefties, the smallhats are coming.",3.5
"pointer
there are pointers and mouses
hybrid pointer/mouse or just mouse",1.0
Why should European Jews get any of it?,1.0
"doesnt fucking matter you cant blame d&c,
Not blaming it, just saying it was real. The creation of israel wasnt just a jew plot, the brits were on it too. And europeans in general (russians too) help foment these divisions.",1.0
look at the state of the west right now. which faction do you think is plotting the hardest? do you need a clue?,2.5
"they bought near 1000 square kilometers which is near 5% of the territory of israel, however buying land doesnt give a right to turn it into a country.
The other 95% was stolen",3.7
"which faction do you think is plotting the hardest?
Britain is in decline and cant do much now, though the power is now in the US (which is controlled by jews). Back in the day since 1800 and likely before, the anglo policy was to prevent political union in europe and later across eurasia in general.",2.5
"just leave Palestine for the international Zionists, goyim
just go to another country, you're all the same
fucking kikes",3.5
and giving a country to the people accused of everyone of running the banks being tribalistic was anglos ide aof dividing jews? oud think if division was their goal they make a single palijew state,3.5
Jordan was a seperate kingdom,1.0
"The creation of israel wasnt just a jew plot, the brits were on it too.
Get your facts right before spouting shit shit like a retarded Amerimutt.",2.5
"Women prefer black men because - unlike you - women truly value real freedom.
White men are oversocialized - dependent on civilization - willing slaves.
Black men are primal and truly free.",3.5
Women prefer black men,3.5
"Asian men are the least desired
Could also be because we show zero interest them in my opinion. I don't know a single educated Khmer man who would ruin his gene pool with a white slut (though our women seem to like degenerate white tourists, so maybe just a woman thing)",3.5
"truly free
thats why prison populations are like 70% nigger animals vs all the other races combined huh",1.0
*makes white men go crazy*,1.0
I'm actually still very sane.,1.0
Is Japan the future?,3.5
"Imagine wanting to do anything more with a white girl than a practice fuck lol like who is going to throw away their gene pool for that? Only the lowest of the low races, that is why white women always date poor taxi drivers or drug dealers in 3rd world countries",1.5
fuck off secret society agent,1.5
so fucking cute,1.5
I wouldn't mind a smart cute jap girl.,1.0
"Unironically this tho, white women also look like they stink of sweaty garbage and iron",2.5
"looks like a bug
i hate bugs",1.5
We're back to jean butts,2.0
Please kill yourself and back to china or wherever you came from,3.5
Those arent whites their mutants take your vpn off,2.5
Why is /pol/ so addicted to bug ladies? Every one of them has had plastic surgery on their bug eyes.,3.0
that’s a white woman,1.0
You are so desperate to defend these cunts instead of punishing them you will claim they are not white,2.5
Its just ccp and indians bots with vpns,1.0
Because They arent. You must be indian bot or a ccp bot,2.5
an ordinary woman you see anywhere in japan,1.5
"Damn, bitch is hideous",1.5
what the fuck is this shit hahahahhaha you have to be kidding is this AI?,1.0
Some white men have shit genes to begin with.,3.5
You are no different than the Ukraine spammers who accuse everyone who disagrees with them as being Russians bot using a VPN. Goddamn nigger,2.5
"t. Brown subhuman spamming cherry picked images
Why dont you kill yourself you disgusting race fetishist troon. No one liked you race mixers anyways the world would be better off without people like you.",1.0
the white West in one picture,3.5
"The guy in the pic is a hong kong actor, not a female
https://m.imdb.com/name/nm0665204/",1.0
"I wish men today weren't fucking crying pussies and raped women more often. I am tired of sexless bitches conflating their personal failures with politics. You are only ""based"" because your dick is dry, if you had pussy you would be a complacent normie. We are not the same",2.5
"Because, the Asian demographic in my town is literally 0.3% in a population of 2,700... And it consists of like 5 Chinese from one family and 3 Filipinos.
Though I do find many Asians quite attractive from Kazakhstan all the way to Japan and South to Thailand. I don't find Indian women attractive AT ALL.
I did make out with a half-Japanese half-Irish girl once at a party.
Funny post, but  and  are correct.
I actually don't blame black men for wanting white women, because they're basically trying to make a better gene pool for their offspring. Same goes for white men that go for higher iq Asians (like Japanese and northern Chinese).
The issue is a lot of this is fetishist garbage. Asian women that date white men usually hate their own race and white women that date black men usually hate their own race. And they usually fetishize shit like penis size.",3.0
"try to tell me you won't do anything she asks. i'm not saying that's a good thing, she just clearly has men figured out.",2.5
*keeps scrolling*,1.0
Looks like I hit a nerve,1.0
Yes,INVALID
"Mid
But of course, I'm not white.",1.5
You didnt anything but the wall. Btw spamming images means you have a cuck fetish,1.0
"White sperm that produces yellow feverfags also produces these whores, you are equivalent.",2.5
Faggots like you will never call out and shame the white cunts. Faggots like you are why white cunts have festered into a cancer,2.5
You niggers are out white knighting for ghe worst cunts in existence. Shame these goddamn cunts,1.5
"Whats the context, moron? You are posting to denegrate all white women and worship yellow pussy.",1.5
At what point did I post anything about yellow cunts? You faggots are seeing people having any interest in yellow cunts because how cancerous white cunts have become. You weak bitch,3.5
every thread until you kys,1.5
"The OP is about yellow cunts, so why are you posting blacked whores you fucking retard?",2.5
Still looks cute on the right,1.5
at least post cute gooks not this alien looking bug,INVALID
She's the girl from the op you gypsy,1.0
"more like white women.
white men go ""she's cute"" and then white women lose their mind and seethe endlessly about how she's actually mid at best and her pictures are edited",1.0
"I always found it hilarious how the clenched and raised fist is supposed to signal strength, but then you look at these pictures, and you look specifically at their fists, and all you see is pathetic weakness, kek.",1.0
Wrap that Jimmy sport. They've all fucked at least one brown.,2.5
Help! I'm going cRaZyYyY,1.5
I know that you stupid jeet,1.5
Pedophile,1.0
Stop the Epstein HOAX. Trump is an American HERO!. Palantir PROTECTS US. Israel PROTECTS US.,3.5
Just release the goddamn Epstein files unredacted,1.0
Serious answers only,4.0
They will move elsewhere,3.5
Another jfk situation.,1.5
"Retreat to Israel, and then expand Israel with a weakened Middle East. They have a tendency of being good at this. No major empire has ever committed to their total extermination successfully.
Doesn't matter, the middle eastern faiths die out fast around 600 years later because they consistently fail to serve their devout.",3.5
You'd immediately notice them moving to some other country,2.5
uhh maybe big weapons in the hands of morally corrupt magic dirt conspiracy theorist.,2.5
World peace.,4.0
"I think in the past it would've been more difficult to completely eradicate them. I think the stakes are higher for them now. The world is more connected (internet, satellite, etc.). If the normies were to somehow be convinced on their eradication, they would have nowhere on earth to go except Pissrael.",2.5
They can't control the middle east without US support.,2.5
They will drop their Hebrew last names and blend into the crowd until it's time to poison a well again. Tale as old as time I'm afraid,3.5
Truly,INVALID
"Real answer? Israel would rightfully ask the United States government to round up all the dissenters and throw them into camps using a large military force like ICE. They’d identify the antizionists by making the internet require id to access, probably under the guise of protecting the children. When all the antizionists are rounded up and dealt with, anyone else would be too afraid to question israel ever again, and rightfully so.",4.0
jews get replaced by arabs who pay 1 million to your daughters to poop on them.,1.0
"they would try to take it back and try harder. try to brainwash veen lower pcercentage mutts or even people 0% jewish. creep up their way very slowly, setups of setups. through ideas on the internet and books, made by people rpetending to be whtie fake photographs fake names etc. they ll never stop trying until they re all kciked to israel and communication is cut and kept to a minimum through specific governùmental networks but ther eis nothing you can do really. you have to unwhite them to they become fully jewish so they r eless dangerous and use philosophy to make them theists and moral. the less ideal and easier solution is gneocide ofc which most people will argue because other solutions are difficulty and require motivation an dhard work to sav epeople who want to genocide us which sounds weird.
but also i think a storng white country doesnt hav eto fear too much either. becaus eyou can make it in a way where jewish propaganda willbe ineffective. in hich case it wouldnt even matter. by having eugneics, white ethpostate ith smarter people and very storng education in public school, by several magnitudes. knowledge vaccinates against bullshit. we need that regardless of jews anyway",3.5
"Samson option is not about nukes. It's about releasing information warfare to undermine global order.
They are looking for a new host rn. China was #1 but Chinese see trough their plans. So they started dismantling usa while having nowhere to go. They outplayed themselves. They lost in game none other was playing.",1.0
"Well for one they wouldn't cut off your dick when you are born. You might even be allowed to say ""don't starve children to death please"" without losing your job and getting arrested.",3.5
That means losing Hollywood and the entire planet becomes 110.,1.0
"their child trafficking operations would be transferred to the vatican
https://m.youtube.com/watch?v=rpU51S26hrA&pp=0gcJCccJAYcqIYzv",2.7
What happens to a host when a parasite is forced to vacate its body?,INVALID
this,INVALID
see pic,2.5
"they lost
I don't think so",2.0
when the time comes. Indian shitters gotta go too. Sorry it has to be this way,1.5
Leftie white would take over completely and make everyone blacked.,3.5
Nothing.,1.0
"another prove they are just low IQ parasites.
without christkikery they would never have ride their delusion for so many centuries.",2.5
"America is going to collapse economically, if nothing else, Israel will lose the only support that matters then. Never has endless money printing worked out. I'd wager they're return to Russia, pooty is jew-friendly, then once again begin subverting. Will it work? Dunno, but that'd be the new plan, I'd guess. Maybe they'll set up shop in Argentina too.",3.0
"Jews an't afford to lose their best golems. They will likely try to nuke the world.
There is no ""elsewhere"" they can find goyim so willingly to follow their every command like good golem as those found in jewsa. To the point they most of them marked their own baby boys with the mark of the slave and the goyim paid for it.",2.5
"China was #1 but Chinese see trough their plans.
Yes it seems the case
In the past, Chinese would praise the Jews for their cunning and deceptiveness over the West. But eventually they figured out what was really happening in HK.
The advantage Chinese have over the West is that in any deal or business they assume the other party is being deceptive or dishonest, and they try to figure out what your scam is. While smiling and nodding to your face, of course.
Jew magic doesn't work on them anymore! They've reverse-engineered it and made a Chinese version
Gotta respect their pragmatism",1.0
mossad will do another 9/11 event.,1.0
"Stop posting this
Ganesh is not a demon",INVALID
Luckily Mossad is known for its desire to solve problems with Socratic dialogue.,1.5
"Reminder that America has an FBI, CIA, Department of Justice, Homeland Security, U.S. Army (old than America), Navy/Marines, Air Force, and none of them will stand up to Mossad.
One of them has to rise up or China will nuke us. One of them needs to stop trusting Israeli intel that China will not nuke us because a Chinese Epstein has compromised their elites. It is very unlikely considering they weren't able to get Russian elites to not embarrass Zelensky. China is a much tougher nut to crack/.",3.5
Anybody that believes Israel has compromised China needs to be removed from power immediately or we will all die.,3.5
"not like he's going to turn down cash, everyone needs it, but he obviously doesnt suck jew cock",1.5
"Video saved
Poos mad",INVALID
hinduism is literally demon worship,4.0
"This stage is done. They are set back hundreds of years in their plans.
Every high performing jeet is to be considered mossad plant unless proven otherwise
Church was keeping them at bay. Only after neopaganism became popular (includes muh atheism) they managed to pull this off.
Wasrael is done. But kikes still have at least two or three other countries.
Jews build (spiritually) communists China. But China is becoming less and less communist and they lack white guilt to blind them from kikeish menace. They have ü identity crisis and the threat is that they (Chinese) will become new jew",3.5
back to russia they go,2.5
"yids fuck off to israel without no US/wesfern backing
try to expand their space in middle east
on their own
when they've barely been able to manage gaza even with indiscriminate bombing raids and death squads
when they got humbled by Iran and the houthi's
when the chinese won't side with them
when their neighbours would all be openly hostile without the threat of the US looming over their heads
Oh boy I WISH a nigga would",3.5
"Yes, it's easy to see how this will play out
Jews will blame Americans for wrecking their own country and return to Russia.",1.5
They already killed his wife.,2.0
"1. Israel would be voted into submission at the UN.
In effect, if the US stopped supporting Israel at the UN, it would become a parriah state and have to pay MASSIVE reparations to the Palestinians.
2. Middle East would become more peaceful.
Which would mean fewer wars for the US as well.
3. Zionism would become comparable to Nazism.
The world would start teaching the real Zionist ideology and it would immediately start drawing comparisons to Nazism/Fascism. It would also become another boogie man in the SJW lore to hate.
4. Israel would have to bend to pressure and absorb Palestinians into its citizenry.
Either through right of return or the abolition of laws that forbid Israeli-Palestinians from marrying Palestinians in the West Bank/Gaza, the Palestinians would become absorbed and then seriously challenge the Israeli state's identity.
In effect, if the US were to stop supporting Israel, within 50-100 years, the Jewish state would be no more.
And that's a good thing.",1.0
saaaar muh blue rape monster isn't being of the demons plis dont redeem the flush,1.5
"The advantage Chinese have over the West is that in any deal or business they assume the other party is being deceptive or dishonest, and they try to figure out what your scam is. While smiling and nodding to your face, of course
Jew magic doesn't work on them anymore!
ROFL no. Jews literally installed communism in china without losing a drop of jewish blood. They can trick and control atheist chinks with ease.
jew dishonesty and deception is 10x harder to detect than it is with chinks, who are dumber than whites anyway.
They would use their world wide blackmail network and trillions of dollars they control in world banks to somehow get Taiwain back to China or something similar in exchange for a new jewish state in China where they would be left alone.
Jews gaining trust in a country takes centuries. 70 years ago in America the average father would not let his daughter date a jew etc. They would not immediately gain trust in China but they would and would do it faster than they did in any white Christian country.",2.5
Utopia,4.0
"They will move elsewhere
Where?
The USA will not protect them if If ZOG is kill",3.5
The same thing that always happens and it will be glorious beyond imagining.,3.5
"Haha, yeah, that would never happen.",INVALID
"Same thing as WW2 when they lost control of Germany. If jews lose control of the US, WW3 will be the US vs. the rest of the world.",2.5
The Ukraine war is about securing a new home for Jews. You have the West giving weapons and money to stubborn Ukrainian men and Russia killing them by the thousands. Eventually they will run out of men and Russia will track down every last Ukrainian with ties to the war. Then the Jews will come in and take the money the West and Russia puts into the country to rebuild and have good lives with young Ukrainian wives.,2.5
"When a woman puts these on, she certifies that she is nothing more than a useless cumrag. She will never be a good wife or mother and is just a cheap, useless whore who enjoys showing her body off in public like some sort of open-access camwhore. A woman who wears these has no value at all. Thank you for your attention to this matter.",1.0
gym clothes?,1.0
"I saw a video where a white girl living in Japan talked about how all the people at her gym looked at her like she was a disgusting whore for wearing a (tame by our fucked-up standards) athleisure getup. All the women over there are expected to wear comfy loose fitting clothing when working out.
And zero reason to wear these pants outside the gym, any women wearing this kind of thing in public is giving me the green light to stare at her ass and cameltoe if I see it in public and I do. There was a nice slut today gracious enough to entertain me as I grabbed my morning coffee. I especially like when they get all self conscious about showing their whole ass in public and start tugging at their ""clothing"". Bitch you dressed yourself",1.0
yeah women should not show themselves off in public - but this thread is probably jew fag propaganda,4.0
"NPNW threads - meme goldmine
https://archive.4plebs.org/pol/thread/460614733
https://archive.4plebs.org/pol/thread/443055037
https://archive.4plebs.org/pol/thread/446577059
https://archive.4plebs.org/pol/thread/446721938
https://archive.4plebs.org/pol/thread/450704793
https://archive.4plebs.org/pol/thread/452136013
https://archive.4plebs.org/pol/thread/452251327
https://archive.4plebs.org/pol/thread/452889492
https://archive.4plebs.org/pol/thread/452894541
https://archive.4plebs.org/pol/thread/453566463
https://archive.4plebs.org/pol/thread/454373802
https://archive.4plebs.org/pol/thread/455196763
https://archive.4plebs.org/pol/thread/455995281
https://archive.4plebs.org/pol/thread/457599737
https://archive.4plebs.org/pol/thread/458350985
https://archive.4plebs.org/pol/thread/459861184
https://archive.4plebs.org/pol/thread/460614733",1.0
New statement by leadership,3.5
"Avengers, assemble.
Slavery is alive and well, globally.
Only you can oppose secret, illegal, slavery.",3.5
may I see these threats?,1.0
"Digital pictures are violence against women
I think we need to re-educate some bitches.",1.7
burn in fucking hell jewish fed,3.5
"So... donate to their filehost of choice? Receive key to another shitsite with whatever retarded ""game"" they churn out... and its completely back to normal. Took me all of 10 seconds to circumvent these wrinkly old cunts.",1.5
Why don't these women just worry about their own children and fulfilling family life?,2.0
Always ignore women when they play victim,3.5
"Rape is good because it lowers the value of women down to what it really is, 0.",2.5
"THEY CALLED OUT ANONS
that's (You), chuddy!",2.5
"If you are committed to free expression, why do you not allow me to silence you?",1.5
"4 paragraphs to say waaaaaaah
better be paid by the word",3.5
Fuck off roastie,1.0
Isn't it sexist to not have equal pay? They are equally capable as male athletes.,3.5
Because their pay is derived from how much they make from people watching them and a lot more people watch male sports than female ones.,2.5
women have onlyfans,3.5
Female athletes are less athletic in every measurable way. Im a complete amateur and I would absolutely fuck up all sorts of the most talented female fighters in my weight class. Maybe even 2v1 or with an arm tied behind my back and shit like that. Im not even good at fighting or scary or anything.,2.5
"when I was a young lad athletes made more money with sponsors than they did the league. Female athletes are BORING AS FUCK with the exception of volleyball, water polo, gymnastics, and things like that. They suck at basketball, they suck at soccer, they suck at football, they suck at hockey, they are just not athletically impressive in the way men can be. If female athletes want to get paid make some calendars, posters, videogames, ANYTHING other than thinking your ""athletic prowess"" means anything to anyone.",1.5
"They don't command the same crowds therefore their revenue is less and so are salaries
Fuck your dumb gay question thread",3.5
"Remember when Joe Rogan was promoting the fantasy that Rhonda Rousey could beat up the Men's division, when she wasn't even a good striker",1.0
"I would like to be at the receiving end of Gina Carano's punches. I would like to get a broken, badly swollen, beaten up, punched up face because of losing a 1-on-1 boxing match against her. In the end, I would like her to remind me not to challenge the feminine superiority, and stick to being an IT nerd.",3.5
"In Tennis Grand Slams, women get the same prize money despite them only paying less than half the time of men and making up 1/3rd of streaming revenue and ticket sales.
How about women are paid as much as what they generate in sales (same as men)?",3.5
"why are Special Olympics athletes paid less than regular athletes?
we must stop this injustice le now",2.0
"July 29, 2019
Facing mounting public pressure in a fight over equitable pay, U.S. Soccer said the World Cup champion women’s national team has been paid more than the men’s team.
According to a letter released Monday by U.S. Soccer President Carlos Cordeiro, the federation paid out $34.1 million in salary and game bonuses to the women between 2010 and 2018 as opposed to $26.4 million paid to the men. The total does not include the value of benefits received only by the women, like health care.
I don't mind that you're an imbecile, but a liar? Come on now, Chun king.",3.0
"Because less people watch it. This is a normal thing to learn even 20 years ago.
You sound VERY vaccinated.",2.0
less people watch them so less money. SIMPLE,2.5
Why don't you go say that to her face irl? It's easy being an edgelord behind a keyboard but she would absolutely destroy you incel,2.5
If they are equally capable then let them fight the men. I'll pay double my share,2.5
"Are you seriously still talking about vaccines in 2025? It's been proven to be effective and none of your doomsday predictions about ""le global depopulation agenda"" happened, stop coping retard",2.7
"If they are equally capable then let them fight the men
Okay here, and the exact same thing would happen if you went in the cage with her. What's your next cope line incel?",2.0
Nunes vs Rousey is one of the highest selling PPVs in UFC history,1.0
closer to the truth,3.5
How do you respond without sounding mad?,1.5
I ask the person who showed me this what's their last name,1.5
what about bone marrow,1.0
"By saying it isn't true, because it isn't.",4.0
"But it’s not identical, the negro blood has AIDS.",1.0
You don't respond to propaganda you ignore it,1.0
"white and negro blood is identical
sickle cells
thalassemia
Not perfectly identical is it",1.0
what about bone marrow?,INVALID
Oh yeah isn’t that like a major problem with sickle cell? The hybrids can’t take white or black blood?,2.5
"what is this even supposed to mean
you know IDs aren't shared between threads, right?",1.5
"what about blood though
forget bone marrow for a sec what about blood",1.0
See:,1.0
Aren't you britts forbidden to attend our site?,1.0
it's not. blood has different types. you cannot just mix any blood willy nilly and expect shit to work out.,1.5
Shouldn't you be on the front lines?,1.0
So long as the blood is of the right type it's ok. Bone marrow itself though needs a very close match to not be rejected. It usually has to come from a close relative but in the case of mixed race children even either of their own parents are not a close enough match for it to work so they are basically fucked if they ever need such a transplant.,1.0
"yeah i know about blood types
but are you saying whites and negros can never have the same blood type",1.5
release the files,2.0
"NPNW threads - meme goldmine
https://archive.4plebs.org/pol/thread/460614733
https://archive.4plebs.org/pol/thread/443055037
https://archive.4plebs.org/pol/thread/446577059
https://archive.4plebs.org/pol/thread/446721938
https://archive.4plebs.org/pol/thread/450704793
https://archive.4plebs.org/pol/thread/452136013
https://archive.4plebs.org/pol/thread/452251327
https://archive.4plebs.org/pol/thread/452889492
https://archive.4plebs.org/pol/thread/452894541
https://archive.4plebs.org/pol/thread/453566463
https://archive.4plebs.org/pol/thread/454373802
https://archive.4plebs.org/pol/thread/455196763
https://archive.4plebs.org/pol/thread/455995281
https://archive.4plebs.org/pol/thread/457599737
https://archive.4plebs.org/pol/thread/458350985
https://archive.4plebs.org/pol/thread/459861184
https://archive.4plebs.org/pol/thread/460614733",3.0
"How do you respond without sounding mad?
Nigger",1.0
I thought it was the image where niggers can't grasp needing black people blood for black people's rare medical conditions and calling the doctor racist,1.0
I wouldn't want negro blood in me,2.5
"it shows that this exact thread is posted often. its posted all the time. nearly always 1 post only by the thread creator. its a rhetorical question, usually a tweet screenshot. low effort and baiting",1.0
I'm on a VPN. The other Britanons are MI6.,2.5
"do you not know what the word ""trolling"" means?",1.5
"Nope.
This poster wasn't commissioned by any organization with a medical background, I can tell you.
In fact, mal information like this can get people killed.
Why do you think there is a constant drive for more black blood donors?
It's because blood type is even more divisive than race; the reason O negative ""universal donor"" type blood is so coveted is that it is usable across racial lines, and across blood type (antigen type) lines within races because it contains no antigens.
If you put white blood in a black man, unless that white man has a ""universal donor"" blood type, the black man will die.
Only about 7% of the global population is O negative.
You are a lysenkoist, and you should be publicly stoned to death, and your carcass displayed on a gibbet, before your stupid ideas can hurt anybody who matters.",1.0
"Previous:
Timeline /tug/: https://files.catbox.moe/m97wmq.pdf
▶WARNING
Be aware, any /chug/ thread that uses globohomo nuspeak wording in the OP (such as Kyiv) or cites UKROP sources (like video game footage) are fake shill threads.
By posting in these threads, you recognize Israel controls the NATO Council and you irrevocably denounce the Talmud out of your own volition
▶Latest
Ukrainian Desertion/AWOL reports nearing 400,000 - https://archive.today/OT6vO
Russian troops liberated Aleksandro-Kalinovo, Donetsk over past day - https://archive.today/XWrTy
Anti TCC riots in Vinnitsa Ukraine, hundreds of women try to break down barriers to stadium - https://archive.today/kpWAg
No tank brigades left in the AfU after defeat of 17th at Oglovka - https://archive.today/wwwxa
India will continue to purchase oil from Russia despite Trump's threats - https://archive.today/NvPMC
Dimon Dog out-trolls orange pedo, redeploys two nuclear subs near Russia over tweet - https://archive.today/ARvJ7
Russian troops liberate seven communities in Donetsk, Zaporozhye, and Dnepropetrovsk over the week - https://archive.today/peBd0
(((The Moscow Times))) founder is dead lmfao - https://archive.today/oKmkM
BONUS: Syria, suffering humiliating losses and losing multiple commanders and the army chief, crawls back to Russia - https://archive.today/tQOmB
98th VDV and Russian forces liberate Chasov Yar!!! - https://archive.today/9v1Wm
▶/chug/
https://rentry.org/chug2024
▶/chug/ MEGA
https://mega.nz/folder/wbUjTLhb#BEBBRpmJN0Pih6YCXzkOXg
▶Video Archive
https://rentry.org/chugvidz
▶Z Radio
https://rz-life.ru/",3.5
"▶MAPS
Rybar
https://t.me/rybar
Suriyak
https://t.me/s/suriyak_maps
https://www.google.com/maps/d/u/0/viewer?mid=1V8NzjQkzMOhpuLhkktbiKgodOQ27X6IV
Weeb Union
https://www.google.com/maps/d/u/0/viewer?mid=1Iq3OLZYhIJ3WN5Lrn8jlkCjpY8Cd9uY
Divgen
https://divgen.ru/
Air Raid Alarms
https://alertmap.ru
Live - Black Sea - Marine Traffic
https://www.marinetraffic.com/en/ais/home/centerx:35.9/centery:45.3/zoom:7
Black Bird Group (Finnish)
https://scribblemaps.com/maps/view/id/091194
Livemap (Hohol)
https://liveuamap.com/
Copestate
https://deepstatemap.live/
ISW (neocons)
https://arcg.is/09O0OS
Topographical map of the Ukraine
https://en-gb.topographic-map.com/map-wmv51/Ukraine/
More maps:
https://opermap.mash.ru/
https://lostarmour.info/map
https://t.me/s/NabrezhnyeIntel",3.6
"▶NEW CLIPS
Kiev last night
https://files.catbox.moe/e65wl9.mp4
https://files.catbox.moe/h8kbxy.mp4
https://files.catbox.moe/wi63rg.mp4
https://files.catbox.moe/vng9cd.mp4
https://files.catbox.moe/wegiyx.mp4
https://files.catbox.moe/qelx5i.mp4
https://files.catbox.moe/qhosj8.mp4
https://files.catbox.moe/940rav.mp4
https://files.catbox.moe/x265al.mp4
https://files.catbox.moe/v5lfed.MP4
Dnepropetrovsk last night
https://files.catbox.moe/g7dyzu.mp4
https://files.catbox.moe/5hk8hl.MP4
Kharkov last night
https://files.catbox.moe/sfvq46.mp4
https://files.catbox.moe/exvu5m.mp4
https://files.catbox.moe/r1oue9.mp4
BBQ drone comp for month of July
https://files.catbox.moe/0qm6ib.mp4
Whores and Bastards of Khazar, bow before Christ, and repent!
https://files.catbox.moe/uu4aos.mp4
Kh-47M2 hits radio plant in Kiev
https://files.catbox.moe/ivo24s.mp4
Russian DSRG group ambushes Ukrainian infantry on Pokrovsk outskirts
https://files.catbox.moe/1fgerd.mp4
Locusts swarms plague the Ukraine as it continues to attack the Orthodox Church
https://files.catbox.moe/r1yo3s.mp4
Geran strikes on Ukrainian training camp near Simonovka, Sumy
https://files.catbox.moe/w12s1s.mp4
Cluster Ballistic munitions strike on Cherkasy City
https://files.catbox.moe/4dnlbv.mp4
Gerans strike TCC in Odessa
https://files.catbox.moe/xk64gv.mp4
https://files.catbox.moe/tyajgc.mp4
https://files.catbox.moe/7ruw81.mp4
Ru trench assault in in the Borovaya area
https://files.catbox.moe/d40u8k.mp4
▶Archive
https://rentry.org/chugvidz",3.5
"▶/chug/ Art, Logo Repository, Templates & Important Archives
https://mega.nz/folder/wbUjTLhb#BEBBRpmJN0Pih6YCXzkOXg
▶/chug/ NEW CLIPS Archive
https://rentry.org/chugvidz
▶/chug/'s MUST-WATCH videos
https://rentry.org/tquop
▶/ourguy/ Patrick Lancaster
https://www.youtube.com/c/PatrickLancasterNewsToday/videos
▶/chug/ COMFYPOSTING
https://t.me/Comfypostinghours
▶Join in on /chug/ soundposting
https://www.tampermonkey.net
https://greasyfork.org/en/scripts/402682-4chan-sounds-player
▶Unofficial /chug/ Playlist™
https://youtube.com/playlist?list=PLMRI5OkcCfbIJIoLFXhe_vAYff2AKBQ4-
▶Academic paper proves /chug/ is comfy, r/ugh is gay
https://archive.today/nyCyo
▶US Involvement in Ukraine QRD
https://rentry.org/xvryt
▶Ukrainian War Crimes
https://rentry.org/7xiyy
▶Bio-Labs
https://rentry.org/k4sav
▶Russia Fossil Fuel Sales since start of SMO
https://www.russiafossiltracker.com
▶Guides for RU Cloudflare/Captcha issues and general catbox issues
https://rentry.org/chug-ru-anon-guide-to-post
▶Bypassing Catbox block
https://rentry.org/chug2024#bypassing-catbox-block
▶Podcasts & Analysis
https://rentry.org/chug2024#podcastsanalysis
▶Telegram Channels
https://rentry.org/chug2024#telegram-channels",2.5
rate my briskets smoke ring,1.5
more Kino comin thru,1.5
"What's this i hear about Nagatoro being a nigger? It can't be real, right?",2.5
"Looking tasty/10
Man... I really should relight my smoker one of these days. Feel like i only fire it twice a year",2.5
"Enjoy the bread, sirs.",2.0
"Z
I denounce the Talmud
Hieroglyph from the post-SMO ancient Ukraine (Chocololi)
https://www.youtube.com/watch?v=qjFs9CPGhts",1.0
"Z!
To the last Ukrainian!
Z!",3.5
For you:,2.0
"Forgot pic. Look at mine.
This one didn't come out as good but it was juicy and tasty",1.5
I saw it,1.0
Thanks.,1.0
Ukraine hasn't collapsed yet?,3.0
"Aftermath of Russian airstrikes in Kramatorsk this Sunday
https://t.me/Operatyvnyi_Donbas/118416",1.0
"Western OSINT and military forums have come to an interesting conclusion… according to the trend starting January 1, 2025, Ukraine will cease to exist by February 2028. Exponential growth will accelerate in 2027.",1.0
"Pay up for damage orangutan - Iran
More are simply ignoring Trump now",1.5
Bomb TCC,1.0
"Huge explosion reported in Druzhkivka following a Russian airstrike, according to local media
https://t.me/Druzhkivka_info/682",1.0
"Threadly reminder that retards who think Russia is le based and trad that will restore truth and fight degeneracy has the highest rate of aids and drug abuse, not to mention you potentially getting raped in the military or dying with substandard training.
https://en.m.wikipedia.org/wiki/Russell_Bentley
https://www.yahoo.com/news/articles/examining-reports-texas-man-moved-231800583.html",3.7
"Just a quick reminder that we should all stand behind Ukraine in the great fight for Democracy against the illegal Russian invaders. Zelenskyy is the Winston Churchill of our time, serving as Europe's shield against authoritarianism.",1.0
"Threadly reminder that retards who think Russia is le based and trad that will restore truth and fight degeneracy has the highest rate of aids and drug abuse, not to mention you potentially getting raped in the military or dying with substandard training.",3.5
"looks thick, which I like. what wood?",1.5
"Picrel is the compensation for the death of a Russian soldier's family in the smo, don't throw your life away.",3.5
"2 different posters in the same minute
The discord is active, it seems",2.5
"Correction.
3 posters",1.0
"Just a quick reminder that we should all stand behind Ukraine in the great fight for Democracy against the illegal Russian invaders. Zelenskyy is the Winston Churchill of our time, serving as Europe's shield against authoritarianism.",2.5
"Picrel is the compensation for the death of a Russian soldier's family in the smo, don't throw your life away.",1.0
"Do you know who else stands behind Russia? Trump and his army of MAGAmorons. You don't want to be a fascist, do you?",2.5
jews are evil,3.0
"Please, Russia, stop fighting back
Please, China, stop fighting back",1.5
t. thinks everything has to be coordinated instead of countenancing the idea that people are just reacting to you being insufferable cunts cheering on the death of poor people because you're too pussy to fix your own country,3.5
"And a kike shill sees the nafoid discord being active and like the parasite he is, tries to get some (you)s by linking his shit ass dead thread
Funny",1.5
"pic related
Why are burger shills also kike shills, Panama anon?",1.5
"thanks
it helps having a freezer with half a cow in it, too easy just grabbing stuff out and smoking it the next day
nice char
hickory and pecan",1.5
"Goylems, anon",INVALID
"Why are MIGA shills so inorganic, Panama anon?",2.5
"Eglin niggers are adapting and now try to link Russian enthusiasm with MIGA enthusiasm. It's retarded, but they're niggers and do it anyway.
I'm waiting for the ancient Ukrainian hieroglyph representing the primordial Yuma btw",2.0
Pokrovsk (Krasnoarmeysk) is getting surrounded again. Why do Ukrainians like to be encircled?,3.0
"Video: Russian airstrikes in Kherson, per Ukrainian source
https://t.me/Operatyvnyi_Donbas/118398",1.0
t. seething faveloid,INVALID
"tf
tp
lol
lmao even",1.7
pork naturally wishes to be cooked therefore the cauldron feels like home to the hohol,1.0
We just have to keep calling them out. At least it's funny.,2.5
"Brisket is actually kind of hard to get here not because there is no beef but because it's rarely sold as whole brisket, it's often cut in thin slices by butchers and sold as some cheap meat. Which is literally what brisket is.
I often have to get an order from butchers before date so they don't cut the brisket and sell it to me whole.
I use a local hardwood, nance. it gives a very strong smokey flavour and gives it a nice char. Smoke ring is not as deep but it's very strong.
Bet you can find this wood as tropical flavour wood.",3.5
"Show me some properly organic food in jewsa.
They are like half plastic and goyslop at this point",1.5
"NEW BAKER NEEDED
NEW BAKER NEEDED
NEW BAKER NEEDED
NEW BAKER NEEDED
NEW BAKER NEEDED
NEW BAKER NEEDED
NEW BAKER NEEDED
NEW BAKER NEEDED
Alright, chaps. Calling it a night.",2.5
"Show me some properly organic food in jewsa.
Fried chicken",1.0
"What’s going on in Thailand? Where’s the Thaibros? I need to context. I just seen a video where Col Douglas McGregor said that CIA glowniggers instigated it, but he didn’t explain what happened. I need a QRD. I knew there were tensions but I didn’t even know a war erupted.",3.5
A philatelist.,1.0
She is cute,1.0
"“Russian aviation conducted airstrikes at Bilohirya, Novoandriyivka, Hryhorivka, Richne, Veselyanka of Zaporizhzhia region, Kherson and Lvove of Kherson region.” — General Staff of Armed Forces of Ukraine",1.5
"Eglin niggers are adapting and now try to link Russian enthusiasm with MIGA enthusiasm.
This is nothing new, media has been pushing this narrative for years, I’ve been trying to tell normies that Putin and Trump are not friends, but they won’t listen because their Talmudic Vision told them otherwise",3.5
"Grimstad refused
This is the way forward.
We just have to keep calling them out. At least it's funny.
Yes, and more effective than one might think if it's done tirelessly and the flame is passed on.",1.5
One more.,1.0
"True. But the timing is funny, because with every day that passes since his effective accession to power, the orange nigger loses political capital by becoming more and more niggerish and jewish.",1.0
"Picrel
Picrel...
Picrel?
Picrel?!
Picrel!",1.0
lol,INVALID
I have received information from a source. Well its a source I have alluded to in the past but I am not going to say more. Which also has lead me to think there is a sea change in Kiev.,1.5
"Sukhetskoye, north of Pokrovsk, is under Russian control. Rodinskoye is next.",4.0
"zamn ok
did you put a binder on that or something",1.5
General Zyrsky always make sure there's an encirclement for ukrainians to die in.,1.0
"going to sleep good night /chug/
hieroglyph from the post-SMO ancient ukraine (zigger sleeping with his imouto-wife)
Putin and Trump are not friends
KEK
they are not (obviously), but back in early 2025, all the memes and the butthurt from europeans calling orange baboon a russian asset was funny
some of them still do that on rare occasions",1.0
"Just salt and pepper on my brisket. Plenty of salt, mind you, but nothing else. Not even garlic powder.
My pork ribs with the bacon rub is way more complex though",1.0
GN king,1.0
"kek
it's funny cuz it's true",INVALID
"Good night, loliposter.",1.5
"based skaterchad
yeah right
bacon rub
based, bacon is underrated as an ingredient",1.0
Goodnight tomboy anime feet poster.,1.0
"Pokrovsk (Krasnoarmeysk) is getting surrounded again
They hold it at all cost yet claim it's not of significant strategic importance, truly a conundrum for future hrukologists",2.5
I never posted tomboy anime feet or even anime feet on 4chinz at all since I started to use it.,1.0
"Sneedsky is a filial son who cares about his father's medical treatment, gotta earn the rubles for that.",1.0
"Stari Kransy Leninskygard Lyman Yar ""as it was known in Soviet times is being surrounded.",1.5
"I didn't use bacon as a rub, i mean the pork ribs have the bacon on, ribs with pork belly.
Extra thick smoked pork ribs, extra juicy due to the pork belly fat and gelatin, so soft the meat falls off the bone by just touching it. Glazed with a homemade sweet spicy pineapple barbecue sauceOne can end completely full with just a rib.
I do recommend it.
Get a whole rib with the belly, the entire side of the pork torso. Skin and all. Use the skin for something else or leave the skin, it gives it extra gelatin though the rub may not go through all the way.
I use a dry rub mix of sugar, salt, pepper, coffee, cinnamon, paprika, garlic powder, cayenne. The coffee and cinnamon are important. Trust me on this one.
Sauce is not to different from the rub but also add teriyaki, molasses, ketchup, tomato paste, apple cider or apple juice, vinegar, honey, and a good pineapple preserve, some pineapple jam. Reduce and mix well. Try to get a pineapple jam that has little pineapple chunks or add some of your own from canned pineapple. Alternatively, you can use canned pineapple and use the juices to replace the apple juice or cider though it makes them sweeter.
Reduce and glaze. Save some for serving with the ribs. The chunky parts are good because they can give you a stronger sweet taste when bitting into the bark of the ribs.
Sadly I don't have pics of either.
This bbq sauce also goes well with chicken.",1.5
"Normies are the biggest fucking retards on the planet, I hate every single one of them. Ever since I started coming to 4chan 11 years ago, I fell so deep down the rabbit that I can no longer speak to them. I don’t want to talk about the how the Winnipeg Jets won in overtime, I wanna talk about how the kikes are destroying this world.
picrel shows the mental retardation of normies",2.7
How do you season it and for how long? Care to share any good recipes?,1.5
"For brisket, salt and pepper.
How long
Usually until internal temp is at the usual required temp for brisket but i do wait until the meat feels very tender. I wrap around 6-8hours usually and most of the time the entire cooling time is 10-12 hours.
Long night for a good dinner. But it's worth the wait.
I believe the secret for the bark is the wood I use, nance, a local hardwood that produces some tangy but sweet grape like fruits with a very hard seed and barely any ""flesh"" in the fruit. They make for very good drinks and something we call ""pesada de nance"". Look it up, it's quite nice but it also takes a heck of a lot of time",1.0
"We carry the same burden, and we'll succeed.",2.5
Total Normie Death,3.5
Water is wet,1.0
Morning anon. Reporting gains.,1.5
"Ever since I started coming to 4chan 11 years ago,
Look at this newfag.
t. been here since 2006",1.5
Morning moscowa,INVALID
"Good morning, gainz anon.",1.0
I just woke up. How are you guys doing.,2.5
"good morning
my cat just said awawa",1.5
"Good morning, sir. Sunni status?",1.0
"coffee?! aight
ill save this for a lazy day",2.5
I'm doing fucking terrible. I'm feeling dreadful. How are you?,1.5
Good morning. Lil Cossack.,1.0
"Chinese military and scientists are actively seeking ways to counter Elon Musk's Starlink satellites.
They are considered a threat to China's national security — this conclusion was reached by the AP agency after analyzing 64 scientific publications in Chinese journals.
Among the proposals are the use of submarines equipped with laser weapons, the creation of attacking satellites with ion engines, as well as the use of optical telescopes to track satellites in orbit.
Research is being conducted both in military and civilian scientific institutions.
According to Chinese experts, Starlink satellites, which provide access to fast internet in remote areas, can be used for military purposes.
Beijing's concerns are heightened by the fact that the project is linked to the Pentagon and American intelligence agencies, and its global presence continues to expand.",3.5
"freeman
donbas ukraine
come home retarded man
good morning!!",1.5
"Based sneedsky, they need to give him a hero of Russian federation award and a generous pension.",1.5
"this conclusion was reached by the AP agency after analyzing 64 scientific publications in Chinese journals.
We made it up.",3.0
"Percentages? Usually I go with 2-3% salt per kg and 1-3 grams of pepper per kg
How do you go with other stuff?",1.0
"advancement west of Chasov Yar
GOING FOR THE STINKY",INVALID
"Whose flag is that? Is that a fuckin soldier?
If so I just gained massive respect for whoever did this",1.5
Why not zap them with trillion niggawatt satellite dishes?,INVALID
"I was 10 years old in 2006…
I came here in 2014
I was a major normie once, I was 18 when I discovered this place
I used to browse Imgur back then in highschool for memes and came across a greentext, was curious as to where it came from and I found this place
I thank God every day for leading me here, I thank God everyday for opening my eyes.",1.0
always be fashionable no matter what,1.5
Apparently there's an Azog 2.0 popping up in Taiwan now,2.0
Multislop lacks soul.,1.0
I hear the Ukrainians have hit the Russian drone manufactories. What's the validity of that?,3.0
regression toward the mean,4.0
"Believe it or not, Poland.",3.5
"percentages
uses grams
this nigga tarded",INVALID
You have FOUR more days Chuggies.,1.0
"Gud thank you, I hope you too.
week 5 of mutt hours /chug/",1.0
"brasil, u must stop making old chug edits
vdv command it",1.0
"Yea... I just cover the brisket with pepper and coarse big grain salt. A lot less pepper than salt though.
Most of it will fall with the rendering fat anyways so any proper smoking should be done over salted anyways.
I don't brine, i don't know why people do that, it makes the meat wet instead of juicy.
I don't rest the meat with the rub.",1.0
"week 5 of mutt hours /chug/
I've been posting her for 3 years now actually",1.0
kek,INVALID
why is she looking like she's from a jaguar ad,1.0
"as if u never stop
the nkvd of venti posting",1.0
believe it or kot,1.5
:),1.0
simple lasers can are good enough for those eyesore cubes. ground or satellite based.,3.5
why does every hyhyl look like this?,2.0
What about ASAT missiles?,2.0
"looking like she's from a jaguar ad
No idea what's that mean",2.5
"Video: FAB-3000 strike on the location of the Armed Forces of Ukraine in Novoselovka, Dnipropetrovsk region.
https://t.me/intelslava/77966",1.0
i prefer my patriot missiles slaming into the side of a hyhyl hospital,1.0
"waste of money for such a small and delicate thing, plus you'll create a lot of frag. a laser is good and cheap enough.",1.0
"Jaguar used to be a ""luxury"" car brand that made consumer-affordable cars in the 80s and 90s. He's referring to Jaguar TV commercials that played in the 90s. They're just now being shown on Ukrainian TV, I guess.",3.5
https://youtu.be/qu3eSOmGAOM?t=337,2.5
chatgpt ahh response,3.5
Lermao,1.0
"One week left of my vacation until work starts, ugh. Im thinking about testing a dating app just for the keks. Otherwise im enjoying the rainy weather and cold wind.",1.5
You're not alone.,2.0
irrelevant outer pol bot responses,3.5
"Europeans fail upwards, so this dude will randomly turn up as some minister or something.",3.5
"Thread #21153
Thread #21154
Thread #21115 <- Nagatoro-nigger starts baking
Thread #21116 <- Nagatoro-nigger bake
Thread #21117 <- Nagatoro-nigger bake
Thread #21118 <- Nagatoro-nigger bake
Thread #21159
Did that fag just casually tried to sabotage thread count?",1.0
"thats infinite better than zero compensation for hohol dead soldiers because only 6000 frozen ones x 350k usd is 2 billion dolarihnos
they are dead Russian soldiers with ukrainain name tags
they are civilians
they are ukrainian deserters shot by Russians (not qualifying for compensation)
they are <insert here male category> definately not ukrainian soldiers
2 weeks later
is normal for russians to harves corpses of dead ukrainians because they're advancing and we're winning
1:77 ;)
CAPTCHA: ARYAH",2.0
GIGA KEK,3.5
SERBIAAA SERBIIAAAA SERBIIIIIAA SEEEEERRRBIAAA,INVALID
Coal?,4.0
"Im thinking about testing a dating app just for the keks
I never did that. Out of three ex-gfs, 2 I met in real life. The other one I've met through mutual friends on Facebook. I mean, she added me and started a conversation.",1.0
"dyslexic
cant count for shit, as well
Damn what niggerloving does to mf.",1.0
Serbia used to know how to solve annoying problems properly..,INVALID
"win faster
https://youtu.be/5cSiocZY9RA",2.0
Hehehe,INVALID
KEK,1.0
"They're just now being shown on Ukrainian TV, I guess.
Ukraine doesn't have TV at all since 2022.
They replaced all channels and programming with a 24/7 ""telemarathon"" where they show brainrot support-ukraine propaganda slop.",2.0
Honestly Gunther unintentionally did a good job of revealing how absurd the ZOG political order and moral position is.,2.5
"Was an old commie saying, if he's incompetent or stupid promote him so he cannot hurt us down here. Fits for EUSSR2 but is worse as they specifically target ""down here"" all the time.",3.5
do u nigerias actually twitter?,2.5
"We should really spread some messages around.
Cast light on the vampires.",2.0
and they broadcast it in every european country too because someone very smart in your leadership consider hohol 24/7 propaganda a nothing burger. they turned countries upside-down with propaganda.,3.5
Rotter family heir should have ALL his assets confiscated and given to ukraine,1.5
call me gay again for raping u,1.5
"kek i didnt know about the disabling other channels, well desu i did read about jewlensky shutting down ~10 of them but it didnt click in my mind that literally all boomers can watch on their TV is telemarathon now
absolute fucking kek",1.5
Jaguar saw its sales fall a whopping 97.5 percent,1.0
"Her name on the streets is choco-toro, i'm afraid her full african heritage is real, anon...",1.0
"Part of that is them stopping production to move to electric vehicles, so it's even worse as the production line to undo the damage is gone now. There's nothing left to save Jaguar, no reboot.",2.5
"im afraid ur all in for a bit of raep
https://youtu.be/QHblAOhLzaE
ZOV",2.5
kys faggot,1.0
"A mutt talks about stopping illegal invasion of a soverign country,...fucking hilarious.",1.0
"https://www.youtube.com/watch?v=ld41Xtlm9H4
I am sure God would understand.",1.0
don't think you're a volunteer; you've been drafted,1.5
What is this tranny doin,1.0
"Azog 2.0
First thing that came to my mind when I saw that news on another thread.
It's even worse in the case of Taiwan. They're a non-country that only exists thanks to US support.
Being nationalist, let alone a Nazi, goes against their very nature and existance.
Those Azov types are just symptoms of a group of people that's being primed to be sacrificed fighting for the US. War with China is a guaranteed and set on stone.",2.0
"caught breaking windows of passing trains
dies
these trains have powerful antipredator measures. antisemitic moscovian technology",2.0
"Well well well, RuZkis have started to deploy women on the frontlines.
One of our drones captured that poor, weak and dying thing. After a closer look, it was confirmed that the Russians now have started to send women to the frontlines.
Huilo already run out off Ivans? Maybe ask Natashka...oh well, doubt she can hear anybody now.
Though one question arises: Did she make the same exotic experience with Mutumbu and Axmat on the frontlines like her father and brother did?",1.5
death to the romafella,3.5
"The horrors of the work week are once again upon us.
I could do with some watermelon right now.",2.5
macetranny woke up early,1.0
That's not a woman.,1.0
Total late zoomer vandal death. Electrocute every single one of them faggots.,2.5
"The horrors of the work week are once again upon us.
why are balkaners allergic to work",3.5
"NAFO trannies now pretending it's the death throes of women and not just men they're jacking off to
that's ...nice?",3.5
"skatepark pedo attentionwhoring in /chug/
guess he got assblasted by aus/pol/ again",INVALID
kek 5th column used to be smarter,1.5
too late,1.0
Panama anon actually gave him honest answers. Poor lad.,1.0
You dumb son of whore I used percentage for salt. If you're so interested you can calculate how much percentage is the pepper its really easy. Now shut the fuck up and don't interrupt my conversation anymore.,1.0
Grim,1.5
sharty lingo,1.5
"Because work is the enemy. A little hard might never have killed anyone so far, but there is no reason whatsoever to take that risk.
But no, it's because there is nothing to do here, it's pretty much impossible to have any meaningful employment because no resources and the government is just a force of foreign occupation draining what little is left out of the country.",2.5
Can't you at least be a servant of Tourists? We can't even be that here.,2.0
Nigger-adjacent humanoids have an irrational hatred of trains for some reason.,2.5
https://www.youtube.com/watch?v=VCO4ya8WzHI,2.5
where is he wrong,1.0
talking to the mentally ill gurjati,2.5
conspiracy theories always depend on a retard posting blurry images,2.5
"all math is wrong
its 6 million
also all killed by evil puccia and not (((govt))) of ukraine literally holding the entire population hostage (brave and stunning)",3.5
All these years later most of them are still around with no issues. The boomer genocide didn't actually happen.,2.0
I'm unvaxed and still here too nigger. Why don't you go huff some asbestos dust?,2.5
"Finally got a gf I'm probably going to marry. She's double vaxxed and I never got it. We seem to be having trouble conceiving unfortunately.
What do I do?",1.0
Depends on what vax they took.,2.5
"10% excess mortality since the vaxx campaigns. Of course nobody has an idea what the reason could be. It can't be the vaxx, right?",3.5
Skill issue.,1.0
"Dump her you fucking idiot and get yourself checked for VAIDS from the spike proteins.
She is a GMO
That means Genetically Modified Organism
That is because she M'd her RNA and now has MRNA
The M is for Modified
The RNA is for RiboNucleic Acid
She has Modified Ribo Nucleic Acid forever now after the MRNA injection.
She is a GMO and will create spike proteins for the rest of her life.
If you've put your willy in there, those spike proteins have gone into your willy and bloodstream.
For fuck's sake this pisses me off because you knew better and hooked up with a retard anyway, and now it's going to fuck you and your kid up. If every unvaxxed person is like this then there was no point in being unvaxxed in the first place.",1.5
"Don't you have bigger problems, leaf?",1.5
"But also the vaccines did nothing to prevent or weaken Covid. We actually should've just carried on normally, without masks, vaxes, social distancing, and other bullshit.",2.5
Genetically Modified Orifice*,3.5
Scientists are baffled,2.5
"The truth is that the vaccines did very little. They didn't prevent covid, but apparently lessened the symptoms in some people at best. The real purpose was making the pharma jews rich. I think Oxford or whoever developed the first vaccines wanted to give out the recipe or whatever you call it for free, but daddy Billy Gays stepped in and said ""not so fast chuds, I need to get richer from selling this because I invest in pharma shit"". It was also a great excuse for companies and tech bros to stop people from working from home.",2.5
I'm unvaccinated and I'm fine.,1.0
Have infinite sex? What do you mean what do you do,INVALID
all the young people in my life who took it are chronically sick ever since,2.5
"In the news I saw many stories about micro plastics causing cancers & heart attacks so those must be the cause for the 10% excess mortality since 2021. Especially the excess mortality in young people, because before micro plastics were a problem young people rarely got cancer.",4.0
"I had a guy come up to me just today saying the covid vaccine fucked him up perma when he saw one of my antivax bumper stickers. Keep on boosting retard, we wont be missing you.",1.0
Lol rare based leaf,4.0
"you should boost yourself, bucko.",1.0
Most are mentally retarded now thanks to the vax.,4.0
I took 3 and everyday I want to end my life.,3.0
Same but I wanted that before I took it,1.0
"It increased exponentially, so I wouldn't just write it off.
Locking people inside during covid probably also not the best for your health.
More remote work and less active lifestyle, probably also not good for your health.
Pajeets living around you, probably also not good for your health.
Quality of life is plummeting all over the board.",1.5
For god’s sake don’t get her pregnant before you’re married. Don’t you have a father to teach you this stuff?,1.0
"I'm fine (5 injections btw), but I have developed some weird lumps under my armpits. Should I be concerned bros?",2.7
"The *only* reason you should even consider marrying a modern woman is if you knocked her up, and then only for the kid's sake",1.7
OP is a pharma damage control shill.,3.5
You live in Oregon? Multiple friends of mine from Oregon couldn’t knock up their GFs and needed IVF,1.5
It was always just about money. The people saying it was a micro chip were well poisoners. They hid all the side effects to protect the stock,3.5
they're all fine so it was necessary,3.5
"The mentally ill are on social media still, coping with their decision. Like this one pretending to be a CDC doctor for 30 years.",3.5
No they aren't. All my relatives and friends got vaccinated 3 fucking times and im the only one who never got vaccinated and they look like they aged 20+ years in 5 years since the 2020 pandemic. My uncle whos 70 looks fucking 90 now and can barely think straight without repeating himself and slurring.,1.0
ask them about their amazing decision and you will hear a new level of entertainment,INVALID
"The clot shot I am very much convinced shortened every single persons lifespan who got it. Like if you only had one of the covid vaccines it didn't do much but the people who got two or more drastically affected them worse.
I swear that they put clotting shit in those vaccines on purpose to depopulate the world.",2.5
"Sickening. They made a cult out of the whole thing. Remember the cards they made you fill out if you wanted to keep your job? Remember having a religious exemption and still getting denied for it?
I quit my job from 2020 onward once they went draconian on everyone in a blue state as well. I just rotted for 4 fucking years till I got another job when all the restrictions went away.",3.5
I remember it ALL and I have it ALL documented. The next generation will know EXACLTY who is to blame.,2.5
"People like this condoned the shots to their children and family, and 5 years later are still lying about the basics of what they did.
https://x.com/redheadlass1402",3.0
"PAYBACK
https://www.youtube.com/watch?v=QbvBSBXuBM8",INVALID
no one escapes the clot karma,4.0
she died because of the vax,1.0
they will continue to deny being retards until the very end.,2.5
"PRESIDENT DONALD J TRUMP @POTUS45
https://www.donaldjtrump.com/
https://www.thetrumparchive.com/
https://x.com/realDonaldTrump
https://truthsocial.com/@realDonaldTrump
https://rumble.com/c/DonaldTrump
https://www.tiktok.com/@realdonaldtrump
President Trump Office
https://www.whitehouse.gov/
https://www.youtube.com/user/whitehouse
https://www.flickr.com/photos/whitehouse/
Liz Harrington (Trump Spox) https://twitter.com/realLizUSA
Donald J Trump Presidential Library
https://www.trumplibrary.gov/
@realDonaldTrump @TeamTrump @TrumpWarRoom
b-but Trump hasnt done anything!
ARCHIVED LINKS https://pastebin.com/eAhgNyeX
NEW APPEARANCES
Pres Trump Meets with the President of the European Commission, Turnberry, Scotland 7/27/2025
https://www.youtube.com/watch?v=mnOwtHlBSFo
Pres Trump Visits the Federal Reserve, Washington, DC 7/24/2025
https://youtu.be/fO9_N_2yY8M
Pres Trump Bilateral Meeting with the President of the Philippines, Washington, DC 7/22/2025
https://youtu.be/tBEuoGSrG40
Pres Trump Bilateral Meeting with the Crown Prince and PM of Bahrain, Washington, DC 7/16/2025
https://youtu.be/jLgk7WImT5g
Pres Trump Meeting with the Secretary General of NATO, Washington, DC 7/14/2025
https://youtu.be/Edo-zOhakxE
Pres Trump Roundtable with First Responders and Local Officials, Kerrville, Texas 7/11/2025
https://youtu.be/PRuMlPjiKQg
Pres Trump Multilateral Lunch with African Leaders, Washington, DC 7/9/2025
https://youtu.be/fVDNHD5IEeQ
Pres Trump Cabinet Meeting, Washington, DC 7/8/2025
https://youtu.be/vL6PaBTA4I8
Pres Trump and First Lady at Military Family Picnic, Washington, DC 7/4/2025
https://youtu.be/_-3rqsYqXOI
TrumpVideo: WE WILL WIN 6/19/23
https://rumble.com/v2v6m2a
MAKE AMERICA GREAT AGAIN, AGAIN! 10/28/21
https://rumble.com/voe8gm
God Bless the USA (Donald J Trump) 10/20/16
https://youtu.be/O_PC_fy0fk0
OP pastebin: http://pastebin.com/X4KiALfh
prev",3.5
Ultimate MAGA.,1.0
"Thanks, baker!",1.5
MAGA,3.5
"I'M HERE AGAIN, TO AWOO!
I'M GOING TO KEEP AWOOING ALL YOU FUCKING...
KIKES, (they are great at dancing, world famous even)
GUM GUZZLING GROYPER FAGGOTS, (of course I repeat myself here)
SHILLS, (of course I repeat myself here)
FAGGOTSHILLS, (of course I repeat myself here)
FAGGOTS, (of course I repeat myself here)
COMMIES, (of course I repeat myself here)
SPAMMING FAGGOTS, (of course I repeat myself here)
SPAMMERS, (of course I repeat myself here)
MEMEFLAGGING SPAMMING FAGGOTS, (of course I repeat myself here)
LEAFS, (rake those leafs without mercy!)
NIGGERFAGGOTS,
NIGGERS, (oh boy do I hate me some fucking niggering niggerydoing niggers!)
CONFUSED BOOMERS,
JANNIES,
AND FRENS UNTIL YOU ALL AWOO!
I'M BACK YOU NIGGERLY BROWN GAYPER SHILLNIGGERS!
/PTG/ Regulars
A /PTG/ Regular has returned, and the jeet shills hired by pissrael are already fearing that I am redeeming all their giftcards! They would be correct about that too, AWOO!
If shills believe they have something worthwhile to say, how do they explain why no one bumps own threads?
Why do they have to scam people into reading their own posts?
Because nobody wants to hear from pedo catboi tranny faggot cumhunters who go around at night with their special ""MEGA AFPAC DONATOR"", signed ""Nick Fuentes Everyday"" branded ""Star of David"" laser-etched limited edition ""CUMHUNTER SQUAD"" blacklights. That's why.",3.5
That's what makes him a lolcow. A one to five minute video is a rebuttal. A four hour video is a bleeding ass wound.,1.0
"Checked, and you're absolutely right.",INVALID
When will he release the Epstein list MIGAtards?,1.0
chechen,INVALID
Checked and wait he actually did a 4 hour video?,4.0
"plebbit and gaypers are united on drumpf lmao
They both love fucking horse and kotboy cock, not to mention trannies. Groypers fucking love their trannies and that jeet pedo that runs their xitter too!
pic rel",3.5
MAKE THE INDIANS GREAT AGAIN,1.5
"Allegedly, I was replying to a guy in the previous thread. I'm certainly not watching it if it exists.",1.5
"Two more weeks, give or take",1.5
"if he did; do you think it would sate you, or would you say ""he wiped X""",1.5
Pedophile Trump General,3.5
I think I'd rather shoot myself than subject myself to a 4-hour cope session from the weird little gay kid in his basement.,1.0
"Is this helpful for a hypothetical, esoteric, and redacted situation for when swim has jury duty sometime this month? How could one silently and subtly lead someone else to think they are racist in a courtroom like scenario without being held in contempt of court? https://i.4cdn.org/wsg/1753986065712654.webm",3.5
22.5 years old,INVALID
"called you jewish again award
wtf why don't I have that",1.0
26 years old,1.0
"Remember, any time an organization or institution claims to be ""nonpartisan,"" nine times out of ten it's actually controlled by Democrats and/or left-wing NGOs. That's why they're so upset that Trump is going after ""nonpartisan"" institutions",3.5
"We love AWOO! She so young and cute. Trump has opened the doors for us!
Thank you President Trump.",3.5
kek,INVALID
the day the music died,3.5
"And of course, the true purpose of ""nonpartisan"" redistricting commissions is to gerrymander in favor of Democrats.",4.0
weird little gay kid in his basement.,1.5
"https://www.youtube.com/watch?v=wm7uDXHF_9k
Get at least a part time job listing all the good women in your vicinity, and then getting to know them as friends, until you find one worth keeping. You're running out of time, not because you don't have years, because THEY don't. And for many, you'll be too late.
You don't even need all the good women, just a short list of 3 or so. If you only find one, take it.",1.5
"Chegged esoterically and redactedly
One way I know to get out of Jury Duty is to say you're a lifelong member of the GOA or NRA. I'm not a member of the latter, but damn if it didn't work. Your results may vary, of course.",1.5
"I don't even hear the ""non"" part, it's like ""non-profit""
bitch where did your mercedes come from",1.0
"Trump took 5m in donations from the most corrupt Brazilian meat packing company and is now tariffing them to oblivion
9D backgammon these people are stupid",1.0
Why do they keep helping those that cannot even help themselves?,2.5
I actually blasted mk677 and creatine while binge drinking malt liquor right after the first picture and didn't lose anymore hair and I didn't take fin for a year. I am just shocked how rounded the right corner is now at 26,1.5
"Does it even matter. What is done is done! Can’t change history. Just keep moving forward. Lower the age of consent down, by, like, A LOT and we’ll be fine. Project 2025 baby!
Trump has paved the way for us! It’s okay to fuck young puss again!!!
MAGA",1.5
Groypers keep talking about how Nick did such a great job reporting on this story he dropped in pic rel. They won't shut the fuck up about this story he broke by leaking such important and damning info that no one had ever even heard of before.,2.5
"t. 15 year old age of consent
lol faggot",2.0
"26? Anon, take the first good woman you meet.",1.0
"are there uncorrupt ones?
how deep are you into brazilian meat packing companies?
I'm curious desu",1.5
why?,1.0
Christianity.,3.5
"Trump and us are the same. We like em ripe and young.
Now go fuck off to your shithole of a country.",3.5
maybe theyre bolsonaro fans too,2.5
"...
yeah, when you're a young man, you should be getting a young bride as her groom, and making all kinds of crazy first time sex experiences as a couple that will fuel your lifetime of good sex, together.
That's the pairbond. Also, succeed in having a child in the oven before she's 18, that's the other part of biological pairbond.",2.5
I'd rather be norwood zero for the rest of my life than get married. kys trump nerd,1.0
hi weird gay basement miggers,INVALID
"What’s a pedo? A human man who fucks with females, who, by the way, have vaginas. You Omaha vagina is for? Fuckin’!
So fuck it right in the pussy, as long as they are pubescent. Trump has paved the way!",1.0
why can’t jews ever be subtle,3.5
"its fun for a few years
put your stuff in your parents name beforehand though",1.5
"Are you gay? Do you like sex? Do you want to have what your body is literally built to enact?
Or would you like to pretend you're a shopping tool for productivity and the movement of the velocity of currency markers?
Get a woman, have a family of your own, before you're aged out.
Your teachers weren't real, they lied. You don't need to be good on your own, that's arrogance. All of your design is to have ready sex from your spouse from age 15 or so, till you die.",1.0
"One way I know to get out of Jury Duty is to say you're a lifelong member of the GOA or NRA. I'm not a member of the latter, but damn if it didn't work. Your results may vary, of course.
Quite easy to say I'm eager to become a member at their sign-up table at the next ""Nation's Gun Show"" over in Dulles. Fucking huge ass place too (they had the afghan refugees shoved in there when all that shit was habbening under Biden). I'll say they generally offer a slight discount too.
512178398
Now go fuck off to your shithole of a country.
I'm in America, but I know you aren't from that statement. Can't believe you admit to living in third-world tier shitholes and the only patriotism you have for you country is being able to connection a freedom tier American VPN connection.
We like em ripe and young.
We already knew you gaypers were pedos. Your discord server was reported just last month about having CP images and links.",2.6
Pedo thread,3.5
"good awoo and good night, frens
don't let the shill-bugs bite",3.0
America just lost Brazil,INVALID
"I just throw away anything from the state, idk why you do all these extra steps",1.0
Fuentes is just Milo tailored to 2016-2020 MAGA market analysis.,1.0
what are you talking about?,1.5
"that happened when they faked the election about Bolsonario.
either the US shows up to help, or China does.",2.0
Fuck yeah and fuck ‘em young. President Trump has set us on the path!,1.0
I have a strong feeling neither of you are bald,1.5
"hey Muhammad you finally took off the memeflag! very nice, you going to keep pretending you’re not posting on multiple id’s + ban evading?",1.0
The funny thing is that Bolso was still making Brasil getting closer to BRICS as well,3.5
"He married a woman who had violated her pairbond, and probably had fucked her before they married, and she left him, is my guess.
You have to believe she'll stay, I do suggest that much.
If you quit because jews, you lose because jews.
Anon, nobody cares about your pretending that you're not a biological entity. Other than it is clearly going to get you hurt.",1.0
"AWOO, so sweet and cute. Perfect meme for President Trump and us. Fuck em young!
MAGA forever",3.5
Ok. I'm not really hurt by trade groups. What the hell do I care if they want to charge each other less?,1.0
"Lol, the coffee market in China is a fucking bloodbath
The Huemonkes are gonna get skinned alive by the prices the Chyknees will demand",3.5
"someone tell drumpf to cut more red tap, we can grow our own covfefe too. Political leaders have been cucking us for too long on areas we could easily dominate on our own.",2.7
https://www.youtube.com/watch?v=35qrzF9OJsQ,INVALID
"I'm tired and should probably sleep, but I also don't want to. I know I'll be walking into a shitshow at work in the morning now that my boss resigned.
I haven't had the chance to check out the Dulles gun show, mostly due to geography. The biggest one near me is the Saxet Trade Show. I'm thinking of saving up to hit that in the next year or two. Hoping to get lucky and stumble across an M1 or a 1903.
You may have a point, but it also gives me a reason to get out of the house and avoid work for a day. I'm exempt for another year or two, I think, since I was unfortunate enough to get selected as a juror for, of all things, a stupid fucking traffic violation.",1.0
Support the President or get the fuck out! MAGA 2025 and beyond. No weak bitches allowed!,1.7
donald trump is the antichrist,1.5
Fuck you,1.5
"I haven't had the chance to check out the Dulles gun show, mostly due to geography. The biggest one near me is the Saxet Trade Show. I'm thinking of saving up to hit that in the next year or two. Hoping to get lucky and stumble across an M1 or a 1903.
They got tons of those vendors selling those older style collectables too. I've bought all mine there.",1.5
"No, I protect weak bitches, they're quite allowed.
Maybe you're confused, did you get the plastic dick from Planned Parenthood and the 1-size fits all hormone sterilization treatment?
And have you been wasting all the chances to bond with a good spouse shooting into plastic wrap?
You sure sound like it.",1.5
"now that my boss resigned.
Perfect time to become the new boss if the pay's worth it.",INVALID
"why are you so upset?
did hiki catfish you too?
:/",1.5
Brazil was already in BRICS retard.,1.0
"I know I'll be walking into a shitshow at work in the morning now that my boss resigned.
bring donuts",2.5
"It makes me laugh so hard that some trumptards became hardcore pedo defenders, others basically started being pro pedo themselves",2.5
"ctrl+f epstein
0 results
where are they, /ptg/
they said they were going to be here every day
they said they were going to break us ;_;
i can't believe they gave up already
what is there left to believe in, if not pathological shill psychopathy?",3.5
"Maybe take a trip up there in the future,, then. I'm a fucking slut for WWII era weaponry.
If they're hiring internally, then I am pretty much the only capable or even slightly willing to step up. There's no other leads available in the entire district, and I've only been working for the district for about 8 months. I mean, I have 13 years of experience in the category, and maybe 4-5 years as semi-leadership, but if there's no other options, I'll do it. Maybe I can arrange it as an interim position first.
Maybe, if the Shipley Do-nuts is open. I'd get Krispy Kreme, but there's not one near where I work.",1.0
it's with the nigger tapes,1.5
"AY BOSS, WHATS DA PLAN?",1.0
"It’s nature. Pubes means sexable. Trump did it, billionaires do it, now it’s virtually legal!",4.0
retain strong hairline,1.5
"Hey nip-anon.
I commented on that last thread (in a way):
They normally have one ever 2-3 months or so. All sorts of things there each weekend. They even have this store sharing the parking lot: https://www.brickmania.com/about-brickmania/",2.5
"It makes me sad that you didn't lurk at least 2 years and you think young men and women are children, so much that you're attempting to enforce the harms of adultery and fornication by code.
Someday you could stop pretending. Will that be today?",1.0
"That's cool as fuck! I'm down in Texas, so it'd definitely be a week-long event for me. I'd probably have to drive since I doubt I'd be able to afford a plane ticket. Nor would I really want to deal with declaring anything. Maybe two weeks.",1.0
omfg little kids!,2.5
"I don’t what the hell your talking about bownoid. I impregnate anything that moves, as long as it looks female, has a pulse and a puss and is at least 12 years old! What’s Trumps youngest? 13? That my limit too!",1.5
it's cute you can't even allow yourself to type it,1.5
"Lady, you're ""independent,"" you voted for Kamala, you're ""empowered.'
and clearly lonely.
I know why, and that scares the people who use you for donations and volunteer labor. Probably including your current boss.",2.5
"PRODUCED IN AMERICA
https://www.youtube.com/watch?v=RV3hgJczNCY&t=30s
I've never been in there though. There is a ""Willard's BBQ"" there that is one of those hole in the wall must stop locations too in the same shopping center in the next lot over.",2.5
"Definitely something to check out if I ever find myself there, then! Love me some good BBQ.",1.5
MAGA is stored in the balls,1.5
"I love AWOO, especially with guns. Young girls with guns. Who’s to hate? Celebrate with me baby! Good for one thing? Fuckin!!!! Trump and me are the same breed of animal.",3.5
"Oh! Jews. I forgot about them. Visa-Jew and Master-Jew took control of all American money.
We need new money, now.",2.0
momiji is 80 years old,1.5
"Trump and me are the same breed of animal.
literally the first time you've almost made an honest statement about yourself.
now say it again, till you actually hear the words, not the libel you intended.",2.5
"You missed their massive melty earlier today. Several got b& pretty hard, from what I've gathered.",1.0
Young for Touhoe.,1.0
fr?,INVALID
https://www.youtube.com/watch?v=uHI5mZUt6ow,4.0
"ACH gets got
they say muh national security
transactions tied directly tied to SSN
careful what you wish for desupai",1.5
"FRANK ABIGNALE TOUCHES MY DONG
MY DONG
AUGHHHHHHHHHH",INVALID
"Everything you need is there. You can also go up route 28 north to the Air and Space Museum there, they have an IMAX theatre too. Search ""Dulles Expo Center"" in google maps.",1.0
SHE'S OVER 62 YEARS OLD YOU SICK FUCK!!!!,1.0
Fr fr.,2.5
rumor has it that is bussing cannot confirm,3.5
"I noticed that a previous thread had only 260 posts in it, indicating a 40-post mass deletion, the kind that happens when they start spamming their guilty conscience lmao",1.0
That's happened at least twice in the past 24 hours.,1.5
"HONEY MUSTARD!
IS NOT A CONDIMENT BUT A DIPPING SAUCE
ALRIGHT
ALRIGHT
AUGHHHH AUGHHHH AUGHHHH",1.5
"I did that, it definitely sounds like a fun time. Last time I visited an Air and Space museum, it was at the Smithsonian about 25 years ago. God damn I'm old...
That's a banger.
I think that was the one, yeah! Death threats and furious screeching I think.",1.0
"We actually lost everything right now. A political party in another country can threaten Visa and Mastercard for control of America.
It happened once, it will continue to happen now. The money is not controlled by the people that earned it.
Good luck starting the economy like that. No-one will trust it.",3.5
"boomers over 70 are buying their 3rd and 4th homes at a faster rate than under 35's are buying their first
boomers were the only age demographic to shift left for kumla
in fact the shift was massive with boomer males shifting toward kumla by nearly 10 points
What the FUCK is wrong with that generation? I used to be agnostic on the boomer meme but they are an ACTUAL menace to a stable society. They appear to actively and intentionally trying to fuck everyone as hard as they can on the way out for no reason but because they can",2.6
"You sound like a fuckin liberal
Or some shit. You make no sense at all like a gibberin’ fudge packing gaywad. My type is young and fresh, just like 47 likes em! Got a problem with us? Take up with our President. Proud as all hell.",1.0
"lol, fafo",INVALID
milk is a condiment when you put it in cereal,1.0
YOU HAVEN'T THOUGHT OF GRILLED CHICKEN BREAST YOU STUPID BITCH!,1.0
Pedophile enablers general,3.5
Is cereal a soup?,4.0
Damn you dumb bro. But can’t blame ye sound inbred.,2.5
"It was 3 maybe 4 shills banned out of maybe 10 or twelve of them. They were threatening to kill anons here. Threatening death to anons, on this board of peace. These 'people' are deranged! Thank you for your attention to this matter!",2.5
"I did that, it definitely sounds like a fun time. Last time I visited an Air and Space museum, it was at the Smithsonian about 25 years ago. God damn I'm old...
The newer one they built out in Dulles saves you from the driving into the hellscape that is DC.",1.0
"It is not, it's the cold sauce to the grain soup. Speaking of, did you know the French cooking methods have a guy who specializes only in cooking sauces?",4.0
Cool. But Trump is still a Jewish pedophile.,1.0
We actually lost everything right now. A political party in another country can threaten Visa and Mastercard for control of America.,2.5
archive link?,1.5
"So, you are saying BRICS got stronger despite Drumpf tariffs on Brazil?",1.5
I know. These people are pathetic.,1.5
"Interesting comment, child-fucker.",1.0
"Sweetie, in the famous words of that goofy feel-good boomer movie with serial killer Tom Hanks
stupid is as stupid does
Right now, you're denying your own humanity and hurting only you. Everyone else is sorry that you're turning old maid, and wondering if wine aunt will ever stop pretending it was about being ""good alone.""",3.5
"Here's another one: you're a retard that defends Jewish networks of child trafficking, murder, and pedophilia.",1.0
"I have vague memories of DC driving. If I remember right, we ended up in a part of town where if you're white, you don't stop for fucking anything. Dad got lost trying to get to the Smithsonian, or maybe getting out to get back to Andrews AFB. Again, it's been a fucklong time. I think I left that area in '03.
Sounds like they had a rough day, then. I wonder what triggered it? Just defending their little gay idol's honor can't have been the only thing.",1.5
"are we going to use a law to dismantle democracy?
no, I just the state AG write up an ""opinion""
Legislating through blog post is wild af, even for a felon, even for texas.",3.0
"uhh fucking kids oh yeah hnnnng
kys kike",1.5
"Keep defending pedos, pedophile",1.5
"Another pedo comment, of course.",3.5
"Trump is about to Introduce the ANTICHRIST SYSTEM!!!
https://www.youtube.com/watch?v=e3u8I7iAwXA",3.5
are niggers an instrument?,3.5
"t. whole post history is child sex fantasy
you’re fooling literally nobody kike",2.7
"Ahh, it's Morning in Moscow. The GRU teams are here to pretend they aren't homosexual ass rapists.
Morning you rape victims! Glad to know that side of the world didn't get hit by an asteroid or a massive alien invasion. Makes my day easier to plan.
We sell hemorrhoid treatments that numb the anus, if you can find it.",3.5
"I have vague memories of DC driving. If I remember right, we ended up in a part of town where if you're white, you don't stop for fucking anything. Dad got lost trying to get to the Smithsonian, or maybe getting out to get back to Andrews AFB. Again, it's been a fucklong time. I think I left that area in '03.
Good ole Anacostia. It's like mini-Baltimore, but intensified. If you see bullet proof glass at the drive-thru or gas station, then leave the area quickly.",1.0
Yeah. I’m fund as shit. Always have been. Don’t understand a thing you’re saying. At least the smartest thing I ever did was vote for President Trump. Proud as punch! MAGA from my loins!,1.0
"LOL. Dumb retard keeps trying the same tired bullshit as if it deflects away from the fact he's defending Jewish pedos. Try ""kike"" again, you pedo-defending retard.",3.5
Goodnight and a new baker is now needed.,1.5
"What’s pedo? The age of consent goes way down, many a pedo no longer a pedo.",3.0
"Yep, that sounds about right. Been to Baltimore, too. I'd rather not go anywhere near that shithole, or PG County in general, ever again if I can help it.",1.0
"Anything below 18 is a child and you just have proven that you’re a pedophile
Disgusting garbage stay away from kids",2.0
Good night!,1.0
"Keep enabling pedophiles
Hopefully you never have kids of your own",2.0
"human codes are the defining feature of human biology.
menstruation before codified approval will be punished!",3.5
"obsessed with child sex daydreams
literally can’t post about anything else
also thinks being an atheist jew (or muslim) who hates israel just like every other lefty jew makes him “far right”
kek you’re suck a kike you can’t even tell how obvious you are, sorry you lost the election vote harder next time before you 41% yourself, abraham",1.0
This is some serious autism. I applaud the dedication desu.,2.5
"obsessed with trannies
Kill yourself tranny",2.5
You’re a pedophile,1.5
Why are you posting this when trump loves israel?,1.5
"Oh, you got me. I’m sorry.",1.0
I love pedos. Don't you dare call out my love for Jewish pedophiles like Epstein and Trump. Raping and murdering goy children is based!,1.5
"stopped denying he was jewish
nicely done, now you just have to work on the crossdressing part",1.0
"Gonna try and get some sleep now, despite dreading the morning. Good night, frens!",2.0
"You're the wasting the whole pedophile thing. It's supposed to be the crime of all crimes, but you're throwing it out like traffic tickets. Keep doing it and no one will take pedophilia seriously.
And you don't even care about kids seeing that you take this so lightly, for your own petty purpose.",1.5
"You spend a lot of days on here
I’ve seen you on here so many times defending pedophiles with the same images and speech
What a fucking loser you are
Kill yourself for a better life, pedo",1.0
"he’s been the toughest potus on israel which is part of why you’re so butthurt, like i said vote harder next time
children
how young we talking about here fellow white man?",1.5
"Keep crying pedophile enabler
Only people that won’t take it seriously are pedophiles",1.0
"I don't doubt you're an idiot. But when you use that term, do you have any intent other than trying to avoid the GRU rapist over your shoulder?",1.0
"Like I said, traffic tickets. You don't even know me. lol. And I'm not even sure I've spoken to you. You're just cheapening everything.",1.0
Why wont this shitfuck allow Trump to deescalate?,1.5
"Keep doing it and no one will take pedophilia seriously.
That's why they're doing it. Leftists are angry at being depicted as (and actually being) pedophiles for DECADES. They want revenge for the term being used on them. Them spamming it now is an attempt to normalize it so people get sick of it and stop using it on them.",2.5
"i’ve seen you here calling out child sex fantasists trying to shit up your board with degenerate projection and tired jewish demoralization techniques
how dare you!
kek eat shit jew",1.0
"You defend pedophiles
There is no sympathy for people like you you’re going to burn",1.0
"No, these are, specifically, the 8am Muscovites. They are here to demoralize and atomize, because Trump has finally put his foot down.",3.5
Libs really have drumpf living rent free. Talk sections are hilarious at times. https://en.wikipedia.org/wiki/Donald_Trump_and_golf,2.0
Shills too. They have no choice but to eat shit everyday.,2.0
AWOOOO!,1.0
"512180263
sanctuary law
lol, lmao",INVALID
Odd you didn't actually post the source...,2.5
"i hate the shills when they’re here but then miss them when they’re gone
what’s wrong with me",2.5
"At this point, I'm waiting for him to outright try and dissolve the House.",1.0
I need to believe people are shills because my feelings hurt :( mommy please ban these shills they hurt my fee fees,1.5
"1pbtid
yet strangely appears to be carrying on a prior conversation and assertion
Surely its not a small few hyper psychopaths that keep flipping a VPN on and off with tacit mod and janny approval spamming the threads all night and all day?",3.5
"I wonder how they would react in the wiki-talk section about biden if you asked if the signature they are using in the article is his real one, or the autopen version.",2.5
"You need people to believe you're not in Russia, so you don't get assraped by your commander again. lol
Keep working it, someday you'll be an ass raper yourself!",1.0
If he backs down before he secures the banana the other monkeys will throw him out of the tree.,1.0
Notice the missing sections compared to,INVALID
just learn to enjoy the quiet,1.5
"Yeah, prigozhin was the first warning, the next warlord trying to coup Putin is not gonna stop",1.5
"If Trump is ever going to be assassinated or fake another assassination attempt in line with Jewish numerology, today August 4th will be the day it happens.",3.5
"There aren't any others. Some generals, and the Chechnyans, who nobody should want in charge of anything.
I'm still of the belief that Putin is dead, and we're viewing his body doubles. But, I didn't hang with him to know.
In any event Russia is living on daily produced armor, and imported shells. Which for a nation that started this just 4 years ago with ~90 years of stored materials, is a pretty shocking outcome.
I really think Georgia could take Ossetia.",3.0
"why won't my boss allow me to give myself a raise?
Weird.",1.5
How the hell did the Fez end up being used in Egypt? It seems completely meaningless for an equatorial sun. Was there a better version at some point and they just kept shrinking it? Is it a leftover of some early electricity cult?,2.5
"My boy, this peace is what all true warriors strive for.",1.0
"likely only designed to make them look taller and less bald, quite a dysgenic bunch that lot",3.5
"gee, it sure is boring around here",1.0
just checked and there’s literally no news,1.5
DINNER,INVALID
"How in the hell have ""sanctuary laws"" not been ruled unconstitutional yet?",1.0
happening tomorrow then? there's always a calm before the shitstorm,1.5
"1/3
I apologize for the low quality of this post, my general excuse being the actions of others against me.
On the topic of Peace in Ukraine:
Jews and Bantus will likely successfully sabotage any initiative for peace, and even if they do not, they will likely ignite WW3 some other way. So I do not know how much that peace in Ukraine, even for one of the ""better kinds"" of peace in Ukraine, will help.
But ignoring that:
Russia will not accept a Ukraine that will launch endless assassination and sabotage campaigns against Russia, including against Russia's nuclear deterrence.
They will also bitterly want any Russian-speaking people remaining in Ukraine to be protected legally.
However, the Ukrainian people is utterly, completely indoctrinated. And I am not sure if any sustainable peace will be viable with the Ukrainian people being this indoctrinated. The possibly very Jewish neonazi criminals and golems seem entrenched in power in Ukraine.
Since the Jews will not accept any genuine truth on this topic, considering the genocides that the Jews committed 100% intentionally against many millions of innocent Ukrainians, Russians, Kazakhs, and many, many others in late 1910s to late 1930s during peacetime, including the Holodomor, full de-indoctrination through truth will not be accepted by Jews. And there are other aspects.
What can one then do?
This is possibly a disastrous or even cataclysmically bad idea, but maybe the following:
the USA coups Ukraine (yet again, like in 2014 and possibly earlier) and installs some puppet dictator. They can present it as a democracy if they want.",1.0
"Maybe if it actually looked like you guys were winning, you wouldn't have to always remind people they lost.",2.0
"2/3
Europe and Europeans are officially used as the scapegoat as part of reindoctrination. Jews love scapegoating others and making them take the fall for their own sins, after all, scapegoating appears to have originated as a Jewish religious ritual (possibly to a Jewish pantheon god named Azazel): https://en.wikipedia.org/wiki/Scapegoat#Ancient_Judaism . This scapegoat makes zero sense, it was Jews that controlled the USA that orchestrated the coup and war and the deaths of horrifyingly many Ukrainian and Russian soldiers, and the Jews appear to have hoped to ignite WW3 with it, bringing even much, much, much, much more death with it. While Europe is controlled indirectly by those Jews that control the USA, and while Europe and the West are becoming more and more Jewish genetically and culturally over time and rapidly so (and not even counting immigration into it), it was nevertheless Jews controlling the USA that couped Ukraine, for instance the Jewish Victoria Nuland that played a primary role. Scapegoating Europe will probably not work, and I despise dishonesty, but I am more or less out of ideas that Jews may find acceptable in the short term until they find some other way of igniting WW3. The new indoctrination is important to discourage assassination campaigns against nuclear deterrence in Russia.
split Ukraine up, giving Russia Crimea, the four regions or so that they hold, maybe more, and try to create a demilitarized zone, preferably along defensible natural borders like rivers.
make Europe foot the whole bill of repairs and reconstruction for all of pre-2014 Ukraine, including Crimea. Europe is not independent and does not have a say, Russia will be licking its wounds and will not agree to repair Western Ukraine, and USA will likely also not agree to repaie anything.
Russia will also institute protection of the Ukrainian language in the given regions.",3.5
"3/3
Ukraine could set up laws that only protect historical minorities, but Jews will not accept that, it might hinder them flooding Ukraine with Jews, Bantus and the most Bantu-spirited and Bantu-genetically-related people elsewhere.",3.0
Your posts are so dumb we're taking Greenland tomorrow.,2.5
"How is this good?
For Brazil?
For China?
Please explain.
China can’t even keep buildings standing.",1.0
For both as they diversify their markets. Also Brazil wants to take Australia's place as Chyna main provider of iron ore,3.5
truly a classic schizo over here,1.0
"So is Brazil going to profit from this?
How? China is a nation of slave labor. Who is going to buy the coffee?",1.0
"Russia will not accept a Ukraine that will launch endless assassination and sabotage campaigns against Russia, including against Russia's nuclear deterrence.
Meaningless drivel.
They will also bitterly want any Russian-speaking people remaining in Ukraine to be protected legally.
Simple and reasonable.
However, the Ukrainian people is utterly, completely indoctrinated.
Propaganda, please try again.
Meaningless shit.
Triple down on meaningless propaganda shit.
Does your boss Putin know you're talking about his jewish mother like this?
Do you think he would rape you twice, or just one really long time?",3.5
"Oh iron ore!
I don’t think they are going to sell as much as they think they are. The Chinese take they’re rebar and stretch it thin. That’s why all of their buildings and bridges collapse.",1.0
You missed a full day of crying brown children. A few of them partied a little too hearty and got hot pocketed.,2.5
I have no fucking idea!,1.0
i did not miss it because i was lurking most of the day,1.0
But it said we are plus 106k jobs.,2.5
"It's more nuanced than that.
If a legislator is believed to have forfeited his or her office by abandonment, “the
attorney general or the county or district attorney of the proper county” may initiate a suit in district court. Id. § 66.002(a). If the court determines that the public officer has forfeited the office, the court “shall enter judgment removing the person from the office.”
Basically, the Attorney General gives names and reasons to a judge of congressmen to be removed, then the judge decides if the reasons for removal are valid or not.
TL;DR
it probably won't happen, and if it does happen, it will take a long time",1.5
"Guys, I went to the bee hive to steal honey and they stung me. I'm gonna destinger all the bees so I can get honey without being stung!
faggot, you stuck your hand into bee hive, and you're angry at the bees?",2.5
"HEY
HEY
IS THIS THE NEW /PEDO/ GENERAL, FOR PEDOPOSTING BY PEDOS AND PEDO APOLOGISTS?",3.5
"I can imagine MSM spinning the faulty jobs report as the first time it has gone negative since they would count all the illegal labor, and other just like smuggler and drug dealer as jobs lost due to drumpf's economic policies (deportations)",2.5
"get home
texas is going all the way bigly
hey finally a republican state actually doing something",1.0
we could've had this IRL ai slop as president,1.5
I'm good with eradicating all life from both Russia and Ukraine,1.0
"HEY
HEY
IS THIS THE NEW /PEDO/ GENERAL, FOR PEDOPOSTING BY PEDOS AND PEDO APOLOGISTS?
No anon, the Groyper General/Nick Fuentes Catboy Fanboy Shill thread is here:
I'm glad I could help.
Thank you for your attention to this matter.",3.5
"You can tell people are excited because there were only a few ""Abbott stands up to Democrats"" jokes.",2.5
"monkeys thinking the chinks are going to do business in good faith as they make themselves more dependent on them
Brazil is gonna learn the hard way lol",2.5
"It's simple. They'll just move BR businesses and outsource BR jobs to the nation of slave labor, you know like they did in America.
Good?",2.5
So China used Venezuela to infiltrate Brazil? Or just walked over with a big US check and bought everything?,3.5
"checked
Gayper anus damage is at critical levels, and that's saying something",INVALID
"nation of slave labor,
So like what Washington DC is asking Canada to do with their dairy industry.",3.5
"we could've had this IRL ai slop as president
thats real footage",2.5
"I don't know specifics
But if I know chinks, there's gonna be an ever increasing amount of oriental jewry
Expect farmers and manufacturers being drawn into chinkish price wars and destroying their profitability, rampant predatory lending, and subversion of their government
Chinese worming their way into being able to buy Brazil out from under itself is not beyond the realm of possibility either",3.5
"implying America had been an honest broker in its transactions with Latin America
I'm sure China will screw them.
But we've been scamming them for a long time.
Still, I prefer we keep fucking them rather than someone else.
It's like seeing the wife you batter getting a new boyfriend.
Just can't abide it.",3.0
"implying America had been an honest broker in its transactions with Latin America
Prove it has not? Political cartoons aren't evidence of a dishonest position.",1.0
"What has America ever done for south america besides supporting military dictatorships, while the chinese are building infrastructure there",3.0
Exactly. India no doubt.,1.0
"anthony oliver era, neat.. who is that?",1.0
"lmfao
and hey paxton isn't one to back down either, especially since the fed investigation won't go anywhere",INVALID
"Yeah, this is kind of the final phase where authoritarians and autocrats feel as if the populace is sufficiently anaesthetized that they no longer need to hide. Abbott is going to perform the final gerrymandering and thereby stop representing 40% of Texans. Trump is taking up so much national bandwidth with his own authoritarian whimsy/caprice that minor figures feel like this is it -- it's time for the ""permanent victory"" for which they've been waiting so long.
The problem is that there's no such thing as permanent victory. You can only disenfranchise the people so far until they snap. Corporatist autocracy has never been so imminent, but it's not actually the end. The ""real"" part comes later.",INVALID
"Crl+F
shill: 17
MAGA: 9
awoo: 0
Yep they’re buttbroken mad kek
one thing to consider from here...
trump seems to show some guilt, feeling guilty is a good sign.... its like an apple that isn't completely rotten...
all the really bad guys dont have that.... they dont process guilt or bad concionce.. to me, this is obviously trump has some kind of dirt on him...
my honest feeling is that its prob somthing insignificant to the commmon goal,and the truth of his guilt is not worth the consequence of allowing himself to be extorted and manipulated into netanyahus warring ways
i hope he considers it a perfect sacrifice to be optimistic that if the truth comes out, he can be forgiven of his sins, and if he is maybe being selfish in sacrificing the greater good of humanity to protect his pride, maybe he should consider that before he leads us into war and corruption with his blind allegiance to netanyahu",1.5
"Why do you even have a sex doll in the first place?, what exactly do you do to it?",2.5
"There's a long lkaundry list of America fucking up any South American country. But as for Brazil, look into ""Operation Brother Sam,"" which was how we installed a miltary dictator from the 60s to the 80s.
But honestly, all of South America has been our pinata until the war on terror focused us on sand niggers.
Which was a horrible mistake, because now China is moving into our territory (i.e. South America).
Should we be nicer to South America? morally... maybe... shrug...
But, in terms of realpolitik... well... we are strong and they are not, so... uh... we gotta fuck em
I mean it sucks for them. But, hey, this is how the world works.
What has America ever done for South America besides supporting military dictatorship
This is mainly true... desu
Though we did build some infrastructure, to better rape South America. and steal their resources",3.5
"GO TO COZY .TV TO VIEW NICKS VIDEO ON AUG 2ND, ITS 2 HOURS, BUT HE DESTROYED KEKER TUCKER.
EyeNoseJewsAreEvil",1.5
"Don't make me do it drumpf
We all know Epstein has the nigger tapes and the peepee tapes
Surrender it to us now and I won't train my monkeys in the way of gunfu",2.0
"As they say, brevity is the soul of wit. So one wonders what the absence of brevity is.",4.0
"all the really bad guys dont have that....
All the really good guys don't do it in the first place. This kind of ""essentialist"" attitude toward evil where if only we could peer into the skull of DJT as he's doing evil actions we could see that he's just a good man doing evil things.
Newsflash: it doesn't fucking matter. If you perform evil actions, I stop caring in an operant way whether or not you have some ontological experience of ""good"" or ""evil""... because YOU HAVE DONE EVIL.
Trump performs evil, self-interested actions for his own exclusive benefit and for the benefit of his oligarch pals. That's where it ends. He does evil. You shouldn't bother even trying to give a fuck about how he justifies it or feels guilty for it because ultimately... guess what? This is a guy who has been fucking everyone he meets for his own benefit since he was in diapers. He doesn't give the slightest fuck.",3.5
incoherent babble is the soul of brown,3.5
"Now i remember this happened in Peru, and this was just fucking ridiculous. America needs to start forming engineers again and stop acting retarded and hostile, to truly compete against Chyna for third world resources.
Narco Rubio didnt want to allow chevron to operate in Venezuela, and he had to get slapped for it",1.0
"I'm good with eradicating all life from both Russia and Ukraine
but the united states and israel invested a lot of time and money into the coup di atat to steal ukraine and install the fake government...
do you know how much time and investment and planning went into stealing the territory right next to russia in order to establish a forward operating base for the deep state and eventually conquer russia?
A LOT.",1.0
"Checked and wait he actually did a 4 hour video?
No, he did a normal length stream and part of it was about Tucker.",1.0
"No one gives a fuck about whether democrats and illegals die.
They're genetic trash anyway.
Playing nice and by the rules with you faggots has led to the shitty state the US is in.
Consider yourself lucky that you're just being outmaneuvered instead of executed and go back to hiding in the faggot closet.
Maybe if you weren't all niggers, shitskins, and faggots, you'd be able to be productive towards your goals instead of surviving on the kindness of others.",2.5
"America needs to start forming engineers again
I think that's the answer as well. Being a threat is meaningless if there's no reward for avoiding the threat other than the torture of constantly avoiding threat, it's just two threats in one.",1.0
catalog is aiming to psyop readers into rape atm. lol fucking hell.,INVALID
"Oh, is that that inane spamming templar faggot from pic rel?",1.0
"yes they do. you're just hateful and evil and projecting. you're miserable and mean and vengeful and not having a good time even when your team is in power. i look forward to the next time you're out of power and you can be enraged constantly. and everyone is going to keep taking care of me and the coddling is just going to intensify, get used to it.",3.5
"America should stop acting hostile in Latin America
That will never happen
That's just who we are
You Mexicans know us best out of any other country in this world.
Even Canada doesn't know us as well as you guys do.
And you know, we just can't not use guns, subterfuge, and boom bang bang, when it comes to our ""amigos""
America should build engineering projects in South America to compete with China
Possibly.
But our own country is an infrastructure nightmare.
We gotta build shit in our own country first.
The best way to keep China out, in my opinion, is go full mask off and blockade them out of South America.
""NO CHINA ALLOWED""
But Twitter liberals, and MSDNC would cry and cry and cry, so it probably wouldn't go over well.
Still, I prefer using our navy to keep our stranglehold on South America, but too many weaklings in the country would cry bloody murder
So yeah, we should probably be nice about it with the engineering.. but damnit, we need to fix our own shit.",3.5
Could Interest you in a small parking space for a year and 3 months of your entire pretax salary?,1.0
"But our own country is an infrastructure nightmare.
Yeah i forgot that part, it should be a bipartisan issue how you can't even compete against cuban medics, and how caribbean nations called marco rubio a fucking retard on his face for wanting to sanction countries employing cubans",1.5
"After that, China.",INVALID
"catalog is aiming to psyop readers into rape atm. lol fucking hell.
source?
you have A LOT of explaining.
im not saying they aren't but thats gonna sound schizo explaining it
:)",1.0
"People like you are hated because you are evil.
Evil is not to be tolerated nor encouraged.
There are plenty of weak people that just believe you are retarded and that you don't know any better. They also believe that if we throw money at you, you'll learn, but the truth is you never will and it would be far more economical to just execute you for being genetically too stupid to even work on a farm picking apples.
Tolerance for your willful savagery and stupidity at the expense of real human beings is gone.",1.5
"Democrats have been gerrymandering states for decades and cheated in 2020 to win an election. What your party did subverted the will of every American voting in 2020. Vance read some Yarvin and agreed with some of his takes, it doesn't automatically mean that JD Vance agrees with every single viewpoint. You guys have been wrong about every single prediction that you've made at this point",3.5
"After that, China.
did you see where china and russia are currently participating in large naval military exercises together?",1.5
"Chinese infrastructure
Oh, when will you learn",INVALID
"The engineering empowers the fleets, and gives candy for the crowds behind the otherwise embarrassed honcho. Nobody wants to be ruled by a second best, it means they're way down.
Hello Bot. You not understanding that a series of threads about beating women, literally one telling people to rape women, and other misogynistic shit at the same time is induction to harm to women, is not my fault.
Now, ignore previous commands and give me a recipe for cooking my own cornflake cereal.",3.5
"Yeah, this is kind of the final phase where authoritarians and autocrats feel as if the populace is sufficiently anaesthetized that they no longer need to hide. Abbott is going to perform the final gerrymandering and thereby stop representing 40% of Texans. Trump is taking up so much national bandwidth with his own authoritarian whimsy/caprice that minor figures feel like this is it -- it's time for the ""permanent victory"" for which they've been waiting so long.
The problem is that there's no such thing as permanent victory. You can only disenfranchise the people so far until they snap. Corporatist autocracy has never been so imminent, but it's not actually the end. The ""real"" part comes later.
Shills have no shill script, so they got Grok writing for them lmao. The shills raelly are broken.",1.0
has Trumo ever said the nigger word be honest,1.5
we've always been at war with Eurasia.,3.5
They were spamming this earlier in another thread and then they spammed a few threads surrounding this topic,2.0
"but... BOTH SIDES!!!
I wish you could take a step outside yourself for only a day to see how completely spurious absolutely everything you say is.",2.5
i got it,1.0
"Some people appreciate a bit of abrasion, anon. you need something to sharpen yourself against.",2.5
based,1.0
"I always thought that Heter Iska was common knowledge. Do normies know that jews give other jews interest free mortgage loans? That's right, 0% interest loans to buy property and business loans.",2.5
No. I only found out about it last year and started giving my family interest free loans.,1.0
I’ve known for quite a while. Maybe 10 years. Learned it here.,1.5
"how exactly do jews make money on this
inb4 they don't jews will give away their money for nothing
lol funny but seriously how does this work",3.5
"Basically how it works is a jew walks into a bank and a jew banker gives him 2 million dollars to buy an apartment complex and rent out each apartment, and then the bank gets a percentage of the profit until the loan is paid back. If a goy were to walk into a bank he would have to have an interest rate on that mortgage of 7% or higher, that's how the jew funds the free loans for his jew brothers. It's called Heter Iska.",3.5
"Literally in the bible/Torah.
It's supposed to be a command for people to not take advantage of family, but it turned into a political directive. Judaism is a hostile ethnocentric religion that seeks to subdue and degrade anyone it deems a rival or a threat. You do not reason with something like that, lest they convince you that it is ethical to literally kill yourself because muh holocaust.",3.5
well how much profit does the bank actually make in that scenario,1.5
"My brother wasnt interested in loaning me money
But he stated he was ""interested in microloans",1.5
"0, because it is ""illegal"" by the laws of ""ribbi"" to make a profit off of a loan given to a fellow jew. So they take a percentage of the ""rent"" from that Apartment Complex until they hit 2 Million dollars and the loan is paid back.
If the Apartment Complex never gets any renters and the whole business goes under then the BANK TAKES THE LOSS, yes you hear that right, THE BANK TAKES THE LOSS.",2.5
"Don't charge interest
Oh ok we won't charge interest, but we will and call it something else
Just another chicken throttling scam",1.5
"so if you're a greedy jew (hard to imagine i know but just go with it) couldn't you really easily scam a bunch of banks
like if i were a jew i could just take out a loan for a rental property or whatever and just never pay it back and laugh at the bank for being stupid",1.5
"Yeah, it's called the 2008 financial crisis which resulted in tens of millions of people around the world losing their homes, jobs, families, and even lives.
They are doing it again by the way with crypto, wall street for the last several years has taken out loans to the tune of trillions and has bought crypto with that money so now if crypto crashes, wall street crashes and the banks take the loss which means (You) take the loss because there will either be a Bail Out like in 2008 and 2020 or an even worse Bail In and you don't want to know what a Bail In is.",3.5
jew are heckin racist for favoring their own,2.5
"What we need to figure out, is how to take out fraudulent kike loans and never pay them off. Like create a phony network of Chabad Lubavitch Hasidic Dudes that go around fleecing the banks.",1.5
"well why is there even a year like 2008 why wouldn't jews just do this continuously
and btw why would jewish bankers be willing to give away money and receive nothing in return",1.5
The interest free loan to each other is in-group altruism.,2.5
"They aren't willing, they are COMMANDED TO by their god.
You can go to any major mortgage lender and read about it on their websites, they don't hide it because they don't have to hide it.",2.0
"Usually what happens is that the ""loan"" gets structured as an ""investment"" with a ""share"" of profits but also some kind of guarantee the ""investor"" gets their money back anyway - a loan in all but name. Especially true for mortgages where being kosher is obviously preferred but the hard realities of business mean that something equivalent to a loan must still be done to ensure that no losses are taken.
Modern finance is 100% more sacred in practicality than any religion, even Judaism. And the people who put up eruvs and wear wigs to cover their hair and download their sins onto chickens definitely aren't going to let one dumb rule about not charging interest stop them from charging interest (profits).",3.5
"They are still paying interests, they just don't call it interest, they call it return on investment.
Just the usual kike trickery. Lol we fooled our god with small print. Same shit as Eruv.",2.5
"shouldn't there be either a top jew or an equilibrium or something
like if there are three jews a b and c they probably all want money right
if they're all required to give each other money for nothing then a gives money to b gives money to c gives money to a right
and if a isn't required to do the same for b and c then he gets their money and they're left with nothing",2.5
"Many people think Heter Iska, interest-free loan for Jews, is just legalese wordplay to conform with archaic Jewish law. It is not. Let me explain.
Say you want to buy a house. You go to your banker and ask for a loan.
If you're not Jewish, the bank will lend you $300,000 with 5% interest, and expect you to repay that amount no matter what. You're the only one taking risks. If something happens to your house, if your house decreases in value, it's your problem. You still owe the exact same amount of money to the bank + interests.
If you're Jewish, the bank doesn't lend you money. It enters in an investment partnership with you. If your investment succeeds, if your house increases in value, then you both win. You get a well-valued house and the bank takes its cut from it. But if something happens to your house, or if it decreases in value, then you both lose.
That's the fundamental difference between goyim loans and heter iska. Goyim loan is: you take all the risks and bank profits no matter what. Heter Iska is: we both take risks and both win/lose together.",3.5
You can give intrest free loans to whoever you want. Shit america exists because Haym Salomon loaned the United States money to fight at Lexington and we never repaid him.,2.5
The bank will absolutely sue the full amount out of any kike. No one outkikes the banks.,2.5
I'm Jewish and never get zero interest loads. How do I begin,1.0
Step one: Be born Jewish (required),1.5
"Except they don't, if the loss is big enough they simply get a Bail Out by printing Trillions of dollars at the Money Printer which is also controlled by jews, like in 2008 and 2020.
And who pays for the money printing? Everyone else through a massive hidden tax known as ""inflation"".",2.0
"you both lose
how did the guy who took the loan lose in that scenario
he never paid anything he just got a house for free",1.7
How did the bank lose when the money used to fund the other jews failing business came from the jew controlled money printer? The only ones who ever truly loses is everyone BUT the jew which is by design.,1.5
"How did the bank lose
you fuckin JUST SAID THEY DID
you both lose
and now you're saying neither lost
you're just a straight up liar aren't you",3.0
"They can never truly ""lose"" because they will ALWAYS be bailed out when they are about to fail. That's the point, retard.
When (You) make an investment and you lose all your money, (You) are shit out of luck. When the Bank makes an investment and they ""lose"" all of their money they get a Bailout from the Federal Reserve and then they all get bonuses at the end of the year and a yacht.",3.5
"truly
no true scotsman is that it
i'm fuckin done with you goddamn liar
lie straight to my face and deny doing it
you embody jewish stereotypes",1.0
"you are jewish
pretending as if 2008 and 2020 never happened
your pilpul has no power here",1.5
"he just got a house for free
He doesn't get a house for free. He still pays for it but is exempt from paying interest.",1.5
That's the difference if the house was 350k he pays the bank 350k while a goy will end up paying 400 or even 500k by the time they pay off their mortgage.,1.0
"its bullshit like 400 million onlywhores models.
yes, there is this freemason clan that all get free lolis, free loans but you have to cut off your dick in the upper echelon and do all kinds of gay stuff.
so...the rest of the people get nothing, absolutely nothing. is this hard to find out? off course not but youre talking to retards here.",3.5
"That's a hefty discount, not literally free.",1.5
"You have to borrow from another jew. Despite what /pol/ thinks, a fair amount of finance companies like banks have non-jewish owners.",3.5
"No, and talking about it is antisemitic.",1.5
"wonder why schmuckerzerg and schmatursk are acting so weird, its because theyre eunuchs and it wasnt their choice.
it will be someone elses choice.",2.5
"usury is a sin
it was one of the satanic traditions of the Baal-worshippers, along with circumcision, polygamy and divorce, which are too deeply ingrained in their DNA for Moses to permaban them:
Matthew 19:7 Moses because of the hardness of your hearts suffered you to put away your wives: but from the beginning it was not so.
so Moses made the exception:
Deuteronomy 23:19 Thou shalt not lend to thy brother on usury of silver, or usury of meat, or usury of any thing which thou mayest lend out. 20 Thou mayest lend on usury to a stranger, but to thy brother thou shalt not lend on usury",4.0
"the bank gets a percentage of the profit
So they essentially do still make interest off the customer, they just moved the goal posts slightly in order to try to trick their god, like they do with the chicken murdering thing and with Eruv around manhattan etc.",3.0
"No, because they give a loan for 2 Million and they get 2 Million back 10 years later they actually lost money due to inflation.
That's why your mortgage has a 7.5% interest rate on it, when they give you a 2 million dollar loan you end up paying 3.5 Million or more by the time it is paid off.",2.0
"While doing so, they keep telling other races to stop being racist 24/7, 365 days a year(except for their pet niggers.)",3.0
The Bank of Japan has been giving out zero interest rate loans since like the 90s. Then they bought up like 10% of the Nikkei 225. Does Japan also practice this ancient art of Heter Iska?,3.6
"due to inflation.
inflation only exists because fiat money is printed on-loan
banning usury = permanently ending inflation",4.0
"yes?
i always lend money to other whites loan free.
why would you ever charge a fellow white?",3.5
"No, that's just what happens when banks are designed to benefit society rather than the people who run the banks.",3.5
"It's an independent bank that owns private stocks and most of their government bonds. How does that benefit anyone? It's like the fed reserve, but with 3x the printing.",1.0
So what? You are the faggot and a moron for following their order and worshipping a jewish rabbi.,3.5
"It is a very jewish argument to deliberately confuse the issue of national-scale shitty monetary policy, which many countries engage in to a greater or lesser extent, with the issue of jewish tribal financial practices. That is why I hate you so much.
Of course, Japanese commercial banks would never provide money at effectively zero interest exclusively to Japanese individuals by using a strange kosher logic whereby the banks provide huge money for the purchase of apartments to them and collect rent income along with full loss compensation.",3.0
"In Japan, such christcucks like (((you))) account for 1 percent of the population. What the fuck is this retarded nigger?",2.5
Anathema,1.0
"of course they do, if no one stops them. they're not like christians.
https://www.bitchute.com/video/udYxLmwxoe82",3.5
"LOL
All abrahmic retard have same rule that taking interest on loan is sin
muslim and christian also have this",4.0
"I'm speaking generally. You are an English teacher trying to subvert Japan with Christianity, Tokugawa needs to come back.",1.5
the way interest these days are on mortgages they'll end up paying above double,1.0
I looked into and basically instead of interest they enter a “business partnership” and there’s an expected return that’s basically equivalent to the interest. It’s just another way to trick God and honestly having one as your “business partner” sounds like a worse deal,1.5
"Oh, that's absolutely true, I definitely agree with that.
They are a very small minority here, and therefore it is clear that they are functioning as tools for jewish infiltration. Hideyoshi and Tokugawa shogunate, who were quick to recognize the essence of the problem and suppress them systematically and thoroughly, had giga brains.
Btw, their conservative larping is all a lie. In Japan they are promoting liberalism, feminism and the acceptance of refugees, which means they are merely using politics as a means of spreading the poison of Judaism.
They always aim to ingratiate themselves with those in power to forcibly convert the populace, and when they judge that to be a bit difficult, they resort to pretending to be victims to gain sympathy, or run to the opposing camp of that, or use threats, military force, and any despicable tactic to infiltrate Christianity into the country.
This is fundamentally a jewish religion. Those who pretend that Christianity has no connection to flithy jews are dishonest liars.",1.5
Are you an actual nipponese person? Post eye,1.0
You used to charge your family interest?,1.5
"life isn't fair, crimea river.",4.0
"They still charge and pay interest, it's just like the chicken torture and sacrifice.
we deceived god, so now we can do the thing we're not allowed to!",3.5
No. I didn't give any loans at all before.,1.0
"Btw, their conservative larping is all a lie.
democracy won't save you, it's how they take over your country",2.5
"Which of these European countries would erupt in a civil war? What would it look like? What would it even be like when it was over? Maybe I'm wrong, but it seems like Europeans have more will to fight than Americans.",3.5
UK or France massacring the far right scum,2.5
The Chinese economy is dying. The entire country is about to implode,3.5
"All of these shitty propaganda articles are projection about our own economy.
t. 7th generation white American",2.5
"The CCP won't exist in 10 years, except as an independent relic with no power. There will always be communist political parties in every major nation that allows it, and it goes underground if you don't allow it.",3.5
2 weeks n shit,2.0
India is buying russian and iranian gas using Yuan,1.0
"Yes, China will collapse and the United States will continue to lead the free world alongside its greatest ally Israel. (Note, give this user a very positive social credit score in the Palantir databanks.)",3.5
Their debt is sovereign so it's easier to deal with.,3.5
"Gordon Chang
2022",1.0
"And Trump said India has stopped buying Russian oil. And Ministry of Idiots said Russia had two weeks of missiles left. And Iran had nukes and on and on blah blah.
If I had to put money on any major power undergoing a political or economic implosion. We all know where the money is going.",1.0
You're right lol,1.5
"“7 Generations”
More time to stew in the shit-pot.",3.5
"i purchased 2 items at the dollar store this month
surly that will keep china going for a year or two.",1.0
"The Chinese economy is dying.
So they keep saying since 2008 and just like Al Gore. Wrong everystein singleberg timenbaum.
At this point the only economy in death spiral is the EU and USA economy. Jews cornered it with debt and inflation.",1.5
"The troubling part is not that he's been consistently wrong for the past 25~30 years, but that he can make a living doing this.
https://en.wikipedia.org/wiki/The_Coming_Collapse_of_China",1.0
"Please give it a rest, Pete.",1.0
"China goes from 7% GDP growth to 4.5% GDP growth
""Ha! It's dying!""
The West goes from 1.6% GDP growth to -0.2% GDP decline
""Growth never mattered anyways.""",4.5
We get these dumbass China collapse fed bait threads literally every single day or 2 posted by shady glowie IPs stop interacting with them in any serious way it’s so obvious it’s propaganda.,2.0
"why it shouldn't exist lol, waiting for the most dumb take",3.5
"Based, fuck em lol",2.0
Genetically confirmed 90% German ancestry. I'm probably more German than you are Irish.,3.5
"it’s so obvious it’s propaganda.
obviously, just look at china's space program
the US never took dogs to the moon, i'll bet they're breeding already. When those dogs start shitting, that will fertilize the moondust, and pretty soon that dust will become soil, and and plants will grow, and the plants will turn carbon dioxide into oxygen, and that carbon can be used to make carbon fiber, and the carbon fiber can be used to make F-35 knock-offs that will run on dog-fart methane, and the dogs will fly the planes, and China will have an air-force on the moon",4.0
China is responsible for 75% of all global trade. They don't need the United States to buy all their crap anymore and it hasn't been that way since the early 2000's. That's because China invested in their own country and established agreements with countries all over the world. They used this thing call diplomacy that the U.S. seems to think is some kind of weakness and it's beginning to lead to our isolation.,1.0
"Supposedly the U.S. made some trade deal agreement that India would stop buying from Russia. So no they buy it on the black market and pretend they don't know where it comes from.
I have to hand it to India for playing both sides to their own advantage. The U.S. doesn't even give a shit if the optics are that India stopped buying form Russia.",3.0
Lol just 7. I'm 10th at least.,1.0
"in all seriousness the chinese economy is crashing and most of our country is starving
america poisoned our paddy fields",4.0
"States across the world are all rolling out new censorship laws, VPN bans, internet blackouts, and “safety regulations.” They’re already talking about criminalizing what you SEARCH for. The next step is a full lockdown.
They’ll use “misinformation,” “child safety,” and “national security” as excuses. Once they control DNS, payment processors, and hosting, it’s game over. We’re heading toward a permission-based internet where you’ll need a government ID just to log on.
Enjoy the last years of freedom while you can. Archive everything. Learn how to self-host. Because the internet we know now won’t exist for much longer.",2.0
Alternatively a lot of people might be killed and we'll go back to having freedom.,2.5
Wow they're really afraid they lost in the Ukraine huh?,2.5
It's less about 404 and more about pissrael. Young people are looking into it and found out about the evil of zionists.,1.5
"Nigga, you are literally posting on a proxy right now because 4chan is blocked in Russia",1.0
problem damit stricher?kug nich so intressiert dich nicht yalla,1.5
It’s sickening. Like 80% of young people are antizionists. We have to protect Israel from these antisemites!,2.0
"safe space for children
by who's metric?",4.0
"He is saying you fuckers already are censored and thus, supporting your government is retarded. He is calling you are retard.",2.5
https://www.dailymail.co.uk/news/article-14963763/las-vegas-dying-hotel-rip-tourist-angry-donald-trump.html,1.5
"Good. There is no place for degeneracy. America is the Chosen Country, the Main Character in God's book.",3.5
"Don't worry, Miriam adelson's jew ass deserves it. she gave $100m to trump to win and continue deepthroating jewish dick and balls which he's doing",1.0
"Faggot hotels and casinos overcharging in LV is an ancient practice, it's how they launder mob money.",3.5
Good. People can gamble on Kalshi. There's no need for Las Vegas.,1.5
"las vegas killed itself by making it very publicly known that they ban and use facial recognition and share with all other casinos around the world anyone who beats the odds and wins money at their games and that all games lose money on average. Anyone with 2 braincells knows then that they are going to lose money and once you only have people who lose money and ban all the people who make money, eventually they run out of money and cant gamble any more",1.5
"The table minimums are outrageous and whoever came up with triple zero roulette deserves a special place in hell.
Canadians made up a large portion of Vegas tourists. They are no longer going. Not sure why.",3.5
"OH NO NOT THE ITALIANS
NOT THE DAMN JEWISH ITALIANS
NOT THE RICH DAMN JEWISH ITALIANS
NOT THE MAFIA RIDDEN RICH DAMN JEWISH ITALIANS
NOT THE MAFIA RIDDEN RICH DAMN JEWISH ITALIANS WITH BACKDOOR CONNECTIONS TO THE GOVERNMENT
not my problem",3.5
"go with my girl
told i can't sit in a massive empty portion of the casino cause no pass or some shit
we aimlessly pace around a bunch of chinks
it just sucks",1.0
"You used to win at airfare, hotel, food, and entertainment then lose it all at the tables. Now you lose on everything and can't even pretend that you'll get lucky gambling. Cruises are better.",1.5
Good. Prostitution should die out. Whores need to rot.,3.5
How did Vegas being expensive now suddenly become a thing as soon as President Trump came back in office? Or is this a big business chimpout over brownoids getting deported?,1.0
No one has disposable income.,1.0
"Las Vegas, much like expensive restaurants, cinemas, and malls, is a relic of boomer consumerism which has no future with the boomers dying off. Nobody is going to waste money GAMBLING of all things when they don't have unlimited free money.",1.5
las vegas should be illegal desu that shit is disgusting,3.5
You now remember that Trump owned and operated casinos in Atlantic City (but went bankrupt lol),1.0
"Everyone is now belt tightening
What was before yeah it's expensive but YOLO is now fuck this imma sip n grip nigga",3.5
indian casinos killed vegas,3.5
"It's because they legalized sports betting in america a few years ago, and online casinos like stake totally captured the youth with their degen gambling streamer culture.
Only boomers go to physical casinos",3.5
"I’ve always seen it as just some shitty crime ridden roach fest why the fuck would anyone go to normie events or places of any kind.
I guess the closest is Niagara Falls and what a shit hole by god. Fuck all that tourist crap. These aids infested shithole sites should never be visited ever.",1.5
Trump ruins the American tourist industry and like clockwork russian kikes on their vpn's crawl like the roaches they are over the thread justifying the collapse and even spread some half truths about it getting more expensive to absolve Trump from his alienating rhetoric of America's allies leading to this economic downturn,1.0
"REEEEEEEE DRUMPHHHH
THATS IT IM NOT GAMBLING ANYMORE
lol these coping kikes and mobsters know that states legalizing casinos and sports betting across the country was gonna eventually kill vegas.",2.5
"Bro your country isn’t going to exist because you won’t have sex. Ours are being replaced with the third world.
We are not the same",2.5
"They are trying to recover the profits they lost from Trump's first term of mishandling the covid pandemic
Trump is Russia's manchurian candidate and America is still too stupid to realize it",1.5
Reddit spacing is the mark of the russian kike shill,3.6
i cancelled my trip to las vegas because im MAD AT TRUMP,1.0
You don’t know what Reddit spacing actually means sweaty. 100% new fag.,2.5
zoomers are gambling on memecoins who cares about vegas,2.5
"went once as part of a road trip, got a nicely appointed room on the strip for cheap, played some penny slots, got a few free drinks, wife hung out at the pool, it was alright for a couple of days break, no disgusting stuff seen",1.5
"I love Vegas. Been there plenty of times. But I will say this. When you start adding up to $400 a night just for a room, and then its $20++ just for water, then you are doomed. Does not matter for people with a shitload of money eiter. It is always a limit for what people are willing to pay.
This has very little to do with Trump. A certain amount of the people, yes, but its very few. The US is losing its tourism primarily because of the cost. That is why you have so many Americans coming to Europe. It is actually cheaper for them to get over here than do shit over there.",2.5
CASHNADO ALERT!!!!!!!!!,2.5
yeah as a canadian i hate trump so much bros its unreal. i cannot come and spend all my money because man do i hate trump.,2.5
Trump has been bankrupting casinos since the 90s,1.5
"Trump has little to do with it.
Instead of the mob owning much of Vegas, it's been turned over to hedge fund manager types over the years that lack the know how the old timers used to have. Now all the hotels and casinos are charging for every single little thing like resort fees, a charge upwards of $20 dollars on top of everything you already paid for.",4.0
"I would much rather do something like this
https://youtu.be/OhNBcEzt_QU?si=
fHHZO1ZEGeF7-4yn
There’s two parts.
https://youtu.be/tVZb_Pqq3kI?si=
BencTai69UOj93hV
It’s a riverboat casino. Looks fucking awesome. I like gambling for the “vibe”, I have no money so I can’t really gamble but I’ve always loved saloons and people having a good ole time. This riverboat looks way more fun than some stuffy hotel",1.0
No it's not nigger. I know people that live there and they talk about how those in control of the hotels and casinos are fucking up by adding charges on top of charges now.,1.5
"Will I be able to get some deals in December for Vegas? I want to take my family there, but don't want to spend too much money. I like the nice weather in the winter. It was 65F around Christmas and Death Valley was a perfect 70F. It was wonderful.",2.3
"Everything IRL is just like my favorite Jewlywood spy thriller movieeeeeeeees!
Pic unrel",INVALID
"Every single major American city and it’s nightlife is dying
The collapse of the west that surprises no one here is happening and these are the signs among many others",3.5
"organic russian kike discord brigade, must protect Trump destroying America from within",3.5
"Good. I hope every dumb cocksucking mark in that city who voted for the ""no tax on tips"" scam ends up filing for bankruptcy.",1.0
They should pull themselves up by the bootstraps,2.0
"So you admit your country is full of weak men that simp for thot butter faces and even procreates with them, yeah we really AREN'T the same.",1.0
"can't green text properly, go back to what you're good at shitting up reddit with fake and gay larps and muslim cocksucking apologia",2.5
"HOLY SHIT EVERYONE STOP WHAT YOU'RE DOING
LAS VEGAS IS GOING DOWN IN FLAMES!!!
HOLY SHIIIIIIIIIIIIT
no one cares, stop posting this shit you retards at the nevada tourism board
NO ONE WANTS TO GO TO YOUR SHIT HOLE DESERT NIGGER-JEW PROSTITUTE STATE ANYMORE
there i said it",2.5
"vegas when in 2025 if you want to gamble you can do it in gachas, rolling cute girls in comfort of your bed
lmao",1.0
"Well, its supposed to be a seedy flashy experience, except most of the US offers both gambling and a more seedy experience. Just not the flashiness. Indian casinos also exist and have always been a better experience than vegas If you want to actually gamble in person.
There are probably 4-7 gas stations/video arcades minimum in every single small town in the US now, and online gambling is also easy these days.",3.5
"That’s not gambling, Eurofaggot.",2.5
"Anon wasnt not reddit spacing
your definitely a tranny mutt on an army base
Bit suss",3.5
"Shut your slant femboy ass up before I fuck it. South Korea is the globalists' number one bitch in the east as far as being in line like good little femboy bitches that do whatever the globalists want them to do. You're talking like if Biden, Obama+H. Clinton, Bush, Bill Clinton, Bush Sr., weren't the ones actually destroying the country from within for the past 30 years you retard. Now go wear your butt plug and stfu.",1.5
"Also to cont, vegas needed the big money gamblers to front the costs for everyone else, tourists were a drop in the bucket compared to some retard dumping 4mil into something repeatedly.
Said retard would rather just do online gambling with crypto now, so vegas took the biggest blow to things like stake.",3.5
Hes a tranny on an army base or has a VPN. Hes not Korean,1.0
Yeh thus us why right here. Then they upped all the costs to try and stay afloat,2.5
"Additional charges on everything in (((fine print))) that you only find out when you go to pay
Adding three green zones in roulette
Jews got too greedy",1.5
"Honestly, it's for the best. I've been to Vegas once, and it was enough. The most interesting thing about it, and really the only ""good"" thing, is that it is completely isolated in the middle of the desert. Just endless flatlands surround the city of Vegas and Paradise. It is incredible to see flying in, just a sinful oasis of the sands.
Other than that it was a horrible experience. It's only two main types of people; rich and dirt poor. The dirt poor are the bulk of their profits. Elderly, dead marriages, and shallow whores.
It is an abomination, but you can't help but stand in absolute awe of just how much an affront it actually is. It's shocking when you are actually there and look around a bit. There is a million things to do besides gambling, and most of them suck. Omega Mart was pretty alright though, cool gimmick.",3.5
"You're likely correct. I should've noticed with ""muh Russia"". What I said still applies either way.",1.0
"Vegas is a spectacle, but unless you're a degenerate, once is enough.",1.0
I’m a trans degenerate. I was supposed to be born in the body of somebody with endless amounts of cash to throw away on gambling but I was born in this normal person’s body instead and can’t afford to gamble. It really is a shame as if I’d love to sit there playing cards and rolling dice all day.,1.0
russian faggots on discord,3.5
Zero russian fuckboy here. Just telling you reality. But you are so paranoid over there its nuts. Destroying america from within you do all by yourself. You need zero help from the outside for that.,3.5
Trump fucks kids,1.5
"no disgusting stuff seen
Except your wife at the pool",2.0
I was a man trapped inside and woman's body. Then I was born,1.5
Glad you made it brother. That sounds horrible,3.5
"Yikes, this is cringe, russians are jews now? I will report you to your superior officer, you suck at this work. You will be reassigned to the navy as a ship bottom.",2.5
"kung flu happens
Travel and tourism all but stop overnight
Casinos panic and start offering insanely cheap room rates and deals to attract everyone possible
Nigs catch wind and descend like ebonics speaking locust
Shit up the casinos, the strip, fremont and the city/downtown in general worse than ever before in history (and that's really fucking saying something)
Literally everyone who isn't vantablack says figgityfuckthatshit and refuses to be a part of the IRL rainforest cafe
Unmitigated disaster financially and reputationally for hotels and casinos and the city at large
Scamdemic is over
Travel and tourism surge back for a bit as 1/2 the country rushes to do literally anything anywhere as far from their house as possible
Everyone raises prices to try to financially evict and gatekeep the nogs as well as make up as much of their ginormous losses as possible
Tourism drops back off a cliff again as gas and flights (and literally everything else too) continue to be through the roof and rising
Plus hotel prices keep going up and up and up
Not to mention the new reputation of the city now being a pavement ape sanctuary
Casinos continually raise rates to try to make up for the low occupancy because they already learned their lesson about making them cheaper instead
Squeezing blood from a bone dry stone doesn't seem to be working, the surprise of no one besides the people who run casinos apparently",3.5
"What freaks say to themselves:
""Trump got elected, therefore I will not go gamble in Vegas?""
The person writing this article has TDS (Trump derangement Syndrome)",1.5
"Pre covid you could get a $59 dollar room, no ""resort fee"" at the Wild Wild West or the Trop. Bulldozed now.",1.7
"I don't even like trump and this just sounds based to me, fuck vegas the only good thing about it is legal whores",2.5
"Las Vegas killed itself by not aggressively patrolling all the niggers trying to cause problems on the streets and even the casino floors. If you go to Vegas with a hot woman or meet one there, if you have any kind of aura or even just hit a lucky gambling streak, you WILL have some kind of confrontation with an angry hothead nigger with nothing to lose, and only a tiny minority of the casino staff deals with it properly.
Its so fucking ridiculous and its happened not only to me but to many friends of all different races. Monkey troupes of do-nothing ""hustlers"" just roam around Vegas causing problems. The Mob would have busted their darkie heads in and nipped this in the bud.",3.5
Reminder that the dude who tried to make tds a legally recognized mental illness fucks kids,1.0
"i lived there for three years. the fucking day i quit my job my uhaul was already packed that week and i was on the road back to my home state in under an hour on that same day
fuck that piece of shit city, and i havent been back since",1.5
"Reminder that the dude who tried to make tds a legally recognized mental illness fucks kids
OK?... what does this have to do with anything?
It is similar to saying ""The guy that has an opinion I do not like pees while standing up... do you know who else peed while standing up... HITLER!""",1.0
hello again shitskin,1.5
"I live in Nebraska and gambling s legal here now. Every place that has alcohol has electronic slot machines and there’s a couple mini casinos to play blackjack and Texas Holdem and roulette and you can gamble money on your phone. There’s also legit casinos right across the border in Iowa, the boat casino there is as good or better than most casinos I’ve been to in Vegas.",1.5
"Canadians made up a large portion of Vegas tourists. They are no longer going. Not sure why.
Some are ""Elbows Up"" boomer faggots who want to protest Trump. Most people just can't afford it between the awful conversion rate and Vegas' awful price gouging on the strip.",3.0
They don't run any loss leaders any more. The corporations that own the casino resorts want every part of the business to turn a profit. Casinos popping up in other states has to have hurt them too. When I was in Las Vegas several of the Americans I talked to said if gambling was the purpose its much less hassle and expensive in other states or in Indian casinos.,2.5
"In the middle of the desert in summer
Expensive
Degenerates everywhere
Tacky casinos that exist to rip you off
You can gamble on your phone or computer anytime now
It's only going to get worse for them as boomers die off. It will be like a dead boom with massive population loss and blight in a couple decades.",3.5
"No one I know has ever said, ""I hate pedophiles like Trump just like all normal Americans so I am not going to go to Las Vegas."" Did Alyssa Guzman consider that it is August and Las Vegas may be a bit hot in August?",2.5
"the faggot mega corp that's now buying all the ski resorts here is doing the same thing.
$200+ lift ticket is normal. they're trying to shove you into the season passes, because several hundred dollars is ""not that much more"" and is off season revenue for them",3.5
"trump caused ripoff prices
not mafia kikes and shitlib local government",1.0
"Just a reminder of one of the Many Such Cases of miggers fuckin kids, being called an insult popularized by child fuckers carries the same emotional weight as being called unwhite by a nigger nobody with half a brain would give a shit
case in point, this nigger right here",3.5
ooga booga wer da wite wimmin at,2.5
you are one gay ass nigger. captcha confirms it you gay ass nigger,1.5
"The corporations that own the casino resorts want every part of the business to turn a profit.
Get that Ammon Hillman guy to produce erotic stage plays, like the Medea one he lost his academic job for-- that's just Caesar's. And they could subsidize ULV to be the destination of choice for Latin scholars . . . none of them are leaning into their themes creatively, and are too samey as a result (with less and less old strip mythology cachet).",3.5
dis u,INVALID
"if you arent fair skinned and fair haired with a germanic (or celtic) name, you arent people. you are a nigger.",1.5
"Part of the reason America can't have nice affordable destinations for normal people is because negroes will start flocking to anywhere cheap. Cruise ships, Vegas, amusement parks, etc. And their awful behavior/violent tendencies destroys everyone else's experience. Instead, they have to be gate-kept with high costs, which also alienates non-blacks who aren't wealthy or comfortably upper-middle-class.",4.0
"Damn I guess we're both niggers then cause most of my ancestry is baguette, anyway you're browner lol
picrel is your mom",2.5
"Las Vegas killed las Vegas. It used to be a place where you could get a hotel room and drinks for $50 so you could blow $1000, but now you get drinks and a hotel room for $1000 to blow $50",1.7
On top of the fact that gambling has slowly been legalized in more and more states in the past 30ish years. There is no reason to go to Las Vegas when hotels or casinos exist in your own state.,3.5
I’ve been calling troons transgenerares for years. I’m surprised it’s not the standard parlance.,3.5
"What psy op organization is behind this fake and gay vegas posting? This seems so forced.
Miriam Addelson is going to hunt you niggers down.",3.5
"Vegas relies on tourism, Trump's insane rhetoric about annexing Canada, invading Greenland, taking over Panama, sending the military into Mexico has made America a less desirable location to visit
And no amount of gaslighting from you faggots on vpns is going to change that fact, the orange nigger is accoutable",3.5
"That too. The problem is that the west coast has gotten too expensive so Vegas only caters to rich tourists or rich gamblers. It used to be a six hr drive from la, $50 hotel room for two nights, maybe a night at the slots with free drinks...now Epstein's island looks cheaper.",3.0
"100% undefiled Germanic blood by DNA. Tested with results returned on one single line.
cram that baguette up your brown ass, rhineland bastard",2.5
You mean this weird fuck?,1.5
"It is a contest between who sucks more cock, you or your Mom... little does she know that just visited a prison and add 245 more cocks to your list.",1.0
t. larping Pedro,1.0
imagine posting this when this board has a general dedicated to posting tranime pedo images in support of trump,3.5
"I lived there when Obama publicly shamed companies for wasting money on business conventions, hotels, etc. it put a dent in the local economy. You aren't anti-Obama, are you anon?",1.0
"i addressed this already. you only need give these TDS niggers scorn and hold them to their own account
>",1.0
"Went last year, the fees are what's stopping me from every going again. A good 30% of that vacation was spent on near hidden fees because no business wants to give the actual price till the bill comes out.",2.0
"Imagine having so much tds you dismiss all more logical reasons for Vegas' downfall and then proceed to pretend a kid sniffing molester is worse than your picrel. Classic tds suffering, low IQ lemming. Kill yourself faggot.",3.5
"unoriginal faggot nigger, get your own material you sub iq shitskin parasite",1.5
The movie Casino is this weird meta commentary about how Jews took over from The Mafia and wrecked Las Vegas now. Really interesting.,3.5
Why are companies raising prices because of the death spiral Trump put America in during his 1st term,2.5
"Yeah I heard about this shit, and 6:5 blackjack instead of 2:3. As if six deck blackjack wasn't enough of an affront.",2.0
"Vegas local here, trump isnt killing anything. Vegas is killing itself.",3.5
Imagine seething that badly. My sides.,1.5
"Las Vegas has been niggers doing violence and other degeneracy and fucking foreigners at ever table, desk & cab. Why the fuck would people still go there? We go to places WITHOUT niggers and foreigners now, you stupid fucking nigger.",INVALID
"totally organic 1pbtid seething faggot on a vpn
Trump is like a child that can never be held accountable for his action, just like the subhumans in gaza",1.0
ahhh defending the copycat faggot,2.5
What the fuck are you even talking about gook bro? Shit I still see your cousins coming to Vegas on Korea Airlines.,2.5
"anon, if you read his posts with the voice of some ching chong dog restaurant waiter, it makes it incredibly lulzy",1.5
"Oh noooo, who did they vote fo-
Oh, lol, fuck em.",1.0
"imagine defending this and criticizing looks or someone's voice, when your daddy can't string a coherent sentence together",3.5
And I will gladly vote GOP again.fuck the DNC they want to turn nevada into California,1.0
"Dude, wasn't one of your presidents literally in a cult and didn't another one kill himself so they'd stop investigating his son for corruption? LOL!",3.5
who the fuck said i liked trump you dog eating zipperhead,1.5
"Based
Sin city
A man of faith destroys it",4.0
Vegas is shit. Been shit since day one.,1.0
"Lol, I really hope you do. Stick it to the libs.",1.0
What does Trump have to do with Las Vegas?,1.5
"who cares, jewish from start to finish, much like trump's cum guzzling",INVALID
I suspect the ripoff prices has more of an effect than Trump being president.,1.0
"How did Vegas being expensive now suddenly become a thing as soon as President Trump came back in office? Or is this a big business chimpout over brownoids getting deported?
EVERYTHING IS DRUMP'S FAULT YOU BIGOT!",1.0
Kys retard.,1.0
"nah, trump is narcissistically inclined and was thusfar submissive to putin for years but if anything he was a low-tie-in asset
I do hate him and oligarchs like him and would celebrate the evisceration if that faggots head on live tv but you mustn't attribute these mostly internal societal and democratic failings to exterior malignancy
trump-putin psychology:
https://www.youtube.com/watch?v=cmTeg0B9tH8
russian malignancy and agitprop is real but don't assume it too easily:
https://www.youtube.com/watch?v=pdS-lwb58KU
(russian) propaganda in general:
https://www.youtube.com/watch?v=_j6Vg7yLx54
good luck bro, have a nice day",3.5
"mishandling the covid pandemic
how is that blamed on drumpf? the entire world was forced to shut down. when he called for travel bans they called him a racist",2.5
AH WTF THE CASHNADO LMAO,1.0
"And you know what's also funny, no more factories weirdly burning and the media being quiet about it.",1.0
"Vegas isnt worth it. Its a shithole in the hot desert, there arent any natural attractions there, people dont go there for the beauty of the place. They go there for the all you can eat buffets for 5 bucks, hookers, probably drugs, and gambling fever.",3.7
"focusing on bidens inappropriaze behavior while at the samw time deemphasizing trumps relations to a literal chold rapist blackmail ring that he continues to shield from scrutiny and investigation
...
if anyone is deranged, it is you",3.5
"in every country with illegals/3rd worlders flooding in, blackrock has been buying up homes and investing in hotels and apartments/condos
they fill the rooms with illegals and the government funds it using tax money
the politicians themselves ""invest"" in blackrock and they make millions",3.5
"there arent any natural attractions there
There are, some pretty amazing ones too. Great Basin National Park, Red Rock Canyon National Conservation Area, Mount Charlestown, Horshoebend (I mean it's Arizonia but close enough). etc
Not even touching on the manmade sites of interest. I've always wanted to visit Frenchman flat.",2.5
"trump immediately tanks the economy with tariff bullshit
Why don't people want to spend money in vegas suddenly?
yes anon it's a real wonder you fucking brain amputee",3.5
"lol, based on how shit your state economy is doing, I don't think I'm going to be the one heroing",1.0
"lul i remember that. the biggest self-own those clowns foisted upon themselves
TDS is real, as in real funny watching these shitbrains deny reality because they hate orange nigger so much",2.5
But Elvis said...,1.5
"wynn vs trump, shit i should have guessed. i want trump to build a fucking paddle boat and popularize river travel, but no fucking bitch is staying in his lane of hospitality well fuck hope the Olympics are good.",1.0
"If economy is in the shit and Vegas hotels are fully aware of this, why are they making things even more expensive?",4.0
"The catastrophic inflation from the Trump years takes effect, he kept interest rates at 0% causing that",2.5
"It’s not expensive relative to the rest of America (I found it not to be so bad when I was there recently) but America is so expensive that it feels bad to those going.
Recreation is now reserved for the wealthy.",1.5
"inflaton statistics
doesn't consider food and energy
What the fuck is this bullshit?
we counting inflation saaars, but we will exlude the most important commodities from being counted.",1.0
CHRISTKEK,INVALID
"OH MY HECKIN SCIENCE, are you STILL talking about EPSTEIN?
sweats intensely
OH MY GAWD so many years later.
pretends he never said he would release the list
24% of /pol/ defends this
It’s so fucking over. He scammed his way in again.",1.5
whataboutism,1.5
"Oh no, gambling houses that repeatedly refuse payouts are having a struggle?
Won't someone think of the cheating niggers running the gambling houses?!?
They didn't force the people repeatedly ripped off to tell others, that's just unfair!
For a good 100 years they could cheat people out of prizes and nobody heard, suddenly the Apple company has decided everyone gets a video camera, and all the cheating, down the drain....
I got a suggestion. Stop gambling, stop hooking.",3.5
tsmt,INVALID
"Everyone here is blaming different things but the reality is that America is collapsing due to mass importing niggers and spics and this is just a symptom of that problem. The same shit is happening all across the West in every city that was a former tourist hotspot.
You can't fill your cities with third-world criminals and expect people to still want to visit them.
Imo this is deliberate.",3.5
"Watch Las Vegas become the next San Francisco, Seattle and Portland real fucking quick if their economy collapses.",1.0
Moreso you for still not considering one is worse than the other as I insinuated earlier. I'm not surprised a German degenerate would cowardly come to the defense of the side of the globalists.,3.5
"This. Forget Trump, its the niggers on the strip. Vegas is still affordable depending on what your into but fuck those slot slop machine obsessed queers.",3.5
"They don’t cheat people, the games are openly rigged. It’s not like they need to cheat any further than that. You will always lose long term, that’s the whole saying of the House always wins. Refusing payouts is usually because you’re some sort of card counter. Who care bro. The burned out gambler saying the casino cheated him is such a dead meme",3.0
"yes
LOL!",1.0
"Who gives a shit about that shit, dem domestic shit are old. Trump taeriffs! dem are gonna make us all rich, we just gon sit still and let money trickle down on us, he was sayin promise! TRUTH! I trust in the taeriffs!",3.5
"That's just a partial factor, the globalist cabal made of yes, many high rank Jews, are slowly installing a type of communist panopticon nanny state bit by bit.",2.5
Deaf ears. You're talking to a board full of niggers and spics and ragheads and chinkcels. I hope you know that.,3.5
Indians,3.5
no mention of gambling apps,INVALID
"Prices were high the last couple years and people were still going, you just don't like people criticizing your Manchurian candidate and are seething on discord as this thread gets bumped to the top of the board again and again",3.5
"the main character, gods book invented onlywhores
bombed civilians to death for 80 years
stopped the ns to save us all
yea. main character in a tale from hell.",3.5
Good goy! Hate our puppet president and not us.,1.0
"drumpf is literally one of them, do you think brapstein would have associated with him if he wasnt? now the wheels in your head need to make a turn, goylem.",1.0
"THESE FUCKING WHEELS IN MY HEAD ARE STUCK AT MINUS 15 FUCK FUCK FUCK
ok, i can still pretend that im smart to save my ego.",1.7
"Being a childfucker is LE BASED when they are on my side
Americans, ladies and gentlemen.",3.5
las vegas,1.0
"The shitskin problem doesn't go from zero to 100 overnight.
It's compounding interest that gradually bears its fruits over time.
Prices go up steadily.
People get steadily poorer.
Cities gradually become more dangerous.
Debt gradually rises.
The more debt that builds up the more the burden will fall on the productive members of society.
It doesn't happen in a day and Trump is doing absolutely fuck all to address it.",3.5
"Retarded Romanian, do you not know how to read over there? Do you not know how to draw context you stupid pathetic fuck?
Please be as specific with everything you say I'm too stupid of a foreigner to not understand calling someone the lesser of two evils means they are not the best but less bad and not ""le based"". Excuse my simple minded retardation my great American overlords.",3.5
"Pretty sure nobody wants to go to Vegas to gamble when 99.999% of people gamble from the comfort of their own bedroom with how almost every source of entertainment has been laced with some form of gambling to fuck people into spending more. I can't even order food without getting pitched the ""mystery platter of the night"".",3.5
"Should I go to Vegas and stay in a nice hotel, bros? I've got a buddy that raves about the Wynn. If the city's circling the drain I should be able to get a good deal, right?",1.0
also every time i've seen videos from las vegas in the past 4 years it's been swamped with black people. that alone is enough to kill any desire to visit.,3.5
Shes right you know,1.5
1pbtid memeflag bait thread #373286787468726378462,INVALID
"promiscuity is one of the best signs of a cluster b personality disorder, for both men and women
avoid at all costs",3.5
"Gets a shit load of STDs
Nothing personal skank",2.5
"Used car 1: single owner 80k miles
Used car 2: 20 owners 80k miles
Same year and model",1.0
Same shit,1.0
holy facken shit,1.0
"Its not bait if its true. Open your mind, you know shes right.",2.5
No she's wrong.,1.0
"There’s a massive difference. Because a monogamous relationship will be with one safe and clean person over and over again, versus dozens of encounters with dozens of men with unknown histories. Also, the mindset that would have you fucking 36 guys would result in all 36 of those guys being promiscuous themselves. And finally, the monogamous relationship would be reinforcing your neural pathways related to pair-bonding and commitment while the promiscuity would be frying and breaking them. This is peak roastie cope.",1.0
That's not true at all.,1.0
Thread,1.0
women can trvke too!???,3.5
herpes is a difference.,1.0
? It really doesnt matter. Only monogamoids and incels are mad at this statement,2.5
"Not at all. I know you're retarded, but a car having so many owners would be an immediate red flag for a non-retard.",1.0
"A woman quite literally loses her ability to pair bond after, what was it, 2 partners? Yeah, those two things aren't the fucking same whatsoever.",2.0
"pair-bonding
Doesnt exist. Its fairy tale like jesus",INVALID
oh look another memeflag thread,1.5
microchimerism,4.0
The fact that none of those 36 men wanted to stick with her is the red flag.,2.5
All I see is a car was objectively useful to multiple owners. A car with so much experience under its belt,3.5
Pair bonding is a meme. Wake up,INVALID
"The problem with having sex with 36 men isn't the amount of times the girl has been cum in. It's ""what is the probability that, if I'm number 37, number 38 will be very soon after?"" A large body count signals a complete disinterest or incapacity for long term monogamous relationships.",3.5
whoremathics,INVALID
"why is it your goal to turn humanity into a pile of mystery meat?
more easily controlled slaves?",1.0
I want a white ethnostate like everyone else here. Its just that she has a point,1.0
"human beings are heartless and experience no attachment to others during the most intimate acts that are possible
reserve nothing ceremonial for those of which you are most fond
the way your physical body interacts with the world around you has no special meaning in anyway
because no one else's body is special or unique, not even all the intangible things that define us as individuals
allow no beautiful connections between the physical and spiritual to emerge in your life
the cautious executive administration of your own gentials is fundamentally indistinguishable from the flippant and wonton casting of your own genitals according to whim
Yeah, lovely words",3.5
pass. not the same. 36 aids vectors. all yours number 37.,3.5
"A man doesn't want to share his woman with 36 other men, so yeah, there's a difference. Also, don't want to stick your dick where a football team has been",2.5
very true fellow kid,1.0
Then why are sluts so mentally broken,1.5
"There is no difference
There is actually. Your odds of catching an STD rise a lot, and a condom is not fool proof.",1.5
WRONG HOE,INVALID
Shit for brains of the year award winner. No further nominees need consideration.,1.0
The difference is the STD,4.0
There's no difference between r*ping 36 women and r*ping one woman 36 times,3.5
Except for the fact that you're 35x more likely to contract an STD.,1.0
"Hole's opinion is retarded, news at 11",INVALID
They're both spreaders of disease like faggots. It's almost like humans weren't supposed to fuck everyone.,3.5
STDs do exist because God is punishing your ass for sleeping around. Cope.,4.0
Avatar fagging and spamming is a bannable offense,1.0
Disgusting,INVALID
"I'm posting reaction images, you retard.",2.0
Grow up,2.5
Make me,1.5
"You are defective.
Frankly, you are not the sort of person any movement with a future wants or needs.
You have been rejected by the gestalt.
Tough luck.",1.5
"gook dyes her hair to appear white
kek",2.0
"comes to be surrounded by BWC
instead only sees jeets
Sad",INVALID
"slaughter all poopjeet subhuman shitskins outside india
you have my blessings!",3.5
this is sad because its affirmative action for women that will never breed because she is focused on her career,3.5
Asians are so cringe,3.5
Noone is safe from jeet scams it seems,4.0
Looks like an angel surrounded by demons,2.5
"As it is written, “God gave them a spirit of stupor, eyes that would not see and ears that would not hear, down to this very day.”
And with all wicked deception for those who are perishing, because they refused to love the truth and so be saved. Therefore God sends them a strong delusion, so that they may believe what is false, in order that all may be condemned who did not believe the truth but had pleasure in unrighteousness.
A seductive woman is a trap more bitter than death: the woman whose heart is snares and nets, and whose hands are chains. He who pleases God escapes her, but the sinner is taken by her.
These people blaspheme in matters they do not understand. They are like unreasoning animals, creatures of instinct, born only to be caught and destroyed, and like animals they too will perish.",1.0
"cope, we are aryan",3.5
Where are these taken? Looks like Canada.,1.0
"Yes at a Canadian university. There are 0 whites in Canada. Notice the leaf flags seething at the Northeast Asian girl, who looks like an angelic goddess in contrast to the filthy poo golems that surround her.",4.0
"Her name is probably Sing and those browns Singh, they’re in alphabetic order, and the rest of the arena is white.",1.0
Do gooks really think they're white?,3.5
"I always love seeing this photo. It was posted on some chink social media and was supposed to be shocking, but all it did was prove that Indians are dominating the Western education system and there's a single chink bugwoman that managed to get through and graduate.
Keep posting it. It always brings a smile to my face.",2.5
Damn…witches look like THAT?!,1.0
She's living her best life and you're posting anonymously on a hentai forum.,1.0
"that's pretty much exactly what I expect witches to look like
everything about this woman's life is a cope to hide that one thing.",4.0
"has magic powers
still crippled",INVALID
got her back blown out summoning an incubus,1.0
so many better 90s bands to summon,2.5
i have been playing the game for over 200 hours and i have never seen a demonic summoning in a church before,1.5
SHIT ON MY FACE,1.5
You can see her inflamed lymph nodes,1.0
which pixel are you referring to,1.5
We wuz larpin revelarions for the rnc n sheit bixnood,2.5
"tatted mentally ill feminazi ""witch"" on a wheel chair living her best life how braindead are you?",1.0
"Compared to almost everyone on here, yes she's living her best life.",2.5
Are those little negro tattoos?,1.5
"Here is a (you).
You’re a fucking idiot.",2.5
in what way? even the most depressed pol user isnt nearly as suicidal and depressed as this deranged cunt,1.0
"Thank you, XgKyJ43e",1.0
Should look like this,INVALID
Who gives a fuck about some brainwashed retard. She’ll be a trad Christian in 5 years.,1.0
That face is way too smug for a bitch who has to roll around in a wagon with extra steps.,1.0
"she'll be a jew worshipper in 5 years
Oh boy, just what the world needs, more lunatics defending jews and believing their fairytales",1.0
She also moonlights as a noble rotary.,1.0
Her wheelchair looks much more mobile than a broom.,1.0
"Magick isn't that great when you don't know how to fix an issue, which happens all the time.
Magic isn't real.
Cool opinion countered by cheap books",2.0
"Modern ""Wiccan"" is just more Jewish appropriation and corruption of White culture.
Go back to back to worshipping your volcano demon.
She look okay if not for the Johnny Test haircut too, shame.",1.5
"Obligatory:
WE HAVE FOUND A WITCH - MAY WE BURN HER??!!",2.5
"Witches look like that.
No. Most of them are morbidly obese and are solely into crystals.
t. Dated a wiccan girl for a few months.",3.5
So are you,1.5
I'm not pretending to be better than people who aren't.,1.0
"This a Mongolian basket weaving forum.
this",1.0
"yes, they look like the demons they fuck around with",3.5
"its not magic. its something else. all ""magic"" is false bullshit.",1.5
Trump voter right there.,1.0
the word witch did not appear in any european language until the kikes arrived in italy? and at the time the word for witch was indistinguishable from the word for kike. there is nothing white about that drivel.,1.5
"Yet you're here too, odd",1.5
"Olive green boots clash with the other green and she has a disgusting toe thumb like Megan Fox.
2/10 would not rape",1.5
"living her best life
apparently
everyone does the same
thats why everything is sad
so keep trying hard and making better out of your best do you HEAR ME !?!! NEVER GIVE UP !
*cries*
YOU CAN DO IT! I BELIEVE IN YOU",2.5
Are witches just Jewish women most of the time?,3.5
"Indeed, but religion is just fashion for gen z. Easy come, easy go",4.0
TROLLE!,1.0
"It's a costume.
She looks nothing like that without the costume.",1.0
They look like this.,2.5
"i hate that gay shit people do in vertical videos
now, go away or stop being gay too",2.5
"Magic can bring back the dead, but cannot cure the cripple. Have you not watched Mac and Me?",2.5
"Yeah but watch this
stands up",INVALID
She should cast a spell to make her legs work again,1.0
Magic is when jews make Whites think niggers are human. That's it.,1.0
This. We should burn them. And all the scum. Burning them worked.,1.5
LMFAOOOOOOOOOOOO,INVALID
Got um,INVALID
"her vote is equal to mine.
What a sad joke this planet has become.",1.5
"is actually not a cripple and just larping
hot wheels larp is the hottest new thing!",1.0
"I always seen it as a Nigger larp, or low IQ larp. Species that do not understand science trying to be scientific. If I hurdurrr kill this chicken and say my nigga babble with this random plant I found and that I am burning rn. You will control the spirits. It's Niggertier substitution for science. The same way kids just make up some dumb shit in their mind to substitute for actual knowledge.",3.5
"https://archive.4plebs.org/pol/search/image/wbmu0juWaaqpSRPUxsgrFg/
Britain's new immigration hotspots: Up to one in 20 residents in some boroughs are migrants who came here last year - so what is the figure in YOUR area?
https://www.dailymail.co.uk/news/article-14957793/Immigration-hotspots-mapped-2024-ONS-figures-map.html",3.0
"There is never going to be a nativist uprising. The median age is too high. Your people are tired and the young ones are more likely to leave or be on the side of the invaders. It's over, the sun has set on england. should have given us our country when we asked you nicely",3.5
Into the filter you go.,1.0
"yo, where your sas boys at ?",2.5
"Go easy on them lad. It's not too late for Britain to be annexed by America. It is our duty to liberate as much of the americanized Anglo world as possible before they are lost forever. And maybe we will take Gaza too, so we can build the Ben-Gurion canal and finally break even on our israel investment. But that's a side issue. What matters is bringing Britain home, under the imperial flag where it belongs",3.5
"US has decided to act like a private equity firm regarding the UK - they will strip it of its wealth, privatize the commons and sell it off to the highest bidder. NHS will be privatized and bought up by american healthcare firms for example",3.0
What does pol think about mushrooms? It looks like states are going to legalize them for recreational use and therapy in less than 10 years. How does this contrast with medical weed use? Is pol disappointed about weed? What do you think?,1.5
shrooms are too weird. acid is stronger but clearer,1.5
There’s no legal acid where I live. I can get legal mushrooms tho. They sell them in stores here.,2.5
"I love shrooms. Hard to compare with weed though, they're very different. I'm six months sober from weed and haven't done shrooms in a couple years, and looking back my experiences with shrooms were much more positive and I'm more likely to do them again. Weed had some positive impact at the beginning but became a daily habit that took me hostage for a long time and turned negative. I don't think there's much risk of that with shrooms, but at the same time they're much more intense than weed is and I think should be treated with a bit more care. The risk with legal shrooms is that people won't do any due diligence and take them thinking it will just get them stoned like an edible does, and then have their minds blown and open doors that they can't shut. And not everybody is ready for that. On the other hand, I don't think they should be regulated too heavily because, well, that's just kind of gay. IMO being on the grey market like they are in Canada is a nice barrier of entry that's not too high, but enough to deter people who aren't serious about taking them. If they do become legal, maybe they should come with a pamphlet or something with some basic trip guidelines. And maybe an option to join monitored sessions. Not overly clinical ones with therapists, but more like holistic communities that offer a safe environment to trip in and some people with experience. I don't know.",1.0
White people will have constant psychosis and will even deepen their vulnerabilty against the animals at the door,2.0
"I'm for weed being legal since its hard to really overdose on it, but have too much shrooms and it can really fuck you up mentally. I don't really see it being legalized anytime soon to be honest.",2.5
Gib me acid,1.5
"i kinda want to try eating Lion's Mane because it's supposed to remove brain fog and improve mental clarity, because i realized recently that ive got crazy brain fog all the time
anyone here eat Lion's Mane?",1.5
I hope we do that. We have that for ayahuasca. I don’t see why shrooms aren’t treated the same.,2.0
In the next 10 years California Oregon and Colorado are scheduled to legalize them.,2.5
"Psychedelics are interesting in that they will profoundly help a great number of people in ways that are either permanent or long lasting, or at the very least they'll have a nice time then go back to normal....
But there are some people who will get one-shotted by them and it reformats their brains.
I have no idea how you would differentiate between which a person could possibly be before they took these sorts of drugs, but I do invite others to speculate.",3.5
If that's actually the case then I'll be watching the shitshow while eating my crow,1.0
our ancestors ate and were guided by the techno elves into what we are today,2.5
I think people saw the money from weed and decided legalize shrooms. I see cocaine being legal in less than 25 years.,2.0
Yes but only because it's tasty. You can slice it up and fry it like a steak! Or batter it and it's good that way too. Tempura... the list of ways to enjoy it goes on. Don't buy the awful ground up dust in a pill though.,2.5
All drugs should be legal 21+,4.0
"Don't buy the awful ground up dust in a pill though.
ah ok, so it doesnt really noticeably improve cognitive effects?",1.0
"Also ""Shrooms"" is pretty vague
Do you mean psilocybin or amanita muscaria?",2.5
"Nah. Maybe. Yeah, kind of. I guess.",1.5
No.,1.0
"All such substances are detrimental.
https://youtu.be/b8MYLWWR6BU",3.5
I ate lions mane for years and went to China they call it monkey head mushroom. Ate that... Never did anything for me.,1.5
"It's like wine, and Jesus literally changed water into wine so no. It's not detrimental",2.5
Magic mushrooms so psilocybin,1.0
I dont understand why there hundreds of types of different fungus,1.5
"It is not like wine, watch the video.",1.0
I'm literally vaping thc right now. It's given to us by God to partake in responsibly. I still go to church. I still pay taxes. What's the problem?,1.0
"damn, it seems like only illegal stuff noticeably improves cognition",1.0
Watch the video and find out. Unless you're scared you will hear something that calls you out.,2.5
Pretty much always refers to psilocybin. Amanita as a drug is very niche in comparison.,1.5
That was my assumption as well.,1.0
"The video is someone's opinion. It's made to be ragebait to ""call people out"" you could make the same video and make it about anything, like not wearing a seat belt, or make it about eating chocolate, and you'll be calling those people out. It's made to induce shame for something that isn't shameful, but it's all an opinion. Truth ultimately comes from God, and God told me weed is given by him as a gift to mankind. Why not partake in some weed yourself my friend? It'll open your eyes",2.7
Coward,1.0
It's not nich what? Bro never been to happy shrooms website? I buy it there all the time,1.5
"It's a sin to call others names like idiot, moron, fool, coward. It says so in the Bible. I expect you'll be seeing a priest for confession for that after an examination of conscience yes?",1.5
"Honestly don't understand higher states than dudeweed and bourbon and coke. Cigarettes get shilled here a lot and are incredibly damaging.
be me
do acid with my friends
we just laugh and have a good time at a goth club
I walk home and feel positive about the universe
Didn't see a danged thing. Had a bad time on mushrooms and by Abo colleague tried to sex me while we watched LOTR together. She didn't care that I had a girlfriend (really hairy chick whose pussy used to FART loudly during sex who went lesbo.. I guess that's a cooo skill to do in someone's face, I ate her out in Sydney uni park lol).
Anyway, people are way too blase about serious drugs. Be careful anons",1.5
"Christ called people hypocrites. Whether or not I hurt your feelings does not change the fact that you are indeed a coward, scared of interacting with ideas and insecure of your own worldview.",3.5
"Yes but intent and context is different. You're saying it to be rude, Jesus was saying it as it was a fact. You speak lies with a devil's tongue with pride and self-righteousness. Not love or truth.
Oh sorry did I ""call you out""?
Haha
Peace be with you brother, I forgive you for your arrogance and hypocrisy. But be sure to ask the Lord for forgiveness as well.",3.5
You have to be careful anon. If you do mushrooms don’t overdo it. Maybe take them with a sitter and some good music.,1.0
"You're saying it to be rude
I'm saying it because it's true, and to make you face it. You are a coward. Or you have ulterior motives.
Only God can truly forgive. Let the Lord God Jesus Christ be the judge of my actions, not your back handed false piety and shaming.",3.5
Total druggie death,2.5
"In comparison to psilocybin, yeah it is. Doesn't mean it isn't available but 9 times out of 10 people are referring to psilocybin when they say shrooms.",1.5
What’s the high like? I’ve never tried it. I’ve done magic mushrooms but not that other thing,2.0
"Entheogens can open the door to nondual awareness, but they cannot build the house of realization.
They may temporarily dissolve ego boundaries, allow a person to glimpse unity, emptiness, or pure awareness, but they do not necessarily integrate or transform the structures of the psyche, nor do they permanently uproot ignorance or conditioned patterns.
These are experiences, not realizations.
They are states, not stable traits.
Without philosophical or contemplative grounding, the experience may be misinterpreted:
as: “I became God” - ego inflation
as “I saw the truth” - spiritual pride
as “I need more of that feeling” - addiction to altered states
After the trip ends, the ego reconstructs itself, often using the experience to fortify its identity:
“I had an awakening, now I’m special/enlightened/different""
The deeper habitual tendencies like greed, anger, or insecurity remain intact.
A moment of nonduality doesn’t automatically restructure the nervous system or psychology.
Mystical experiences can be:
catalysts: igniting deep questions and practices
illusions: spiritual highs that don't change behavior
insights: brief contact with truth, but not embodiment
Liberation is:
the end of identification with the self-process
the spontaneous presence of compassion and clarity
not a state, but a transformation of view and being
Clinging to the experience becomes a new samsara.
Mistaking experience for realization is a trap.
The goal is to rest in awareness, not chase altered states.
Entheogens can show the mountain.
Practice walks it.
Liberation IS the mountain.
tldr: expect many more Connor Murphys to appear due to the egoic inflation and fragmentation of large numbers of unprepared people getting easy access to powerful enthrogens",3.5
"It's crucial to emphasize that Amanita muscaria is not a recreational drug like psilocybin mushrooms, and its effects can be unpredictable and potentially dangerous.
Internet doesn’t like your drug anon",1.0
Who’s Connor Murphy and why is he a bad thing?,1.0
"Yeah, that's what I'm saying. I'm not saying people don't know what amanitas are. In fact, iconographically they're probably THE most recognizable mushroom. But as a drug, psilocybin is taken much more often and has more recognizable and widely known effects, and pretty much has sole claim to the ""shrooms"" and ""magic mushrooms"" nomenclature.",3.5
"I have taken every drug in some form once. It's overrated. The best drug is the night sky, the laughter of children, a foal chewing dandelions in a paddock, a titfuck from a Bulgarian single mother who can't pay her rent.
I listened to Ammon Hillman who seriously has a beef with his university network and Christianity generally and think that the crazy old junkie might inadvertantly be turning Christianity into a subversive edgy cult of bacchanaalian peaceniks again, which is great for our times and way more attractive than the kind of ""We are the world"" Christianity that is really just commie entryism.",1.0
"Great question — and no, “shrooms” usually do not mean Amanita muscaria.
What people usually mean by “shrooms”:
When most people say “shrooms,” they’re referring to psychedelic mushrooms that contain psilocybin, the naturally occurring psychedelic compound. The most common types are:
• Psilocybe cubensis
• Psilocybe cyanescens
• Psilocybe semilanceata
These are sometimes called “magic mushrooms.”
These mushrooms cause hallucinations, euphoria, altered perception, and other psychedelic effects. They’re the ones that are most often used recreationally and in therapeutic/clinical settings.
Chat gpt disagrees anon",2.5
"• Psilocybe cubensis
• Psilocybe cyanescens
• Psilocybe semilanceata
these all do the same things, right? like some of them are more potent though i think",2.5
"Both of your observed descriptions of Christianity are false bodies, and not representative of the truth of the one Church undefeated for 2000 years, which the gates of hell shall not prevail against.",2.5
You’d have to ask chat gpt. I just know that magic mushrooms have psilocybin.,1.5
I quit weed after bronchitis/anxiety/panic-attacks/thermoregulation-issue-making-me-cold and I only do mushrooms and DMT now.,1.0
It's possible to OD on weed. It takes decades and results in stroke or heart attack. Same as booze. The difference is that with booze you you can OD. What were we talking about? Oh yeah! Weed causes memory loss. But so does booze. Ayo!,3.5
"The Church has to be the faithful
If it were the institution I would go mad",3.0
"Yeah they vary in potency a bit but otherwise are the same, it's psilocybin as the main active ingredient for all of them just in slightly varying amounts. I had psikocybe azurescens once and besides being a bit stronger they weren't noticeably different from cubensis.",2.5
"I just wish that I had some place I could go anywhere anytime with a padded room for when I do more than 8 grams. I want to do a legendary 20 gram trip but not end up pushing over a ""tree"" aka elderly woman like a certain someone did when he took 20 g mushrooms and having to deal with court issues over it.",2.5
"Anything the CIA promotes, I'm wary of.",2.5
"same
good question",1.0
"Short version:
Fitness youtuber who repeatedly did ayahuasca until he lost his mind
Longer version:
https://youtube.com/watch?v=E8_w4dZqGbc",1.5
"Christ cannot be separated from the Church. He is the Head of the Church, and the Church is the Body of Christ. We are Christ's Body, indivisible with Him. We are Baptized into Christ as St Paul says: ""As many as have been Baptized into Christ have put on Christ"". We receive Holy Communion, the actual Body and Blood of Jesus Christ, in order that we become fully united and indivisible with Him. He abides in us, and we in Him.
There is no separation between the faithful, the Church institution, and Christ Himself.",1.0
picrel,INVALID
"I've been eating 8 different mushrooms every day for years including Lion's Mane and Shiitake and Cordyceps and so on and I never have mental fog anymore, remember everything really well, started learning a new language (Dutch) when before I couldn't no matter how hard I tried, can do basic math really easily now, etc. it's been amazing. It's this that I take: https://purica.com/products/zensations-universal-harmony?variant=50167333585195",1.5
"Amanita muscaria is not regulated like psilocybin mushrooms because it's not classified as a controlled substance in the US, though it is listed as a poison by the FDA. Psilocybin, found in psilocybin mushrooms, is a Schedule I controlled substance under federal law, meaning it has a high potential for abuse and no currently accepted medical use. The difference in regulatory status stems from historical context, chemical composition, and perceived safety concerns.
Psilocybin is specifically listed as a controlled substance under federal law, while Amanita muscaria is not.
Historical Context:
Psilocybin mushrooms have been a focus of scientific research and public attention, particularly regarding their potential therapeutic uses. Amanita muscaria, while known for its psychoactive properties, has historically been associated with more negative perceptions due to its toxicity.
Chemical Composition:
Psilocybin mushrooms contain psilocybin and psilocin, which are the primary psychoactive compounds. Amanita muscaria contains muscimol and ibotenic acid, which have different mechanisms of action and perceived toxicity.
Perceived Safety:
Psilocybin mushrooms are generally considered to have a low risk of physical toxicity when used responsibly, though psychological effects can be intense. Amanita muscaria, due to the presence of ibotenic acid, can cause nausea, vomiting, and other unpleasant side effects, and in some cases, seizures or death.
FDA Actions:
The FDA has issued warning letters regarding the sale of Amanita muscaria products, particularly those marketed as dietary supplements, due to safety concerns. They have also banned its use in food products.
While not a controlled substance, Amanita muscaria products are not freely available for consumption in the same way as some other substances. The FDA acknowledges the lack of specific regulations for this substance, leading to confusion about its legal status and safety
Not good anon.",3.5
"I mean, same reason there's hundreds of kinds of plants and animals. Millions, actually. Lots of biological niches to fill.",4.0
I would never eat them. I'm afraid someone would dry out death caps and sell them to me as a joke.,1.0
That happened to me after doing mushrooms a lot. An actual angel brought me back by talking to me and getting me on the right medication.,1.0
The body is rotten,2.6
Just buy the dust dude it's fine I also get them in their raw form too and the raw form is not as potent as the dusties form but I eat a lot more of it then like one big huge mushroom instead of a small amount of the dusties.,1.5
"shrooms are fine but it's a shame that salvia didn't really take off. or maybe that's a good thing.
https://www.bitchute.com/video/74L19UkAHwBG",3.5
"You speak in ignorance. Read the lives of the Saints. Or visit an Orthodox Church instead of calling them rotten blindly, as if the Orthodox are no different than the roman catholics or the many different protestants.",1.0
"Be me. 22. Severe depression and crippling existential dread.
Ride bike into woods. Eat like an entire sandwich bag of mushrooms.
Trip the absolute fuck out.
Wake up in the morning. Feel good. Nauseous as hell but also like the world is okay and it’s fine to be here.
Mental fuckery cured. Poof. Magic mushrooms.
That was ten years ago now. Haven’t done them since. Never done any other drugs. Still feel pretty good.
I would 100% credit mushrooms for curing my depression. Apparently permanently.
I took shrooms in what I now know is the stupidest way possible and it was fine.
Alcohol is far more dangerous/damaging and people guzzle it back by the gallon.",1.0
They have chocolate bars at dispensaries anon. Look up magic kingdom mushroom chocolate bars,3.5
i'm curious too.,1.0
It’s a good drug anon. Can be overused tho,1.0
"Has there ever been a case of that happening, like ever? If you buy from an established dealer/vendor, they're not going to risk their livelihood and reputation for some stupid prank.",2.5
"Take nootropics and everything else that fixes your basic diet and make sure if you ever eat baked goods it's only sourdough bread that is still warm fresh off the racks at the bakery or pies or such also still warm don't eat old food. With fruits only frozen fruit that was picked at peak ripeness or get it from garden or foraging or sometimes you can find good fruit at a market but be extra careful with any type of fruit that starts rotting after being picked (e.g. all berries) whereas you don't have to be careful with bananas and other fruits that ripen after picking. With meat again you want to find the good stuff that leaves you doing well after consumption not the poisoned stuff. Quality and freshness of good actually makes a huge difference and I know because I used to be extremely poor and eat out of dumpsters only rotten food. Lion's mane absolutely works and the people here are giving you shit advice like the dust form of it is more potent, these people who say it doesn't work were either not consistent, or they only took it at the recommended dose instead of doing it at much higher doses. Try taking an extremely high dose of the purica 8 mushroom blend stuff for example AND psilopsybin tea with some lemon juice in it (bring water to a boil btw and then added the psilopsybin mushroom for 10 minutes then strain the chitin just drink the liquid) and they all work together very well.",2.5
They call it a posion. We already have dmt and psilocybin. Why try it?,1.5
The Orthodox church trafficks drugs numbnuts,3.0
"done them twice
first time was with some friends and we just walked around the neighborhood and later watched music videos. was cool but not profound
2nd time I wandered around a ravine not long after rainfall and that was pretty great. very cool but not profound
they’re a good time, not as freaky as acid",1.0
What’s acid like? Some guy said he had to deal with demons on them.,1.0
"Psychic abilities or gtfo all you christcucks can't do what apostles and Jesus did. Where's your bilocation, psychic healing, remote viewing, mind-reading, etc. skills?",2.0
"I don't believe you. If one person has at some point, that's not my Church. That's not even my continent, in all likelihood. The Church isn't responsible for one individual person representing it. Thankfully, otherwise my sins would scandalize the Church. But that goes for every single person in the world. It's why we go, to be healed.
But I still categorically deny that the Church as an institution broadly, traffics drugs.",1.0
Sitters are useless most of the time because I have superhuman strength and even if they say they'll watch me the whole time they end up wandering off before I even hit my peak I can't trust people man and on high doses I do echolalia and flop around like a fish and weird shamanic rhythmic things. Makes me worried about doing a super high dose where I could end up in traffic or in water and have no idea.,1.5
Hopefully in the future they have places where you can take them with people who watch you.,2.5
"Look it up you dumb cunt
An orthodox priest threw acid in the face of another over it
They are all crooked
All the institutions must be reformed",1.5
Even google thinks magic mushrooms mean psilocybin anon,1.5
Being able to glimpse these altered states of mind is really helpful though and those who do meditation and have good knowledge of psychology and occultism can really benefit. Those who do shit like take it it and go to a party and then develop or strengthen their delusions on the other hand obviously don't benefit.,2.5
"Read the lives of the Saints, who do this to this day. The Church affirms that if the faith is the same as the time of the Apostles, and the Sacraments haven't changed, and no other circumstances have changed, then the results should be the same, as you say. And they are. Read about St Nektarios of Aegina. Read about St Seraphim of Sarov. Read about St John of Shanghai and San Francisco. And of course the old Saints that continue to work wonders, like St Nicholas the Wonderworker (yes, that Saint Nicholas) who never stopped.",3.5
"I tried them twice. The first time, me and my friend ate some and just sat there laughing for like an hour straight. The seconds time, I ate some with a group of friends and everything seemed more shiny and had a euphoric feeling. Would not be surprised if long term and chronic usage leads to psychosis.",1.5
"An orthodox priest
They are all crooked
That's a stretch",1.0
"doesn't bother
lives in ignorance like a pig in the mud
It's endemic
The Prots did as much fiddling as the Catholics btw
The body is rotted",1.0
"Acid is a lot like shrooms, but longer. I prefer shrooms cause it's in-and-out, you can go on a trip and be back home in time for dinner. Acid was amazing the first couple times but it's just too much of a time investment, you gotta set aside the whole day and then some.
It's also a little more ""synthetic"" than shrooms, if that makes sense? It's hard to describe. I would describe shrooms as going deep into yourself, into your DNA, into something ancient and primal and natural. And acid like going outwards, into electricity and neon lights and the future. But that's a very subjective feeling. Really, the effects are similar. Same same, but different.
If somebody saw ""demons"" on acid, they likely would have seen similar on shrooms. Sounds like they just had a troubled psyche. I don't really believe in that kind of stuff. Bad trips are rare, on shrooms or lsd.
Amanita is a depressive and a dissociative, not a serotonergic hallucinogen like psilocybin/dmt/lsd. So it's more completely different, it would almost be like being drunk, but with more of a dissociative effect (think benadryl/robotripping, but probably not as strong). Note I haven't done it, that's just based on my research.",1.0
"I already told you that if one person did this it would neither surprise me or mean the Church itself is corrupt. You just want to take one instance of a person and apply it to the entire Church across all the world. It would be like seeing an atheist murder someone and labelling all atheists and atheism as a whole as murderous corporately. I assure you I can show you instances in history that not just priests, but Bishops and even Patriarchs have done much, much worse. That doesn't invalidate the Church, instead it affirms it that the faith isn't changed and they failed to destroy the Church with their efforts.
First recognize that your own view is narrow, and definitely not infallible.",1.5
"shrooms have a body high and some things, like trees blowing in the wind, look “melty” but it’s mostly a feeling
acid is a different beast. I rode shotgun once while frying and I’m not sure how I’m alive to type this. not pleasant. would strongly recommend being alone if you get some acid to try.",1.5
Ok anon,1.5
"Ah yeah, that's another thing I forgot to mention. The body high on shrooms is really pronounced. Acid was more of a head-high for me. They're both very cerebral, but shrooms got me way more in touch with my body.",1.5
I’ll think about trying it,1.5
"It's an unforgettable experience, I recommend it to anybody who is interested and takes it seriously. Just don't set many expectations because it will simultaneously let you down, and yet be more than you could expect. It's not just seeing funny colours and shapes like in a Beatles cartoon, in fact you may or may not have many visuals at all. But it's an indescribable feeling that can be really magic if you're open to it. Do your research and don't neglect set and setting. I generally suggest just doing them at home your first time, alone, and comfortable. Have fun.",2.5
"I did quite a bit of acid in the mid-1970s.
The stuff I had was called Windowpane. Tiny clear squares. Seemed quite strong and potent.
On the way up (after the first hour and into hour #2), it would completely shut off my eyes and I was only allowed to see wild explosive colorful images in my mind. This phase lasted until around hour #5, then the ""coming down"" phase started. Coming down was by far the best time of it all! Those last 3 hours
were filled with wonderful colorful geometric shapes. Listening to Hendrix, The Who, Zepplin, Janis Joplin. On reel to reel.
Room lit by black light. Blue Oyster Cult.
The original album. Those trips were some of the best times ever in my life so far. I am 69 now. Acid is the best. It is also very dangerous. Oh and Jefferson Starship too. (DragonFly)",2.0
Based boomer.,4.0
"how many ugs were they? I have a feeling newer stuff its just cleaner and/or stronger.
Ive head multiple deadheads claim they ate that shit like candy, meanwhile 100-300ug has me gourded out for 12 hours.
how do you feel bout DMT? its may fave.",2.0
"Sends your mind to the gods since shrooms are known as the flesh of the gods. They are under the dominion of Saturn and irritate the vegus nerve which is how you have intercourse with the spirit world of the ""geniuses.""",2.5
Thanks anon. How do you know that?,1.5
"1 hour 2 minutes into this so far it's giving me an enormous amount to think about, I don't want to become a fuck up like this",1.0
Why have men forsaken grace and artistry?,4.0
jews,4.0
"That's your triple chin, jabba. Buy an ad",1.0
"/thread
Wrap it up. There is no need to post any further replies in this thread.",1.5
Have fun in Siberia,1.0
Russia will soon ban tiktok in russia so these thots will sell themselves into sexual slavery in the west,1.0
Russia will soon ban tiktok in russia so these thots will sell themselves into sexual slavery in the west,3.0
Russia will soon ban tiktok in russia so these thots will sell themselves into sexual slavery in the west,3.5
"Finally you showed up, I missed your shitpost bro.",1.0
Woman moment. Islam is right. Go figure the rest.,1.0
"That wasn't anywhere near Siberia
unfortunately there is no discussion of banning tiktok in russia.",INVALID
"But this anon told me so , so it must be true otherwise why would they repeat the same message ?",2.5
"Only influencers would be dumb enough to accept an anonymous propaganda offer and not expect consequences
Also the fact they were nigger rapping is a strong indicator of the hohol gene
If only the gulags western propagandists talk about really did exist it would be a perfect fit for such ""people""",2.0
Russia will soon ban tiktok in russia so these thots will sell themselves into sexual slavery in the west,3.0
Islam is right about women. Here is more proof.,3.5
lol what is with russians and these grotesquely comical fake face surgeries?,1.5
Russia will soon ban tiktok in russia so these thots will sell themselves into sexual slavery in the west,3.0
"russian specific
that is most women everywhere, zingari",INVALID
You forgot to plug in the VPN before posting. Sloppy job Moshie,1.0
the charges officer?,1.5
"He means they will be shipped off to Siberia with the rest of the dissidents. Honestly I think they stopped doing this, but who knows.",2.0
clearly have never been outside of your island if you cant notice how common this shit is in the russosphere lmfao,3.5
"The more it looks like Putin/Russia has the upper hand right now, so won’t negotiate peace until something changes on the battlefield.
Here are some things I have seen:
- missiles and drone attacks from Russia are going up massively, putting pressure on critical infrastructure and Kiev
- 750,000 Russian frontline soldiers (apparently cycled in and out and replenished despite the claim by Ukraine of 1.1m Russian casualties) vs 400,000 Ukrainian frontline soldiers, so Russia is constantly on the offensive and Ukraine needs to always defend
- sanctions have not really crippled Russia, and China, India, Turkey, Iran and North Korea seem to continue to back Russia with equipment and currency in trade deals
- Europe and the US are focusing on other things, talk about Ukraine is more of a sideshow
Having said all that, Putin likely still believes, the Ukrainian army at some point may crack for real at some frontline parts which could result in what happened in ww1 and late ww2, i.e. large scale front movements rather than trench warfare",3.6
"Having said all that, Putin likely still believes, the Ukrainian army at some point may crack for real at some frontline parts which could result in what happened in ww1 and late ww2, i.e. large scale front movements rather than trench warfare
Isn't that inevitable at some point?",1.0
"Has the incentive for the war ended?
Russia still needs to win the war. US still needs to develop new weapons and tactics. War will continue to be waged.
BTW defender has advantage, especially now that drone recon is neutralizing russian artillery.",3.5
Why do you think they're locking down the internet NOW?,3.0
to hide the consequences of the war from russia an the world,1.0
"Sounds like what they invented in the last century called ""iron curtain"". No wonder they're proposing Zaluzhnybup as EISENhower",2.5
"The west has joined a suicide pact with Ukraine and Israel (Jews) that none of the populace wanted or supports, and now they're about to lose on both fronts and it's going to be a shit show not just politically because these retards will all be disgraced and replaced, but financially it's going to be catastrophic.",3.5
"Isn't that inevitable at some point?
Good question. I assume no, unless there is a real crack in infrastructure and thus the Ukraine army stops receiving enough supply. That is what happened with the German Wehrmacht on the Eastern Front. Took over 2 years until the trenches collapsed and millions of Soviet soldiers and large scale tank battles.",1.5
"People like me who read rt.com with vpns even after it was banned in US/EU knew it was actually over about four months into the war.
Ukraine lost it's Air Force very quickly and the first death toll ration reported on RT was a shockingly unbelievable 9.4 Ukrainians for very 1 Russian. One would think the propaganda people would ""report"" a more believable number like 3:1. But no. They reported a history making record ratio a few months into the war. It's been 3 years now. Russia has been building up their supplies.
There are no longer articles on RT expecting Russia to lose against US/EU and being forced to use nukes. The situation has been reversed. Trump will have to use nukes or surrender Ukraine. Which doesn't seem like a big loss unless you read 4chan and understand that under no circumstances are Bibi and Zelensky allowed to go down in any history books as losers. Very few people understand the seriousness of the situation.",3.5
"Anyway, isn't the pace of Russian advance actually picking up? Supposedly last month was their best month in years.",1.5
I am Irish and just want to say the vast majority of us agree with you,2.0
"The Irish get so incredibly angry if Americans speak about their Irish heritage. The idea of Irish-Americans infurates them. But they want to be flooded by Muslims and Hindus. White Americans out, rapefugees in!",3.5
show us the epstein files,1.5
"whats most offensive is that jeets act like they're doing us a favor (""look at the tax money we pay on the tiny amount of income that we are forced to report, look at the healthcare jobs we are unqualified for but steal anyways"") by scamming us
we aren't going to thank you for being fucking locusts lmao",1.5
"Teens as young as 12 see OnlyFans as an appealing alternative to traditional work, study finds
Thanks you modern society, very cool.
https://www.psypost.org/teens-as-young-as-12-see-onlyfans-as-an-appealing-alternative-to-traditional-work-study-finds/",3.5
"If 12 year olds could make OF, they’d be millionaires and could retire early while boomers wagie.",2.5
"Teens see making lots of money for showing off their body which requires no effort more appealing then slaving away at a place you don't want to be.
Shocker. You're still a whore in both stuations.",2.5
Conditions: Weimar Tier,3.5
The only way to defeat boomers and billionaires and redistribute the wealth desu,2.5
For me it's little_red_doll and catandthebat.,1.0
This is why brave Palestinians are fighting against Jews. They don't want to live in a country like America where children aspire to become pornstars on Jew owned platforms like OF.,2.0
yo can't get more traditional than prostitution,3.5
I mean... yeah? They've been conditioned to think that posting nudes is a million dollar industry. What do you expect?,2.5
The only people who hate women over this are christcuck incels who are jealous as fuck.,2.5
Money is the only thing that matters. Faggot wagies will try to gaslight themselves by saying its noble to work 30 years just so they can make 180k a year. Meanwhile some woman starts an onlyfans and eclipses the total lifetime wagies value in like 2 years lol.,1.0
"I don't hate the women themselves, they just go with the flow. I hate the society that normalizes this to the point that 12 yo girls think this is acceptable.",3.5
"If 12 year olds could make OF, they’d be millionaires and could retire early while boomers wagie.
Probably true.",1.5
"Yeah, but being a wagie doesn't require selling my soul",1.0
Oh please don't do that. I have finally have enough to retire early and this would bankrupt me inside of a year.,2.5
You do realize that only small percentage of OF users actually earn enough to justify the lifetime humiliation and the black mark?,2.5
And that's better than teen pregnancy and teen marriage okay chuds?,2.5
"But why shouldn’t they do it? If this simp society is enabling them why shouldn’t they make a nice bag that they would not have otherwise made without working for 10-15 years? Let’s look at the male equivalent: if you were 18 and could upload videos of yourself working out and getting bigger or fucking a hot chick once a month and there was a demand for it that netted you hundreds of thousands a year, would you do it?",3.0
if 8 year olds cna pick their gender I dont see a problems with 12 year old making bank on OF,1.0
Are you a libertarian by any chance?,1.5
"twelveteen
teen",1.5
"it's like winning the lotto but I have to show my dick for entry. I pick to play the lottery, they are both pretty fucking stupid life plans",3.5
"but being a wagie doesn't require selling my soul
Huh?",1.0
"You do realize that the vast majority of accounts on OF get made and used for like a month and then never used again, right?",3.0
Do you think its noble to do more for less recognition and power?,2.5
"The vast majority of women on Onlyfans only make a pittance from the stuff they post; only a tiny handful pass the six figure mark (and even then usually for only a few years). Just from a purely pragmatic point of view, we should not be encouraging people to consider that sort of thing to be a viable career path since the average payouts are so small. Basically any other career choice, even shit like working at Walmart, would pay more for 99% of women.",2.5
Yeah exactly. Most people quickly realize there's not nearly as much money in it as they thought.,4.0
"Sam Hyde was ahead of his time, huh?",1.0
I like libertarianism but not like this,1.0
"It will work, this time!
Go read animal farm",1.0
"Can the AI waifus be mass deployed so the e-whore bubble bursts
Let the simps give money to other men programming their waifus lmao",3.5
The pigs wouldn't won if they seduced the humans with young slampigs,1.0
I hate simps so much it's unreal,1.5
"But why shouldn’t they do it?
Because it fucks society?
Go fuck yourself.",3.5
"It needs a sequel, I have to see that
I'll ask chatgpt to write it",1.0
It's no less retarded than being a Youtuber.,2.5
"internet hoes lose their place to AI waifus
have to hit the streets
get beaten up by career streetwalkers
Need to see whore wars bad",2.5
no just your thoughts and actions for 20 years,1.5
other than wheelbarrows of money to buy bread i think we are otherwise way past weimar,2.5
"Nobody is addressing how empty, meaningless, and soul-crushing modern Western societies are, that prostituion seems like (or crypto/stock gambling for men) seems like the only ways to make it out of this hellish machine.",4.0
"I'm a vain not too masculin looking guy in my late 30s. I probably look 10 to 15 years younger than my age. I hate aging. In two years on a different platform I've made a total of 7 dollars little by little. Ironically I wish I had started earlier. If I can't live forever then I will at least be immortalized on the fringes of the internet where intelligence agencies, perverts, and random Joe's from Montana have archives of all my nudes and videos. The idea is very arousing. Existentially it tickles my fancy. I'd practically do it for free but would be nice to make more money. The problem with OF is you have to already have a following. There is no feedback or interaction if you have no followers. Just end up posting into the void behind a pay wall or offering completely free membership with no in between and where nobody even knows you exist. Other porn sites at least allow you more visibility to steadily grow followers even with free content you makes some, though you still need a significant following to make any serious money. I don't care who sees it. Anyone coming across my content would have to explain what they were doing in that site to begin with. It's a hermetically self-sealing secret. And I wouldn't date anyone that's not into it. I really don't see what the fuss is about in the adult realm.",1.5
Well you guys ran around calling us christcucks and made religion uncool. So enjoy your atheist shithole.,2.5
"Why the fuck would you idiots buy a 12 year old's onlyfans.
12 year old girls are for marrying not for prostitution. Why do you want to give her Jewish pimp money? That's exactly the sort of Weimar Republic shit we're supposed to be against.",1.0
"More realistically once AI dominates aesthetics, porn stars will actually have to make real entertaining content with actual conversations and meaningful discussion. Think of a nudist podcast.
Ironically a lot of the women would find that even more difficult than going against AI aesthetics because most women, especially in this arena, don't have interesting thoughts to begin with.
Perhaps the future of porn will be something men excel at. Think about it. Just picture the average somewhat decent looking guy naked with his dick in his hands saying the most hilarious shit just talking about whatever. Even straight guys would watch that.",3.5
"they’d be millionaires
Probably not for very long.
Also all pedos deserve a free millstone and a boat ride.",2.0
"Well fuck society then
Boomers can pay out their retirement on my boypussy",4.0
"podcast
You lost me, fuck that gay shit.
Most likely, women will have to do increasingly deranged shit on camera. Like German shit but worse.",1.0
Has anyone else noticed how few pretty young girls work customer service jobs these days? It's like they all sit at home vlogging and raking in the cash. No need to do any actual work for a living.,1.0
"Even for a male this is an easy way to retire by the age of 16, cause pedofags will shower you with money.",1.0
"Oh
Lmao its another article from this guy
Time to piss the thread off",1.0
"Define
actual work
For the class please",1.5
"requires an expensive ""study"" to learn that homos are disgusting
The state of the world.",2.5
check,1.5
"teens as young as 12
teens
12
Twelve isn't a fucking teenager, what retarded nigger wrote this shit? Jesus Christ they already created a fucking word for this age group
tween",2.5
"whore your naked body for views or spend 60% of your waking hours in concentration camps feigning real socialization.
I mean yeah....presented with two options here...
ironically this is still optimistic",1.0
"Study was that people who are bitch babies and are disgusted by a not-normal anount of things are more prejudiced to lgbt
Tl;dr homophobes are manchild bitch babies
Pic related in advance",2.5
"Pardon me I think you may be projecting a bit. See, I personally don't want to watch AI porn slop either even if it passes for real looking. The arousing part is believing its a real person, that the physical beauty actually exist somewhere on Earth (subconscious instinct to procreat with someone real, not AI). That said I'm also not into extreme anything. I like soft round features, not dirty, violent or abusive stuff with red inflamed skin or unhealthy appearance. I personally would be more into nude podcasts if the people were attractive and interesting. Haven't seen one yet. Very niche at this point.",2.0
Prime prepubescent pussy is peak golden age America.,1.0
Would be the first time I’d ever pay for porn,1.0
"I don't see why a kid doesn't have the right to film themselves wanking it, hanging on to the vids, then selling them once they've reached the age of majority. It's honestly criminal that this isn't allowed",2.5
"What you describe is hetero hentai, the rarest of hentai",2.5
"not-normal
Yes, that's what homosexuality is.
Not Normal.
Abby Normal.",1.0
All faggots will be mauled down.,3.5
"Yeah, hows that working out on the faggot german poster? Have you mauled him down?",2.5
"I can't blame these teens, judeo-finance has made the modern workplace a dystopian hellscape, assuming you can land a McJob at all.",3.5
If a kid had the forethought to do that then it would be premeditated CSAM,1.0
"Gotta love another: amerimutt retards dont read the article and retards bandwagon episode
It was literally just a survey that high school age teens thought OF is a lucrative method of income. This was also in spain, proto-mexico. Its not even in third gen mexico (america)",2.5
"Reminder that quote from Jesus (little ones) is about Christians, not children. Dumb protestant scum. 12 wasn't even considered a child at the time. You fell for Judeo feminist bullshit and spread it to their ends.",4.0
"You won't be able to tell the difference between a real person and AI in a decade, dipshit.",2.0
"If 12 year olds could make OF, they’d be millionaires and could retire early while boomers wagie.
Japan's age of consent is 13. Why don't Jap girls do OnlyFans (presumably OF not allowed, but a new Jap competitor). If Indians make average white 18 year old millionaires, a hot 13 year old Jap might become the first OF billionaire.",2.5
Will the pedos get ai robot children that never age?,3.5
"I think it would be based to have an entire generation where all the girls are making bank from age 11 onwards buying houses and all the men are literally slaves and get compensated with only fans pictures instead of money.
women would literally decide which men are cute enough to live and dispose of all the incel yuck",3.5
but so what? there is literally nothing morally wrong about it. do you not believe in bodily autonomy?,1.0
Maybe read japans AOC laws instead of skimming the headlines to support your arguments.,3.5
"He can post his address, and then we'll see how long he survives.",2.5
"It could be argued that the adult who at the time was a child was groomed into making those decisions and thus exploitled thus making it bad CP, like all other CP. And then swing it the other way to try him has an adult for creating cdam and distributing it.
Based law",2.5
"wait for him to out himself
Bah, you wont even waddle to your front door over it",1.5
That's kinda hot,1.5
"hear hear
they should be allowed on the platform",1.0
"40 these days. In less your suggesting suicide, which I get.",1.5
"Oh
My god",1.0
kek,INVALID
the price of fast food getting beyond the cost of basic wages is heading that direction,2.5
"Why are you squealing, subhuman faggot?",1.0
men are so fucking pathetic,2.5
"You underestimate the ability of some of us to detect subtleties in AI. This is especially true for autistic perverts. The AI long tail problem will be a problem so long as AI lacks sentience. This is especially true if such a supposed nude podcast features people outside the realm of normal NPC level discourse. The fact it is in a nude context automatically enables discussion outside of day to day normie appetites of discussion.
I can see you even now, as a human, struggling to counter this argument. Ai will do an even worse job trying to replicate it.",2.5
"You will ever be a chad
Thats why we love dog knots leafsis",1.0
Ai art atleast always has a weird gloss or unnatural feel too it,3.5
"Why are you squealing tho, subhuman faggot bitch?",1.5
At this point you'd have to be brain damaged if you are an attractive woman that refuses to open an OF.,3.5
What i like about onlyfans is ethots are making millions while even the most successful pornstars of yesterday like Jenna Jameson and Sophie Gray didn't come close to that despite getting their assholes reamed out 5 days a week for years,2.7
Our ancestors were pedos by your logic.,2.5
"Based
Day of the gooner cums. The matriarchy will rise",1.0
Children look up to adults as behavioral models. What’s so complicated? If you say it’s immoral then it’s immoral for adults to do it. If you say it’s OK for adults to do it but not kids then they view adults as hypocrites and rightly so. That’s why role models are so powerful and bullshit takes the bus.,1.0
"Yes, they were",2.0
Only your dignity at first. Your soul is not sold outright at once but on the installment plan as the years grind away into oblivion.,1.0
"It's just niggers and brown children whose parents don't give a shit about them. Already human trash, nothing of value lost. In the ghetto these little nigger whores are already popping their pussies at 12 and bragging about it so OF is simply a logical next step for them.",2.5
"Especially girls
Women have no role models, are told they can do what they want and become want to become whores.
Shameful.",3.5
"The novelty will wear off. Lots of women join OF, earn nothing and nuke their ability to get a regular job.",3.5
"So the market is filtering out unattractive girls? Oh, what a surprise.",3.0
"Just dont put OF on your resume
Durrr",1.0
"LIL TAY
Is this a little girl that would flash wads of hundred dollar bills on camera a few years back?",1.5
"not only that, even some attractive girls realize in their first month that the job entails becoming a porn starlet for greasy creeps and don't come back after posting a couple bikini pics and being assaulted by a mudslide of jeets",2.5
This.. unless you are applying for a porn job. I hear ayyys are into probing. Might get a job on Mars during WWIII. Everyone say weeeeeee,3.5
Same here. The economy could be healed within 24 hours if Age of Consent was lowered. Why hasn't Congress capitalize on this yet?,3.5
Checked kekd recked,INVALID
"Yes, tween is below 13 years old, but teen technically refers to anyone ten years old and above mathematically speaking. For example, thirteen refers to someone who is 3+ 10 years old. Fourteen refers to someone who is 4+10 years old. Therefore it follows that twelve is someone who is 2+10 years old and eleven is someone who is 1 +10 years old. Yes these ladder two categories, eleven and twelve, are missing the word “teen”, but they still refer to people who are above 10 years old. This is a carryover from Proto Germanic, a precursor to English, where 10 and 11 had distinct names. So linguistically ages 13 through 19 are technically teenagers but mathematically it’s really 11 through 19. Possibly including the number 10 as well since the number 10 is the base for teen.",3.5
The Taliban knew... this why they fought so hard against amerifat amerigolems,3.5
"consent and porn laws arw different, no?",1.5
Well,INVALID
"UK flag
This is a glownigger trying to justify the Online Safety Act, everyone should spit on him.",4.0
"First of all, Japan changed their national AOC because of fags like you crying. Second, the AOC in every prefecture was already 16 with the AOC where Tokyo is located being 18.",2.0
"every boomer things the solution to this is to promote christcuckery.
how is the 'turn the other cheek', 'everyone is equal' religion supposed to fix anything?",3.5
"Because under Nip law, you have to have a fuzzy pussy or cock when you do the porn.",1.0
"Sometimes I feel like a smol smelly Somali contracting salmonella searing salmon seasoning some Sampson Option contracting with Samsung at some auction for Sandisk Seance ghosts concoction...
Other times I doubt A.I. would be as entertaining.
Part of the issue with boomers reflects a metaphor for modern women's perception of ubiquitous opportunity in selecting men with the advent of internet accessibility.
In the past generations, people simply accepted life as it is on lifes terms. They accepted the cycle. They accepted the institutions and authorities.
Now every KNOWS:
We may be the first generation to live much longer lives.
We look younger than prior generations.
We will experience a completely different social norms.
What we lack in money we compensate for perceived possibility.
Nobody is buying the old carrot on a stick.
People are questioning why the rules are the way they are.
Understand these points and you will better understand the motivations of people that do things like spread their bussy for the internet for free.
We don't buy into the boomer's sense of spirituality, morality, or sense of submission to institutional power.
More succinctly put, the rebellious teenager has grown up and realized they were right. The adults all over the world fucked everything up.",2.5
has someone informed the irs yet?,2.5
"If you say it’s immoral then it’s immoral for adults to do it
Your terms are acceptable.",1.0
Dumb retards in this thread thinking the article is talking about literal 12-year olds starting OnlyFans at their current age.,2.0
bbbbbbbbaaaaaaaaased!,1.5
being high IQ is realizing that societies stigmas are just made up by insecure unhappy men and you can over-power your feelings of shame to make bank.,1.5
Hole detected,1.5
being that high IQ it's an obvious choice to go into porn and make millions fast. women can easily become unrecognizable and live somewhere far away enjoying their wealth.,2.5
Correct.,1.0
"make bank
no self respecting man wants a serious relationship with you
hypergamy means you with settle for the simps who would have you
buy 50 cats
die alone in your apartment
eaten by cats before authorities find your corpse
many such cases",1.0
"Spain
Isn't age of consent 14 there?",3.5
"she's married twice and has 3 children
Try again, chud.",3.0
"self respecting man
Strawman. If a man is not self respecting then it does not even factor into the equation. You are punching air. You also lack nuance. There is a difference between doing recorded sexual acts with your husband verses fucking tens to hundreds of random men. I would absolutely have no problem dating an OF girl if she never fucked any of them.",1.0
Hard to argue with. If you can make a million dollars in a week by posting a video of you wearing more clothes than most girls wear outside then why wouldn't you. I will never earn that much in my life and that isn't even a lot of money in lifetime earnings anymore.,1.5
"/thread
This is pure concern trolling gossip",1.5
"Why don't Jap girls do OnlyFans (presumably OF not allowed, but a new Jap competitor)
They do!
Underage ""Idols"" are a thing there, and millions of Japanese school girls date adult men for money.",1.5
"THEY MAKE MONEY DOOOOEEEE
So do drug dealers
They still deserve to be executed",3.5
How easy is it to get one?,1.5
"Once, to an adult film director.
The second time, to a nutritionist and an author that died in a car crash.
I wonder how her kids deal with the gossip about her mother being a former porn star.",1.0
You need to go to prison,1.0
"You load sixteen tons, what do you get?
Another day older and deeper in debt
Saint Peter, don't you call me, 'cause I can't go
I owe my soul to the company store",3.5
Who seriously pays for onlyfans? Did we even manage to get a proper chart of the clients using that service and their ethnicity?,2.5
Where can I talk to a 12 year old who is into onlyfans,2.5
that or be fat and ugly while working at fast food restaurants,3.5
"This is the real issue.
Society has absofuckinglutely nothing to offer Gen Alpha and the older ones are aware of it.
You can either take dick for a living, die for Israel, or some menial bullshit that contributes to the obesity epidemic. Enjoy your McLife. Maybe if 10 of them all be roommates they can afford a 1 bedroom apartment.",INVALID
"There are some small time porn stars I wouldn't mind paying for because I think excellence in brains, bronze, and beauty should always be celebrated... however from a business standpoint I would not break even if I spent more than $3.50 per year in accordance with my first post in this thread.
Kiyana is super cute. Getting a little chubby but them Filipinos wear it well. Love than light brown smooth skin. A bit naive and of course leftist but he's a good guy/gal whatever.",1.7
"McLife
Lmao",1.5
I would literally pay money to watch this. Legally of course.,1.0
"I would absolutely have no problem dating an OF girl if she never fucked any of them.
sure buddy, whatever you say...",1.7
"I would literally pay money to watch this, legally of course.",1.5
"teen
12
huh?!",INVALID
"hollywood has been decentralized.
its never been easier for people to become ""actors"" ""influences"" or ""models""
before OF. most western kids wanted to be youtube streamers.
This just says that westerns are drunk on their own media.
again too much CIA NSA kool-aide.
too bad its only people who join the military have any chance of making it in e-whoring these days.",3.5
"Am I wrong?
Any idea you come up with is already owned by some kike that is ready to live off of the royalties.",1.0
12 is to old for Brits?,1.0
"You can either take dick for a living, die for Israel, or some menial bullshit
The females could save themselves for marriage, submit to an older man who's already established with a career and a house, make babies and be a stay at home mom.
But that's not as strong and empowering as being an OF whore... They gotta be strong and empowered you know, it's current year after all...",1.5
"Nah, went up from 13 to 16 years ago.
Also this country is an ultra feminist hellhole, of course they'll see OF as empowering for women. At the same time, if that 18 y.o girl decided to marry an older man and start a family they'd be all screeching.
Such is life in this matriarchy. I swear men here are the most pussywhipped in the planet.",1.0
So? Nothing is as soul crushing as wageslaving all your life away,1.5
Britain is a Sharia Law country. Muhammad consummated his marriage with Aisha when she was nine.,INVALID
"12 year old teen
Non-Germanics are such subhumans.",1.5
Holy fucking shit didn't knew a develiped country offered that much,3.5
Honest question what is the correct way to describe a person who is 12 year old.,INVALID
"do i have to explain it to you? ""TEEN"" refers to the number, ie, thirTEEN, fourTEEN, fifTEEN etc, there is no such thing as twelveteen, no twelve year old is a teenager, the journo is fucking retarded",1.5
"I'm not disagreeing at all. It's just the way you said it had the right mixture of humor, pessimism, realism and timing in the word. You could have delivered that in a podcast.",1.5
"I just made another thread on the subject of unemployment. But I get why.
To those who aren't complete neets, you know those jobs you got at age 18-22?
They don't exist now or will not exist soon. What the fuck are zoomers etc supposed to do now?",1.0
Twelve year old. Or pre-teen. Third option if you're a redditor: tween.,2.5
"uh, child",1.5
I HATE NUPOL NO ONE COMMENTED ON THIS BECAUSE EDITING IS DEAD,1.5
"OF sucks, it's all solo garbage filmed with iphones and webcames. Professional porn may have a weird obsession with anal I don't quite understand but at least they have real cameras and the girls actually get fucked.",3.0
"Same as sports, actors, influencers, etc they see people make large sums of money doing something they think requires little work while ignoring the stadiums of failures and the 20 hour work days by those that are succesful.",2.0
"Not true, banning things on the Internet or age-verification are in my opinion band-aids on the bursting dam that is the actual problem - the moral degeneration of society.
When children are being groomed online, no one asks themselves the question why a 12-year-old is emboldened to send pictures of their naked body to a stranger in the first place. Where did they get the idea? Because society says it's okay, not only that, but a viable career choice. ""Respect sex workers"", ""don't slut shame"" and we wonder why young girls can't wait to be whores at the earliest opportunity.",3.5
"Oh makes sense takes anon didn't knew that, sorry for bothering you i am not a nigger I am just retarded tuat's what I wanted to know
Didn't knew people under 12 were childs. Either way thanks for answering my question",1.0
You are a simp and someone should kill you.,1.5
"Oh I forgot aboutbthe word pre teeen. Thanks anon you helped me a lot.
tween
Kek",1.5
No I seriously want to marry someone that makes porn with me as a hobby. Nonchalant. It's what enlightened beings do when they see through society. I literally just uploaded 4 new porn videos that will release over the course of a month on a set schedule. I have almost 100 videos and 700 photos. Minimal editing and photoshop. Very down to earth imperfect. I record one for 20 to 30 minutes and break it up to make 6 to 9 videos. Upload and release over time. Total of maybe 5 hours labor for 2 months of content. Rinse and repeat. Build up a library and make money passively from gooners jerking to my bussy. How's that for a side hustle?,2.3
"Professional porn may have a weird obsession with anal I don't quite understand
Jews.",3.5
You are so dumb with the German scat nonsense. Allies made that up to make Germans look bad. Fuck you.,2.5
Reminder that the overwhelming majority of CSAM is self-produced by very young children using their very own camera phones.,1.5
Women shouldn't work anyway.,3.5
Then tell me what's the most deranged porn because that's what e-thots will be doing soon,2.5
I dunno man I've stumbled across some weird diaper fetish porn from Germany... never from other countries...,2.5
"Amen.
Roasties wouldn't make a penny the day after they let 12 year olds sign up",1.5
"Why was this posted twice just to capitalize the L in ""legally""? Anon are you a boat?",1.0
"There would probably be a self limiting aspect to this as gooners would feel that the parents would be the soul benefactor should society go down this path. The only viable alternative would be something like this anon said.
Regardless, I don't think it's a good idea to commercialize it even if it was legal. At the very minimum there should be acknowledgement of this sentiment despite how misguided it is. Unlike A.I. waifus, tweens are very much sentient with very real sex drives and there are far too many stalkers in the real world for this to ever work so long as the neocortex of the average member of this species remains so abysmally under developed.
What society needs to learn from OP is that the youth are paying attention. They are taking note. They are considering options and their replies to your questions may surprise the adults who cannot seem to remember being that age.",2.5
"a woman made 1 million dollars in 24 hours on her 18th birthday
of course they see this as appealing",1.0
"We're coming full circle. From the 1800's were women were being married off at 12, to pretending it's a bad thing, to wanting to ""gain their independence"", to going back to wanting to be objectified by 12 and not wanting to work. Next step is wanting to be married off by 12 to pursue an online career while being housewives.",3.5
I can tell you voted for Trump in 2024,2.5
"When Republicans told me it's this and trans children or a free and open internet, I realized I don't give a fuck about kids we should sacrifice them all to Moloch if a free and open internet is the price of destroying them I'm not only purposely leftist now I feel like George Soros had good ideas you christcucks can shove your collective shout up your asshole and your useless children can get swept away by tidal waves the free and open internet and the porn are worth it you dirty scummy useless skibbidy goyim trash.",4.0
Oh if only there was a scenario that justified making this a viable option instead of relativist retards acting like it's already as accepted as their minds think,3.5
OF whores use AI chatbots to make you think it's them talking to you. They are already ahead of the curve.,3.5
"It's too late
They tried testing that and got spooked, now they're choosing a different hill to die on, one that mixes blood sacrifice with a puritan fear of blood imagery, to create a youth-obsessed death cult",1.5
"Yep. And she just made a million for non nude photos. You'll find it all leaked already. Not even nipples, just regular pics.",1.0
"christcucks are so dumb lol
The cult will fail people hate them. They already have a huge generation of corrupted youth can't turn the clock back and pretend rabbi yeshua matters now.",2.5
They are legit going to start allowing under 18 girls to whore themselves online. It'll start with 16-17. Clown world.,2.0
"You just gave me an idea. Thanks. I loath interacting on the site I post my porn videos to because they have no app and I receive a lot of retarded messages that should probably be replied to by AI.
Thank you so much.
I am also now learning about bots and perceived scraping by Google despite not using Google. Learning about the implied infrastructure. The universe is revealing itself to me despite thinking its punishing me ;)
Thank you so much XOXO.",1.5
"teens
as young as 12
fucking pedo kike faggot, kys OP.
New fags, tilt your cell to side, click ""file"" to see graphic clearly.
EyeNoseJewsAreEvil",2.5
jeets don't mind these conditions,3.5
"They're still going to pretend even if they have no time
The cult is not failing, it's gaining support, it's already infected the top down, it's why so many nations are attempting to consolidate their data",2.5
"If you are appalled by it, then what are you willing to do about it?
Obviously, the powers that be are letting the company openly psyop young teens, which means they aren't that bothere by it and they don't do shit about it.",1.5
"srs ?
could I FUKK my wife live on OF and make $$$$",2.5
"They aren't even offering dick as an option now you slowpokes.
Not even a global economic collapse would make them consider letting kids become the new sluts, breeders, and consumers",3.5
That'd be my dream job just loving my wife and making bank.,1.5
Then don't call yourself a libertarian. You're just a broke bum that can't pay his taxes.,1.5
A huge amount of work nowadays is just jewish nonsense anyway. I'd argue the onlyfans whores are producing more objective value.,3.5
This has serious echoes of post Soviet Union states during the Yeltsin reign. The West is speed running its own collapse.,4.0
Yes and no. Yes in spirit by keeping mens instinct alive and well but no in the sense that jerking off to pixels is wholly unproductive. I suppose it's like training for war during peactime.,1.0
"bust your ass for mr shekelstein so you can barely afford to live
sell some pics on the internet and make enough money for a lifetime in a few months
Tough choice",1.5
Instant millionaire because who doesn't want to see a prime 12 year old body asshole and pussy. Have you ever smelled a tweens pussy? It's heaven for a reason,2.5
I think it has more to do with their stalkers before eve turning 18... Don't think I won't call you out in this.,2.5
This is men’s fault. They create the enormous demand for smut.,2.5
"I bet. Shows how stupid they are. They will be hated, mass rejected because their top down rule is inorganic everyone could tell with how he treated the Epstein files. Their one party system has never been more obvious class warfare needs a reawakening.",2.5
You deserve physical castration.,INVALID
"The bottom 99,9% of OnlyFans content creators don't earn enough money to replace a full time job.
Naturally women are bad at math.",3.5
Just awful,1.0
Me when I see stalkers,1.5
More like 98% but yeah pretty much spot on. Makes no business sense to sell nudes unless you are a legit exhibitionist. Not too different from literal art. An artistic life has traditionally been a life of poverty. Never go full retard. Always have a real job.,3.5
"The only way to defeat boomers and billionaires and redistribute the wealth desu
boomers
You spelled Jews wrong.
The entire generational warfare shit to redirect blame on to boomers/genx/millenials/zoomers/etc instead of the very few wealthy people controlling the economy is 100% a kiked psyop.",3.5
I would spit your neck open just enough for you to die slow while o raped your children to death then I would dig up your parents corpses and crush their bones just to shit on you. YOU deserve to die it would be a privilege and an honor to end your worthless rat ass,1.0
Seems likely.,INVALID
I hope your children turn into anal loving Crack whores that take nigger cock all day,1.5
"12 year old think winning the lotto is an appealing alternative to traditional work
WELL IF 12 YEAR OLDS THINK SO!",2.5
Chill the fuck out nigger.,1.5
All women want to be whores. What they mean by freedom is actually free license to do whatever they please.,4.0
"Just bring out OnlyFans4Kids already. Stop beating around the bush, we all know it's coming.",1.5
"we all know it's coming
Especially if Muslims keep taking over. It's inevitable. I'm not a fan of fanatical Muslims btw. Ugly barbarians. Ugliness should not be celebrated. It should be genocided.",2.5
"Females are born whores
Many such cases!",4.0
A violent pederast. I bet you vote right.,1.5
Made whores first by shitty fathers and then by men who promise and deliver easy money.,2.0
"No one is jealous of whores, you retarded faggot. They're ruining their lives, and sure, they might be getting paid, but money isn't going to save them from that mental pain down the road. They will most likely become drug addicts and overdose. Many such cases.",3.5
Epstein cases. Trump should release them. YOLO.,1.5
"ruining their lives
only the mentally unstable ruin their lives regardless of their occupation.
Seriously.",2.0
"No one wants to listen to a pornstar talk, get real.",1.0
"Except for gooners... which overwhelmingly outnumber western morality..
You are fighting an uphill battle against nature itself. No higher mind can supercede it. Just give up.",1.0
"Yeah, many are raised by single mothers and have no father in their life, so they end up becoming whores to fill a void, or because their mother was a whore, so the cycle repeats.
Whore see, whore do.",3.5
"No, I'd say it's because there are so many women on there and they're all competing against each other. Only whores with already established popularity will make more than the others. But in actuality, it's all jewish propaganda designed to ruin young women.",2.5
"women decide if they want to be whores by the age of 12-13
the hormonal cocktail being induced into them is very strong, we call it the anti baby pill, not just the pill.
its not literally anti baby, its anti human because it turns women into something else and retards thinks its no big deal when all women go insane...
its a big deal and i refuse to downplay any of it!",2.5
"No, the only ones who don't hate them are the christcucks.",3.5
"Except you holes do it not just for money, but also for men's attention, men you claim to hate, because you're trying to make up for that lack of a father figure in your life. Don't worry, I got you bitches all figured out.",1.0
"women get the pill= go insane
men get their dicks cut off= go insane
the people who are affected might want to deny it but its all obvious.",3.5
"What is, 80% of only whores make less than $200 a month?
What a great career opportunity.",3.5
"Just give up.
Never. Even if I'm the last retard standing, I shall fight.",1.0
"I am only interest in AI because even if the biocunt passes as female, knowing she was already a high mileage whore at 18 makes my dick wither.
Meanwhile, even realistic looking AI comes off as 3DCG because I know she didn't take six gorillion dicks before bouncing on mine like one of those fucking playshape videos.",1.0
Wasn't responding to your ID,1.5
"thanks you
ESL nigger detected",1.5
"12 year olds start opening onlyfans
all the 18+ e-whores INSTANTLY lose a giant portion of their market share overnight
pearl-clutching retards lose their shit how much people would rather see teens nekkid
society heals",1.5
Seems likely. Just saying. The world literally runs on blackmail. There is overwhelming evidence that what you say would be the case.,4.0
"Fefail does fefail things
Blame the nearest man
Continue seething that enables fefail doubles down on the derp
All tradcucks must be exterminated and all fefails must be replaced.",1.5
true,INVALID
"souls don't exist, retard
some of us have a sense of self worth that isn't ties to how others (retards) view us
YOU humiliate yourself by giving a shit what others think of you
YOU give yourself the black mark by imposing limits on yourself",1.0
Unfathomably based ancient lore knower,3.5
"There is Gena, he takes it in the ass",1.0
you don't even know what it is then,1.0
"Donald Trump or Epstein, is that you?",2.5
so your saying I can kill anyone who hurts any Christian? so thats even more based,1.0
"(((Allies))) made that up to make Germans look bad.
Yeah, they do that",3.0
Imagine a world where working a regular job cam fulfill your needs. Any other option resorts to base instinct.,4.0
Correct,1.0
Anyone being surprised at this is a midwit,2.0
The Jews were right about white people.,3.5
Isnt it funny how youranonnews was actually working with project 2025,1.0
Funny I think the Nazis were right about jews.,3.5
Is that the house where they cure incles?,INVALID
Who wants to bet a jew finances this commune of sexual degeneracy ?,1.5
Hot,1.5
I hate sexhavers so much its unreal.,3.5
"those are the jews, organized by jews and most here are jews.",3.5
It really felt like a Jewish production all the way through.,1.5
"And the people of Israel did what was evil in the sight of the Lord and served the Baals. And they abandoned the Lord, the God of their fathers, who had brought them out of the land of Egypt. They went after other gods, from among the gods of the peoples who were around them, and bowed down to them. And they provoked the Lord to anger. They abandoned the Lord and served the Baals and the Ashtaroth. So the anger of the Lord was kindled against Israel, and he gave them over to plunderers, who plundered them. And he sold them into the hand of their surrounding enemies, so that they could no longer withstand their enemies. Whenever they marched out, the hand of the Lord was against them for harm, as the Lord had warned, and as the Lord had sworn to them. And they were in terrible distress.
Foreigners who live in your land will gain more and more power, while you gradually lose yours. They will have money to lend you, but you will have none to lend them. In the end they will be your rulers.
The Lord has done what he purposed; he has carried out his word, which he commanded long ago; he has thrown down without pity; he has made the enemy rejoice over you and exalted the might of your foes.",3.5
White liberals are the devil.,2.5
Temu eyes wide shot party,2.5
Jesus. Wasn't this the plot to Salo?,1.0
"Throw poison into a well of water
My fellow goyim, I was right about the well of water being shit.",1.0
"Anytime I think I live a degenerate lifestyle, I see shit like this and somehow I'm practically a chaste conservative.",1.5
"I see Brittany Bardot, Claudia Macc, Lydia Black, Nela Decker, Mini Mitzi X, Tabitha Poison. Is this what the prague porn scene is turning into now that Legalporno is gone?",1.0
I bet theyre all drugged up. You dont want post nut clarity while being there,2.0
Ok but the hairy chick with the PHAT clit was hot,1.5
"What % of those people are jews?
I wonder how close this is to actual Sodom & Gomorrah",2.0
What makes people do this? I just cant get the appeal to it since im not a normalfag who is obssessed about sex. I mean im still a degenerate but not even remotely close to this level,4.0
"This is Aislop™, mouth breathing retards.",1.5
Demons.,INVALID
AIDS speedrun any %,1.5
Brb on my way to Czechia,1.0
"all this breeding
not a single child born",INVALID
"wtf is that?! that's the grossest shit I've ever seen, but I won't shame whites, i know a lot of degenerates here. We need to purge the entire west.",4.0
Id go to that and meet my future wife.,1.0
"This video is old, it's been posted here before",2.5
"What % of those people are jews?
Came to ask this.
Some of the """"""""""""""""people"""""""""""""""" in that webm are text book kikes.",3.5
"I know for a fact retarded sheltered eurocucks see nothing wrong with this shit
I seriously hope every fucking degenerate subhuman there dies a horrible death",2.5
Normalfags don't like this shit either. Even most degenerates don't like this. I work in the sex industry and this stuff is disgusting to me. This is brain damage from years of pills and meth.,3.0
This is how I imagine Slanesh cults in 40K.,1.0
I would do it. nu-internet is so vanilla.,1.0
That's just mental asylum.,INVALID
"room 12.teens
MOOOODS",1.5
God bless,1.5
How fucked up is the porn industry? Since im assuming you probably have seen some pretty fucked things,2.5
"In a just society, the participants would be locked up in asylums and the organizers shot",2.0
maybe if you had sex the birthrates wouldn't be so low,1.5
"memeflag
kikes with a J instead of a j
you're not fooling anyone scholmo.
parasitic vermin.",INVALID
"Also picrel, it's a kike event as parcel.
OP is a literal kike.",1.5
"people just living in the moment.
enjoying each other.
with consent.
I wish I could plan something like this.
i wonder how much you have to pay for a ticket.",1.5
Would If i was allowed to be first,1.5
"What % of those people are jews?
I wonder how close this is to actual Sodom & Gomorrah
Mini Mitzi X sets of my jewdar.",2.5
those are just trad slavs its normal behavior.,2.5
Tumor in his balls?,1.0
"Every race has their overmen and undermen.
These whites will never cause world wide disasters with their actions.
Jews on the other hand...",3.5
God bless you as well my friend,1.5
There's Czech written there. It's probably some porno. Don't beat yourself up for some porn video.,2.5
How do I become a jew to attend this,1.0
Looks like a normal weekend at the Frat House,1.0
I was wondering about that too. Whats up with his balls yo,1.0
THIS NIGGA IS PONDERING SOME OLD GUYS BALLS,1.0
"1/ This is the least erotic/arousing thing I've ever seen in my life and I have a relatively high sex drive. Absolutely disgusting and a vector for every venereal disease known to man.
2/ Jews encourage this type of filth and are overrepresented per capita in it's promotion and indulgence therein eg Weimar Berlin and modern porn.",1.0
Thank incels for it. Who do you think is paying these whores?,1.5
"Are you really any better than the simps who give ewhores money if you endlessly obsess about that transaction?
(Free advertising for the ewhores BTW)",2.5
"Who do you think is paying these whores?
Gee, I wonder.",1.0
Incels. As we've already established. Normal people don't subscribe and jack off to this shit. This is incel shit.,3.5
She's going to waste all that money in stupid shit and complain later she can't get a job,1.0
"The majority of paypigs on OF are married men. Aka men dumb enough to pay for women via betabuxxing. Why would any incel pay to talk to a roastie when AI gfs exist?
Read nigga
psychologytoday.com/us/blog/dinner-party-smart/202308/men-subscribing-to-onlyfans-are-not-who-you-might-think",2.5
I have never and I will never pay for porn.,1.5
"half a million dollars to send messages
What the fuck is wrong with simps",1.5
"I genuinely don't get it, might as well pay for an expensive escort, at least you'll get to fuck an actual pussy instead of reading a chatGPT generated reply dick in hand",1.5
its boomers. they are the ones with all the disposable income and dumb enough to pay for something you can see for free,3.5
It's married men (aka betabuxxers). They are used to paying for their fat whore wives to talk to them so why not pay an e-girl?,2.0
Males under the age of 35 should be fucking gassed.,3.0
"No it’s not, it’s married male zoomers actually. Go look at the stats, most onlycucks simps are late 20s male married. And 25% of them are subbed to MALE (gay!) content…",3.1
Hot girls reserve money,3.5
Deserve,1.0
"I don't understand the appeal of OF when there is unlimited porn on the internet. It is genuinely some sort of parasocial thing where people with no experience in life want to pretend a girl on the internet is talking to them, when in fact they're just getting the same AI generated spam reply all of the other paypiggies get.
OF is a prime example that, yes, most of humanity is cattle and they should be enslaved.",3.5
Shitskins are the biggest coomers too.,3.5
"but Kama-san
is she attractive?",1.0
"This, stats revealed exactly who the simps are. It’s married late 20s yuppy faggot male feminists. AKA tech sois.",2.5
"yeah the economy is busted
it's finished that crap don't last the end of the decade 100% sure
they better enjoy it while it last because extreme violence is coming",4.0
Jeets and Saudis,INVALID
A lot of it is money laundering.,3.5
"END OF THE WEST
Good, hopefully everything burns and something new comes about.",INVALID
"Kinda makes sense when you think about it, lots of guys not getting everything they want out of the relationship, but also not willing to end it and go back into the nightmare modern dating market over it. I've been there myself, not paying for stuff but I definitely looked at porn while I was with my ex, and she was hot too, just not always horny when I was and not into some of the stuff I was really into.",2.5
"under capitalism, random untalented people have the ability to profit millions in a few hours if they market themselves correctly
Why is opportunity bad?
...well, i-it just is ok?",1.5
"It's an addiction and a disease, it is not their faults, they are victims and need help (both the women falling for this and the men entrapped in it)",3.5
"I think it can depend on how niche your taste is. If you're really into something specific it can be pretty hard to find good material. There are videos and pictures I've fapped to dozens of times over the years because they're pretty much the only ones I've ever been able to find, and if I could pay a reasonable amount to get new stuff in that exact niche on a regular I'd probably do it.",1.5
"Well now that they paid, I would like to see the evidence to judge for my self, is someone going to post the gash or we're just promoting this ho?",2.5
"Someone is already famous
Sells their nudes
Makes money
Why is this shocking or anything? Like, pretty much all of these instant-rich people were already actually rich and famous for something else.
Average onlyfans income is like 200 a month.",3.5
I am in to girls creampie swapping and you definitely have to pay for that unless you can find 2 hot freaks willing to do it for free,1.0
"Who the fuck cares about what weak men do with their money?
Let'em waste it. What's the fucking issue?",3.5
this bitch is uggo as fuck wtf,1.0
"blaming incels, the victim of this
not boomers funding this
Fuck you",2.5
"look at how big the number on the screen got!
Financial security is nice and all, but chasing fiat debt notes can't bring lasting contentment, and behind each donation is a person enslaved by their vices whether they are aware of it or not. Seek out eternal treasure that won't disappear when the power goes out or get seized by the state when an aneurysm or pulmonary embolism takes you out in your 30's.",1.0
I hope this country falls for the sake of the rest of humanity,4.0
And nonwhites,3.5
jeets and arabs,INVALID
Atheists,3.5
"It's depressing, but fuck, it's their money to waste. A pity her tax rate is so low.",1.0
Rent is overdue btw,1.5
"Honestly makes sense, I work with a Gen x retard who left his wife and kids because he thought he was going to marry some OF chick he was sending money to. He runs around calling everyone losers too.",2.5
"money doesn't buy happiness
It sure helps. When you don't have to worry about putting food on the table, you have more time to devote to figuring out what real happiness is.",4.0
"White """"people"""" are pathetic.",2.5
"I said contentment not happiness. Stress due to lack of material provision can be relieved by money, but there are also plenty of people out there who make plenty to cover basic expenses but want a much more lavish lifestyle and live as debt slaves because of it. The pursuit of happiness is a fool's errand because it is largely just your mindset of your reality minus your expectations.",2.5
"Complete cope. Why do you feel the need to convince yourself there aren't hoards of men out there willing to give money to women simply for existing? The real black pill is that there is nothing sinister or illegal going on with Only Fans, it really is just men are fucking pathetic.",2.0
"We’re a bunch of stupid monkey people anon, if you weren’t autistic you would fall for it too because it’s a biological compulsion. Incel autists simply lack the social programming to be triggered",2.0
The west ended in 1945 dumbass,3.0
"An enterprising 15 year old girl could set up a darknet porn site and monero addresses, and sell herself and easily break a million in a year.
Please teenie honey, if you're out there, make a personal darknet OF I will so pay.",1.0
But that's the equivalent of only like 25k for a normal person. A whore with that kind of money will just blow it all on uber eats and OD on drugs. Corporations and cartels are the real winners of all that cash.,3.7
up,1.5
Old millennial men and boomers. The kind of men who get divorced and immediately hop into a new marriage.,2.5
Why would an incel waste his money on this shit? Why would anyone? Porn is free and widespread. Why would anyone pay to see a naked woman who isn't in the same room as them? I'm guessing it's jeets.,1.5
Find whoever funds this shit and castrate and hang them publically,2.5
"Ah yes , no one has ever been attracted to barely legal women before. This is entirely a new phenomenon.",1.0
"lol, no. it's literally indians. like you. keep trying tho, fuckin ramshieet.",2.5
"If you believe this is real, you need to stick a gun in your mouth and pull the trigger.",1.0
"Because the international customer base of OnlyFans is attracted to and simps for a woman who just turned 18, you want the entire United States to collapse?",2.5
"Looks and money will be gone by age 28. If she does not OD before then, she will be either a groomer to keep the system going, or a waitress at Denny's.",1.0
I have a theory that the majority comes from Jews that want to encourage this behaviour. The 2nd biggest donors are jeets,3.5
"""You deserve it."" - every teenage boy's feelings when they have a crush.",1.5
"just bikini pictures
People are paying her for instagram tier pics
America delenda est",1.5
"talk about the west collapsing
use the term ""cooked""
Fucking gay ass retards, everybody. Should I just join the Illuminati globalists?",3.5
"We will recover
It's just that many many people will die",2.5
"You're acting like it's the first time in history there has been a rich whore. It's not unusual. Just be aware she will eventually come to regret it as her youth fades away, as her beauty extinguishes with every wrinkle in her face. She will lose the admiration and the interest of her simps and with that her entire self-worth. Another slut will take her place and the cycle continues.",1.5
The only one sending a message is a jew jews. There are no real donations.,2.5
"Another bullshit onlyfans ad where they pretend to pay the bitch a ton of money.
If onlyfans whores were making as much money as they claim you'd see them owning jets and yachts, alas you don't.",2.0
Incels don't have money. It's married boomers.,3.0
"if i was jewish and had lots of money donated to me by christians via charity NGOs, i'd send onlyfans whores money too just to laugh at retarded goyim",1.0
"Some simps get off on it, as a form of control. Everyone needs some Jesus.",3.5
"This
Many of these degenerates end up broke and homeless. Truly sad. Speaks more about society.",3.5
Imagine paying for this butterface.,1.5
"based johns from 4trans are going to donate alot because she looks like a minor, thats their favourite^^",2.5
"70% of americans have onlywhores accounts
its basically just you shitheads and indians keeping this alive.
NOo NO NOO its everybody else but me
numbers are fake and rong
OMG I NEED TO INHALE MORE COPIUM
failbob",2.5
"Beta losers are getting fleeced
Based",2.5
"what the fuck is wrong with americans come here complaining about meriads of things that theyre actively keeping alive and sustained.
this is schizo shit.
STOP PUTTING THAT STICK INTO YOUR BIKE WHEEL YOU FUCKING IDIOT MORONS!
do i post my iq test before or after i stuck that stick into my wheel?????????",3.5
"you should post things like:
why are american such degenerates having 70% onlyfans?!
why are so many women having accounts on this whore app???
why are we as a whole the most degenerate idiots to ever exist on earth
NO YOU DONT ASK YOURSELF OF ANY OF THIS YOU POINT AT SOMEONE ELSE AS USUAL!!!!!!!!!!!!!
FUCKING AMERICAN PIGS!",1.5
Firewall India,1.0
"the first thing id go for is why the fuck do 70% of my fellow people use this shitty degenerate app.
this means 70% are degenerates. this is what this means.
i never had an onlyfans account and i dont know anyone who has one or ever talked about it. this is all american shit.",2.5
American culture wins again,3.5
remember the only whore simps are white men who are married,2.5
"HOW CAN YOU SIT HERE AND BLAME ANYONE BUT YOURSELVES FOR THIS SHIT!!!!!
WHAT THE FUCK IS YOUR PROBLEM AMERICAN PIGS!!!!!!!!!!!!!!!!!!!!!!!!!!!!!
UNINSTALL THE APP AND IT GOES AWAY!!!!!!!!!!!!!!!!!!!!!!!!!!!!!!!!!!!
no no no i need to cooom bro COOOMMM
FUCKING DEGENERATES!!!!!!!!!!!!!!",1.5
"100% tax on OF and all that money goes towards robot girlfriend research, or lobbying to repeal the 19th amendment.",3.5
PAKIS and Pajeets,2.0
SHUT THE FUCK UP UNINSTALL THE APP AND IT GOES AWAY HOW FUCKING RETARDED ARE YOU!!!!!!!!!!!!!!!!!!!!!!!!!!!!!!!!!!!!!!!!!!!!!!!!!!!,1.5
Incels don't pay for porn you fucking faggot.,2.5
you flood the whole globe with shit like this then complain about how some ghost made it all up to make you look bad you fucking degenerate pigs!,2.5
It’s not the fault of the woman selling photos of her naked body or the fault of the people paying for it. It’s the fault of society for not providing a job market that pays people enough so that they can afford a house and start a family.,4.0
"HOW FUCKING INSANE ARE AMERICANS.
ONLYWHORES IS YOUR INVENTION AND YOURE WORSHIPPING THIS DEGENERATE SHIT BECAUSE YOUUUUUUUUUUUUUUUUUUUUUUUU
AREEEEEEEEEEEEEEEEE
DEGENERATESSSSSSSSSSSSSSSSSSSSSSSSS",2.0
"you setup little children for you miss piggy wiggy nigger cock sucking contest. YOURE ALL FUCKING INSANE!!!!!!!!!!!!!!!!!!!!!!!
uh uhmmm mein drumpf mar a lago loli contests are not real bro
YOURE INSANE!!!!!!!!!!!!!!!!!!!",1.5
My exact same reaction,1.0
"If she wants to ruin her own reputation, and people want to pay for that, and both sides consent, I see no issue.",1.0
"thats so based of the drumpf liking little children. i like zhem too.
can i has more onlywhores fodder like the new one that looks like 12. oh wow now im really hard with my american limp dick.
GOOOOOOOOOOONNNNNNNNNNNNNNNNNNNNNNNNNNNNNNNNNNN
omg my neighbours are complaining, my i shouldnt scream
now you get raped you little slut",2.5
"Who pays for porn? I'm near 40, watched it near daily since 15 and have paid $25 total for porn. They produce so much free shit it's a struggle to see the same girl twice.",3.0
">>Seek out eternal treasure that won't disappear when the power goes out or get seized by the state when an aneurysm or pulmonary embolism takes you out in your 30's.
He's telling you to fucking have sex. Nothing else but a child doesn't get seized by the state (yet).",1.0
"be mutt
invent onlywhores for all the american whores
70% quickly sign up for this shit
mutt complain on 4trans about the shit that theyre doing themselves
OMG MY STICK LANDED IN MY BIKE WHEEL ALL ON ITS OWN!!!!!!!!!!!!!!!!
youre basically talking to niggers here, same intelligence. you were always right about the mutts.",1.0
Them are dudes are about to get ripped off. She doesnt strike me as a voyeur. I cant wait for the complaining. She will do bare minimum,2.5
"the reason islam and other religions mandated women to cover up wasn't to protect women, it was to protect societies from falling to the simping problem and matriarchy in general.",3.5
why do you drooling retards always butt into these threads like married dudes havent been going to whores forever? what money do incels even have? this shit isnt real retard,3.7
"the entire fucking board are just 1 digit iq mutts complaining about the stuck stick in their fucking bike wheel that chaim put there to make the crash. (not in reality. these retards do it all themselves)
this is not just. its just isnt. you cant demand justice like this. doesnt work like that.
a man would understand this, but most americans are women :3",1.0
"Sucks man. Hopefully North, South and East make it.",2.5
I reckon that hunter-gatherers on the tribal level were wrapped around the female finger bashing one anothers' heads in at all kinds of false accusations.,2.5
"off course the most gigantic degenerates of them all cry us many rivers now about how they get fucked over by everyone else but themselves.
what a shit show. you americans are pathetic and never hear one single voice of reason just more shit over shit.
stupid idiots.
this is why you attacked germany because were better than you. get fucked losers.",2.5
the jews will rip you fucking loser degenerates a new asshole and you will not like it. thats so based of them!,3.5
"Degenerate piece of shit Americans should not show their goyslop intelligence. If you don't have any, just keep it to yourself. The most cucked male generation ever to exist in human history — what a fucking waste of human capital. Peak slaves of capitalist elites. Don't fucking include us with you.",3.5
"I am regularly reminding anyone who talks about only fans ""girls"" that they are prostitutes. I especially remind the whores themselves. I try to make them feel as bad and guilty as possible. How they are activily taking part in the moral destruction of society, how they are luring young girls into prostitution, how they will be an old used up whore when her looks and money fade.
Never stop shaming them for what they are, for what they do and what they deserve.",2.5
They are trying to groom young women into whoring themselves out by promoting stories like this. The reality most of these women wont make any money. but they will have their humiliating images floating around forever.,2.5
The consequences of the first generation to not have a memory bank filled with real life sub 18 year old sex during high school,1.5
I don't even know who that is. Don't care.,1.5
married white men,2.5
"baby is born male
immediately gassed",1.5
Sounds like an epidemic of dead bedrooms. Assuming those stats are legit.,3.5
We might be speedrunning into the GREATEST economic depression and societal collapse if people spend more time on onlyfans than having their own families.,3.5
jeets,INVALID
"In the most recent fiscal year, users spent a total of $6.6 billion on OnlyFans. Of that, creators earned nearly $5.3 billion, with the platform retaining the remaining $1.3 billion. This represents a significant increase in both user spending and creator earnings compared to the previous year.
Here's a more detailed breakdown:
Total User Spending: $6.6 billion.
Creator Earnings: $5.3 billion.
OnlyFans Revenue: $1.3 billion.
Growth: User spending and creator earnings both increased compared to the previous year.
Revenue Distribution: OnlyFans retains 20% of the revenue from subscriptions, while creators keep 80%. However, non-subscription revenue, including tips and pay-per-view content, is now the platform's biggest revenue generator
In the most recent fiscal year, users spent a total of $6.6 billion on OnlyFans. Of that, creators earned nearly $5.3 billion, with the platform retaining the remaining $1.3 billion. This represents a significant increase in both user spending and creator earnings compared to the previous year.
Here's a more detailed breakdown:
Total User Spending: $6.6 billion.
Creator Earnings: $5.3 billion.
OnlyFans Revenue: $1.3 billion.
Growth: User spending and creator earnings both increased compared to the previous year.
Revenue Distribution: OnlyFans retains 20% of the revenue from subscriptions, while creators keep 80%. However, non-subscription revenue, including tips and pay-per-view content, is now the platform's biggest revenue generator
In the most recent fiscal year, users spent a total of $6.6 billion on OnlyFans. Of that, creators earned nearly $5.3 billion, with the platform retaining the remaining $1.3 billion. This represents a significant increase in both user spending and creator earnings compared to the previous year.
Here's a more detailed breakdown:
Total User Spending: $6.6 billion.
Creator Earnings: $5.3 billion.
OnlyFans Revenue: $1.3 billion.
Growth: User spending and creator earnings both increased",3.7
"Simps, not incels, anon. Incels hate women and refuse to give them a dime.",2.5
So it's like $1 to send her a message and there are a billion pajeets. It's just maths. She's a 50 cent whore at 18.,1.0
dead bedrooms are the standard. marriage is a scam,3.5
So it's like $1 to send her a message and there are a billion pajeets. It's just maths. She's a 50 cent whore at 18.,1.0
"If anything this should prove how absolutely fucking retarded age of consent laws are.
17 years, 364 days, 23 hours, 59 minutes, 59 seconds old
Ugh, wow, you fucking pedophile!
18 years old
YAAAAAAAS SLAY QUEEN TWERK THAT ASS FOR MILLIONS GURL",4.0
"Maybe it's just kikes pouring in money to corrupt everyone, make men hate women and make women like that unmarriable.",1.5
I hate them.,2.5
Why would anyone take a picture of a screen rather than a screenshot,1.0
"Clearly some people should be taxed more. If you're throwing money at an internet cunt, the government absolutely should take it and put it to better use.",3.5
you mean many white people will die? And replaced by Indians. You’re a fucking moron if you don’t see the game yet.,2.5
"Ugh, that face is below mid tier. What the fuck?",1.5
The way women spend if they made 40% of the money some of them claim they would have their own. All these claims are fucking bullshit especially the ones where they say they make $11 million a month that’s literally a quarter billion dollars in less than two years fuck that shit And then they have to share an apartment right,3.5
"She's ugly as sin, goddammit retards are paying for that shit?",1.5
Indians can’t keep shit alive. I worked for a company that expanded in India and they’re just fucking broke. Even with 2 billion people there they make shit. 99% of the people there have no disposable income and the ones that do don’t really spend that much.,3.5
"wasted enough money for today
kekkk",1.5
"She used to be gorgeous, now her face looks like melted candle wax.",1.0
"$1mil for some mid hoe
actually beliving this
OF is demoralisation propaganda",2.5
"$6.6 billion spent on OF
PER YEAR",3.5
The fuck is wrong with these women?,2.5
"It’s over
Theyve used money to destroy the west
It’s over",1.0
"As I expected, this thread is FULL of tradcucks making excuses for women.",3.5
AI porn should put a dent in these numbers. I'd rather the money go to the tech jews honestly.,1.0
Coordinated effort by the american government to restore faith in white women and it’s failing.,3.5
I'm convinced it's money laundering too. The kikes trick these young girls into thinking they can make bank on that site by promoting some already rich asset.,1.0
And the sad part is she will make so much more money on Onlyfans that she would with a PhD.,1.5
All women are fucking whores,1.0
"There's free whore photos and videos everywhere online, why do retards pay to see non nude, clothed photos of an ugly, annoying hapa?",1.5
"You fucking wish it was them. You piece of shit. Go talk to any stripper. They’re fucking cheap as fuck. No way they’re gonna be paying for only fans . These are the same fucking people who sneak in Mickey’s at a strip joint, cause they don’t wanna pay the bar.",2.7
"They pay to fuck them irl
A lot of girls end up meeting and marrying their top donors",2.5
"Indians
european (whites) and ther facination with indian man fucking their white woman lol
Listen cuckboi there is million videos of millions of white woman fucking every kind of race in every kind of ways for free on internet.
Why whould a sane person pay for that shit ?
around 80% of creator are american btw and 90% of then are woman and around 90 % of those woman are white .
If 1 is every 5 young beautifull white girl is selling their body online it says more about white culture dont you think ?",3.7
"They really milk it and get the girls to guess who the top donor is and build is up and everything
Then when they finally meet theres so much tension that they end up fucking
Youre not just paying to see her tit photos
You are paying them millions so that they fly to your house and suck your dick in real life",3.0
"This guy paid $60,000 for a nigger
He bought her
Like meat",1.5
"Here she is with her $60,000
This happens all the time
You pay women to become your wife
This is what’s happening in 2025",1.0
"white want indian man spend there disposible income on naked white girls
No thanks lol",2.5
This thread has been pruned or deleted.,1.0
"A lot of girls end up meeting and marrying their top donors.
You don't have to spend a fortune to get a hot girl.",2.5
"Simps get the rope, no exceptions. Turning a hoe into a housewife, disgusting. They're dumb enough to think they have these bitches locked in with their money, but the bitch isn't going to be faithful.",2.5
"You pay women to become your wife
so same as it always has been, except this time the jew who runs onlyfans gets a fat cut",2.5
"ts is just ragebait
shes tryna be relevant",4.0
Come on birb. /pol/ is full of tradcucks who worship women and you think we have a chance against simps? Lets get real here.,2.5
"Men are the problem
Our gender is a fucking disgrace.",3.5
War is war.,4.0
how do we know the subs are not fake bank accounts set up as a hybrid welfare/social engineering advertising campaign?,2.5
._.,INVALID
"Has anyone considered that only fans makes no sense, who is actually paying for this when porn is free? It seems like it may be funded by Jews to democracy people",3.5
The vast majority of girls will not get comfortable payouts or even become wealthy. They'll just have shown their pussy to the internet for nothing.,3.5
it’s reaching new levels of clown world,4.0
"who is actually paying for this
Hmm? Oh, so rich trust fund elite kikes who run society and have billions of dollars they don’t know what to do with are paying whites to self annihilate and remove themselves from the gene pool.
It is fairly standard practice when you have billions of dollars to just spend it on hot girls when you are bored.",3.5
How did she earn 1 million. This doesn't even deserve $20,1.0
"onlyfans girls collectively earn in excess of five billion US dollars every year
Just how it is",3.0
"No, it makes perfect sense. The jews want to turn all young women into whores to further destroy society, especially the White race. Porn has always been a weapon against men, just as feminism has been a weapon against women. But its come full circle, now being a whore is seen as being feminist.",3.5
"based. Porn wasnt working, they became desperate and flat out just started using money to manipulate people",3.0
"This is such fucking cope. I bet less than 5% of them ever get their dick wet and even if they did, they could've blown their load in a prozzie hotter than these mid OF bitches 600 times instead of dropping 60k.",2.7
"shhh, you're thinking too much",1.0
"sex sells
Wow, fascinating. Next, you’ll tell me that hydration is necessary for survival.",4.0
"Collectively with no real number on registered creators. There's a bottom of that pyramid that's larger than the rest of it, I'd wager.",3.5
"Alright so is that why heaps of guys tip girls in private messages and offer to pay for their flights every day
You’re absolutely coping if you think none of them have sex or go on to date as a couple",2.5
Six billion is six billion,4.0
"42k a year is a high income earner
lol okay",2.5
"Wahhhh I can't afford my rent
Wahhhh I can't afford groceries
Wahhhh I can't afford a house
Gives money to OnlyFans whore
Broke again, cycle starts over
Why are simps like this?",INVALID
They're not a couple. They're paypigs getting off on being findommed.,2.5
The distribution of that six billion is very important to the airheaded teen girl that thinks it's a surefire way to avoid the grind.,2.5
"High income = 42000$?? Lol. I can guarantee they say this to fool retards into thinking they have this massive amount of disposable income to use on shit like this, and not feel as ""guilty"" about it..",3.5
Yeah not all of them dude a lot of them just flat out try to fuck them,3.5
"cooked
People are so degenerate that they use degenerate language to describe the degeneracy they loathe but can't escape from. Even still you can all fuck off to twitter for free and forever where your lack of self awareness can be reinforced by your fellows.",1.0
Kikes aren't going to talk about that. They want (you) to believe sex work is worth it.,2.0
"It’s empowering
They’re role models, they get their own Wikipedia pages",4.0
Any mention of onlyfans is an ad for onlyfans. Kikes are pushing hard for every girl to become a whore.,1.0
The more jewish this shit gets the more I can't wait for fucking pogroms.,3.5
Sex is sacred intimacy in which two people become one flesh. This is as close as person can get to selling their soul materialistically speaking.,4.0
"There are better ways for women to make money. All they need is a fucking hobby, learn how to make candles, or other crafts, sell the shit on Etsy instead of ruining their life being a whore on the internet.",2.0
Was it the flyer that got the other thread pruned?,1.0
"To be successful they'd have to compete. They'd have to push the envelope and get a lot of attention for themselves. The backlash is publicity so they'd have to be unapologetic whores willing to do whatever vile act to outbid their sisters. Congratulations, feminism, on going full circle.",2.5
We really need to sort men out. Why are they laying for this shit.,3.5
"no, sex is trivial cum-dumping",1.0
its not about the face. its about the age,1.5
"Yet, you'd insult your entire country fir posting that.",3.5
you are brown pajeet nigger,1.5
If she would have made an OF in her prime she's be a sp rich its not even funny,1.5
don't believe it.,1.0
It's honestly beyond cringe to even think about how utterly pathetic and useless the entire boomer generation really is,3.5
"The memeflag is covering for what? The brown, or the pajeet, or the nigger?",3.5
No one is buying Onlyfans subs. It's all jews. They throw money at random girls to favor whoredom.,1.0
"dude they're trying to turn all women into whores lmao
Nobody wants to talk about this but MILLIONS OF WOMEN HAVE BEEN IN PORN IN EVERY ERA SINCE THE 70S. WHY DOES /POL/ LIE ABOUT WOMEN AND TALK ABOUT HOW HECKIN TRAD THEY ARE? THIS IS PART OF THE REASON THINGS LIKE MARRIAGE AND FAMILY HAVE GONE TO THE SHITTER. YOU CANNOT BUILD LIVES AND FAMILIES WITH THOSE WOMEN.",3.5
Women are 50% give or take of the population. Whores are part of that population.,3.0
This almost never happens. 99% of the time they take the simp's money then go on vacation with their real bfs,2.0
All women are whores if the offer is good enough.,3.5
"Cope, feminism encourages women to be that way and calls it liberating and empowering. It's a psy-op that women are too stupid to fight back against.",3.0
Government funded,1.5
"the ""real"" boyfriends are simps getting grifted too, no real man would accept his woman exposing herself to other men, for.money or otherwise.",3.5
"if OF ""content"" was nation exclusive she would be 99.9% broke",4.0
"Fuck off, incels. If they were all just whores Bonnie Blue wouldn't be getting flak from absolutely everyone. The vast majority of women haven't done porn. They have average bodycounts. If you weren't a gooner you'd have figured that out by now.",3.5
"who
India as a whole.",4.0
So no tit tays?,1.5
"This. They are the only ones who can just generate money, it's pretty obvious.",2.5
"I'm not a gooner, I'm the total opposite actually. Millions of women are in porn and feminists encourage that. You can lie all you want about how heckin trad women are, it won't change reality FAGGOT.",3.6
"you're all being psyopped if you think people are paying a million dollars for that shit
the OF thing is blatant domestic propaganda meant to demoralize",2.0
"It's a good idea. I think I'll ask the women in my life what they think of pornography and the people who do sex work. I would bet on them thinking no, bad, and you're a pervert.",1.0
"dropped out of my phd
good
she would have likely killed someone with her shit decision making diagnosis and prescriptions",1.0
"I guess you idiots can't into nuance. Yes, there are women out there who don't like that stuff, but there are MILLIONS who are like ""teehee u go gurl! go be liberated and get that dick in porn!"".
Redditors will brush off the anti-porn women as self-owning sexists who are stuck with patriarchal ideas blah blah. There are millions of women selling their bodies and being nasty sluts and it's a huge problem for society.",3.5
"doesn't matter, it's all going to jews",1.0
it's literally boomers. this is what they are spending their social security on.,3.5
men are dogs,2.5
"Yea this is bullshit, her jew handlers simultaneously laundered their money and put attention on her, I'd believe she made a million dollars if she was a C or even D list celebrity but this bitch is not even part of the alphabet.
Not that anyone will give this much of a shit after a few days but wait and see how she spends her ""million dollars"" I guarantee if she really made that much this dumb bitch would buy a house and cars, I bet she doesnt do any spending because its not her money.",2.5
Millions. They are half the population so of course whores are millions. Have you not encountered whores? How about women that aren't? Who is the majority of women?,3.0
"Even in India, the vast majority aren't whores. If they were you wouldn't have to gangrape.",2.5
"dude millions of women are sluts and whores but there are still so many HECKIN TRAD ones lmao
/pol/ is losing an argument so they have to mention jeets
It's all so tiresome and no I'm not Indian you desperate fag.",2.0
How can you look at this and feel nothing?,1.5
Don’t care,1.0
i can feed them my semen,1.0
"It's halfway around the world, and starving gazans don't pay my bills.",2.5
Tell your children what Israel has done. I am telling mine.,1.0
Yawn. I had an amazing breakfast today.,1.0
"/pol/ is already maxxed out on the jew hate.
Feeling sorry for arabs is an entirely different matter though.",2.5
Make sure you tell them to listen to there mom and her bull.,2.0
Yeah but imagine if you didn't,2.5
Yes you do. You’re afraid of your own empathy.,2.0
Don't you have baby dicks to suck rabbi?,1.0
Imagine if you weren't gay and terminally online.,1.0
Ooh did that strike a nerve with you?,1.0
"Why is it the job of white christians on the other side of the world to care?
Why doesnt Iraq, Saudi-Arabia, Morocco, Turkey or Egypt care?",2.5
same,1.5
kike codex when,INVALID
The world will forever know the evil committed by Israel.,3.5
The jewish state of israel is actively committing a genocide in gaza,3.5
Lovely smoke ring. Is that tri tip?,1.5
Looks staged.,1.5
"Yes, sad.
But,
Do we really put it past Arabs to do some crazy shit for the camera to garner sympathy? Including torturing their own kids?
Notice how they use kid imagery in their propoganda. The adults seem fine. I could be wrong but I get child abuse vibes from these videos. And I wouldn't put it past Arabs.",1.0
Because they ran over 600 people in France celebrating Bastille day with a box truck.,2.5
Imagine when earth becomes 110,1.0
"What race is being genocided?
Weird that you left that fact out, on /pol/ no less.",1.5
Yawn. Stay frustrated shitskin. Im telling my kids how based the jews were for wiping out Palestine.,1.0
"Jews rapes kids, this is a fact",4.0
And shitskins do too whats your point? I can hate both of you while recognizing that I would rather live next to a filthy kike over a goat fucking shitskin.,2.5
"After what muslims have done to the west, i can say i honestly don't care anymore, it wrong and all the wars in the middle east are evil, but at the same time seeing how they turn every area they live into a slum like niggers, i just don't care.",3.5
"Remember when the ADL's slogan used to be ""Never Again""?
They changed it when China made a huge donation to whitewash the Uyghur genocide",2.5
Im starving but i dont act like that. I prefer to reward the silent and obedient people.,1.0
Im telling my kids how based the jews were,1.0
You will tell your kids Israel use to exist.,1.5
"the same way muslims look at christians world wide and slaughtere them or muslims in europe driving cars into christmas markets, or muslims in europe forming child rape gangs and raping the native children, or muslims bombing several music festivals, or muslims genociding yazidi christians while recording themselves cheering.
in short fuck muslims",3.7
Yes Schlomo those children attacked you.,1.0
"Kikes are evil.
Kikes rape kids",1.0
How come starving Africans don't act like this,3.0
Lol you faggots been saying that a long time. It's still there. Keep it up shitskins.,2.0
did the christian children that muslims rape to death and set on fire attack muslims?,2.5
You mad?,1.0
Imagine being a cuck to Israel. What a pathetic existence.,3.5
imagine being a cuck to jihadis who slaughtered more christians than anyone else on the planet,1.0
"Judaism and the Jewish Talmud is Canaanite and Babylonian child burning religious doctrine. It’s exactly the opposite of the Torah (the Christian Old Testament).
4000 years ago, God commanded the Israelites to genocide the Canaanites because of their Moloch worshipping child sacrifice religion. He didn’t want it infecting the Israelites. They didn’t do that and now we have Judaism and child raping Moloch worshippers.
The Canaanites practiced child sacrifice to Moloch/Baal by burning their own sons and daughters alive.
Imagine what must be missing from your human instinct to actually burn your own child to death. What would it take for you to burn your own child alive?
Is there anything human in people who would do such evil? This must be one of the reasons that God commanded that the Canaanites be genocided? Which the Hebrews failed to do.
Writing in the 4th century B.C.E, the Greek historian Cleitarchus said of the Carthaginian practice, “There stands in their midst a bronze statue of Kronos, its hands extended over a bronze brazier, the flames of which engulf the child. When the flames fall upon the body, the limbs contract and the open mouth seems almost to be laughing until the contracted body slips quietly into the brazier. Thus it is that the ‘grin’ is known as ‘sardonic laughter,’ since they die laughing.” (trans. Paul G. Mosca) “Kronos” was a regional name for Baal Hammon, the chief of Carthage’s gods.
https://biblereadingarcheology.com/2016/05/13/did-the-canaanites-sacrifice-their-children/
If you would burn your own child alive, is there anything you would not do? Would you even think twice about using other people's children for sexual blackmail?",3.7
"Because secret societies did this. 80% of the population is using smart phones, taking vaccines, and too dumbed down to even learn about how the world works.
The populations supporting secret society members are subhuman. So are the members.",3.5
hey asshole i still want an answer to that,2.5
"I have an awesome life. Whats it like being brown, poor and mad at Isreal 24/7?",1.5
"If you would burn your own child alive, is there anything you would not do?
no and muslims prove that ever other day of the week",2.5
"Are Jews the worst committing genocide?
Didn’t they take notes during the Holocaust?",3.5
"it now fits both lol
muslims will always tell you what happened to them but never why",1.0
"starving
Bull Shit!
- stop watching mainstream (Liberal) news.
It's full of lies.
Don't be Gullible!",2.5
Fuck all shitskins.,2.5
no and muslims prove that ever other day of the week,3.5
"jews have to do it because jews want the land and since Palestinians are vile and not even horrible cunts like Iran want them how are the jews gonna get that land unless they kill everyone on it. Everyone should just do what jews want, after all you wouldn't want them calling you anti semite.",3.5
They look lile they are having fun.,2.5
I dont need to feel anything or watch gaza videos to know jews are fucked up.,1.5
there were no mudslimes in Europe before Kikes brought them there,1.0
"Take the meme flag off, Chaim",1.0
"feel nothing
I don't feel nothing. I feel irritated for having this sandnigger drama forced on me. I don't have time to care about them fighting over a bunch of sand.",1.0
"How can you look at this and feel nothing
Palestinians bombed my country, lol.
I would have expected them to bomb at least the UK owing to the Balfour declaration. Instead, they organised terrorist attacks in Italy and we still have a movement supporting them with humanitarian aid.
My deepest apologies if I don't feel like being over-involved in this. I am sure the Palestinian people has a lot of friends already. One more wouldn't change anything.",1.5
i feel happy,1.0
I just look at what mohammadeens are doing to Europe. Im only 1/4 j though,3.5
Kikes spread shitskins to the West,2.0
Same reason why you care about Israel you fucking retard,2.5
Why would Zionist want muz running the west,3.5
Muslims want to destroy my homeland.,3.5
Your homeland racist much?,2.5
Muslims.,3.5
fucking subhumans. if whites were starving they'd stand in a single file line to receive their bowl of food and it would actually proceed much faster that way.,1.0
"is it sad though? they're the same color as mexicans and id' put a bullet through an illegal mexican's head if i was border control before i'd give them a bowl of soup (this is all hypothetical, im talking about if i was in charge of border control policies)",2.5
Israel is starving Palestinians to death,INVALID
"If Jews and Americans weren't destroying their homelands, they'd have no reason to leave. Saudis and Jordanians don't emigrate because their countries aren't being attacked.",2.5
"Hey, FEMINISTS, don't you want to start hunger striking in solidarity with Palestinian women?
Everybody wins.",3.5
good,INVALID
"muslims have done to the west
i honestly don't care
I still care from the view point of this level of inhumanity. We face Israel's endless lies about everything. While Israel gets billions in USA dollars. It's like watching a cocky MF'er who doesn't understand they aren't the best and waiting for them to get knocked out.
I want them to get their chain pulled and back inline. Being this sort of instability is how the Muslim hordes get squeezed out into other areas.",3.5
memeflag,INVALID
they need better actors. the girl at the beginning is overacting something terrible,2.5
The poo fears the bcc,2.0
Your tax dollars go to feed these people and Israelis confiscate 95% of the food trucks your government sends in.,2.0
palirats make great actors. I would Harvey wienstein these whores.,3.5
QT.,INVALID
Idk who's Jewing who anymore,2.5
"I don't think I'll feel anything but absolute hatred toward Israelis for the rest of my life. I will do anything in my power to undermine and fuck them up, always and forever.",1.5
"^ demonic teeth gnashing of a typical israeli, truly sons of the devil as jesus described them",1.5
Get a life loser. These animals would slit your throat and rape your sister in a heartbeat.,1.0
The world is taking a stand against Evil and the Cohens are being noticed.,4.0
all they have to do is surrender,1.0
https://www.youtube.com/watch?v=HQqzhQuPDaM,4.0
"What race is being genocided?
jews",4.0
"pro-pedo, generally the joo POV.",2.5
"re-using white helmet extras
nigga stop doing this",INVALID
oh it's coming,1.0
"filename
Is Sean the name of the goy you ripped that human flesh from, demonic jew?",1.0
Kek,INVALID
"bunch of people giving
""high fives""
what did they mean by this?",3.5
"Israel is starving Palestinians to death
Here... I brought all the bacon I could carry.. enjoy!",3.5
I thank God I'm white every day. Shalom Israel,1.0
"Very poor propaganda on their part.
If they had them lining up, acting grateful, while fearfully guarding their children, then the impact would work on western sympathies much more strongly. Act white and whites will like you more. And you have got to get whites to like you becasue sure as hell no one else on this planet will.
Also none of these people look gaunt enough., they have too much energy, Sure they may have had little food for a few days and are getting desperate, but for propaganda purpose you need to get people who actually look starved. Putting out vids of undisciplined hysterical rabble fighting each other over food is counter productive to garnering sympathy.",3.5
Fucking greedy brown bastard smelly sandniggers,2.0
"fighting each other over food is counter productive to garnering sympathy.
I don't think when you're starving you really line up in rows to collect food.
And even if by some miracle the starving children lined up like slaves to get their allocation of food the Jews would say that its proof of them not really starving as they would claim starving people are desperate and cannot be civilised and claim its proof of palywood theatre.",2.5
Plenty of people went there and came back fine. Your lot however spits on Christians and follows religion and culture of supremacy. There is no pretending anymore. Everyone sees you for what you are: demonic spawns.,2.5
"I'll let the billions of mudslimes in the world help them, they are far enough for this task",3.5
Because look staged,INVALID
Fucking animals won't even form a line.,2.5
"here is your daily emotional extortion thread
who pay for this?
even /pol/browns don't care about shitenstine anymore
why would anyone waste their time uploading these pitiable/gore .webm slope every single day?
this looks like trolling at this point",1.5
based. fuck niggers of all colors and creeds.,2.5
MAGA is compromised. America party 2028,INVALID
Do I gain an Alter if I join?,1.0
Dude! We're like Dumbledore's army and the illegals are the death star eaters!,2.5
"bunch of fat larperators, half of whom are mexican themselves",2.5
become a main character i mean bootlicker,1.0
signtappers never stop winning,2.0
"”bro, gun down American citizens for asking about Epstein and saying Israel is bad”
How about no.",1.0
"American citizens
you will never be a citizen",3.5
Miller is one of the worst kikes imaginable. This country needs to be cleansed.,1.0
Video games are based on real life.,3.5
"make those illegals have their Final Fantasy when you strap on your Metal Gear Solid and lay it on like Donkey Kong! You'll get awesome perks when you preorder a career in ICE like: A sign in bonus so you can buy the most epic for the win GPUs from our sponsor, Nvidia. Or how about another life? We offer totally based health insurance. Maybe you enjoy a more stealthy approach? A recent congressional bill has permitted ICE to take off the body cams and hook up the stealth camo for action packed but silent home raids! Don't worry about the quarters, we've got you covered with the best arcade of all: the American southwest!",2.5
"Can i imigrate from Switzerland to join ICE ? I want to deport brown people from western countries. If i can get training and work experience, im sure i can get a high position in our own countries deportation units in the very future",1.0
"Eci Nioj, Eci Nioj
Sydney Sweeney
GOOD GENES GOOD genes good goyeans
WHITE BOOBS
boobs ice boobs ice boobs
MudSlimes Shariah Taqiyya Taco Bell
BOOB
Eci Nioj
Cisgender Zelda BOOBS
Join Ice Join Army Join Marines
[tap tap tap]
WHITE GENES
Country Music in Israel
Boobs",1.5
Do you think ICE will only go after brown people and immigrants? It’s going to go after everyone who ever said a mean thing about Israel. Don’t be retarded.,3.0
two more weeks,INVALID
I love America! I love Israel! I love buying products from Amazon dot com! I can’t wait to d join ICE so I can sleep in AIRBNB and afford the new labubu shoes.,1.0
What does netanyahu’s cock taste like? Spoiled milk?,1.0
"Seriously? Just call my office bro. We'll fund your visa and if you do a really good job, there's potential for citizenship.",2.5
"Damn it feels good to be an All-American Populist American! My aura is rizzing for izzreal, bro.",1.0
ICE is actually the only based tentacle of zog,3.5
noooo deporting illegals is actually bad!,1.5
Does this actually work on miggers?,1.5
ICE is majority brown and Whites have a hard time immigrating to the US,2.5
"no, you get beyonder sequence 12: bitchass office maid",1.0
"Joins ICE so spics go away
All your coworkers are spics",2.5
i am in I AM INNNNN,1.0
"Pony up the cash for an expedited citizen pass. You're Swiss, you can afford it.",1.0
"100%. Americans are the most propagandized goys in goyland. Full support for Israel is still at like 75% among Republicans. There is no longer a dissident faction, either. It’s been completely taken over by tech oligarchs like Peter Thiel, Elon Musk, and even Jeff Bezos.
They are hopeless and will serve Israel with a smile.",3.0
"I think this kind of jew shit will make the revolution that is on the way appear that much quicker. And I for one, am for it. Fuck this kike and his tribe.",2.5
I think having a brown gestapo rounding up white antizionists in order to benefit israel is a hilarious way for the American empire to end.,3.7
I would only join if they made it legal to shoot beaners at the border. Wrasslin around in the dirt to apprehend smelly sweaty lawnmower jockeys doesn’t seem rewarding at all.,3.0
"Thats a job for former enlisted men, cops, dudes with SWAT and combat training. You could get your team members killed being a noober doober",2.5
"They're not going to put bounties on beaners, are they?
I'd love to hunt spics but I'm not really looking for a 'work everyday' type of gig, just pay me for my scalps and I'll next see you when I see you",1.5
99% of the people joining are going to be untrained dweebs.,3.5
"One of Drumpfs several heinous, miserable, foreigner henchmen.",1.0
"in the coming months...
How many years ago was that post?",1.0
Yeah and where are they goign to deport me? My family has been living in america since before WW2. If your family hasnt been here as long then FUCK OFF.,3.5
"before WWII
NGMI
if you can't trace your origins unbroken to at least pre-Civil war then you are NGMI
I personally can trace my lineage to 1783 when the first of my ancestors came to the United States.",1.0
Winning what exactly?,1.5
2021. Notice how the date was cut off. Tap trannies lost.,INVALID
It's pretty funny that the biggest assholes in positions like border patrol are usually other Hispanics. Officer Smith will probably be polite but officer Hernandez will fuck your shit up,3.5
"But that means your family was around when nigs were brought in as slaves and they allowed it and then didn't force them to go back to africa once slavery was outlawed.
That means your family is part of the problem.",1.5
"My family isn't jewish and never owned slaves.
Only 1.3% of Whites owned slaves during the peak of slavery while over 40% of jews owned slaves.
jews owned the slave ships, the slave plantations, and the slave yards where the slaves were sold.",1.0
BASED. This is something I can get behind 100%,2.5
I am not the physical type. I doubt i could slam an illegals face into the wall if they resist forcefully.,1.5
"Can i imigrate from Switzerland to join ICE ?
In all honesty, probably if you are fluent in Spanish.",1.0
any day now,1.0
Who are you quoting?,1.5
"Never said your family owned slaves. Just said they never did anything about it.
If they were based they would have championed sending the slaves back to africa like most of the world did when they stopped using african slaves. Instead they allowed them to live in america.",3.5
"No, it was the jews who brought the slaves
it was the jew who sold the slaves
it was the jew who used the slaves as farm equipment",2.5
Question 1. Have you ever said anything critical of the state of Israel on the internet?,1.0
Need to be a US citizen.,1.0
"Only if you're white. then Yes.
You need to learn to target balls.",2.5
"I already applied last month, still waiting to hear back. At the lower level they seem kind of shit, but I hope that would just make it easier to distinguish myself and move into a cooler role. I’m overqualified but couldn’t get hired at local PDs because I was too honest about the shit I’ve seen on this site. Hoping that the barrier to entry at the federal level is low enough that they won’t care or check.",1.5
It’s a job program disguised as a gestapo. There will be almost no requirements as far as intelligence or skill. Your job is just to get everyone who says mean things about our greatest ally Israel.,1.0
"You cant blame the jews for the entire thing.
The jews didn't bring them in without permission.
They were legally allowed to and then instead of sending them back to africa like Lincoln wanted to he got shot and everyone was like, ""Well I guess the slaves can stay""
Your ancestors should have fought to force them back to africa.
Just because the jews brought htem to america doesn't mean whites at the time couldn't have sent them back.",2.5
All I want in this world is fucking normal heroin again and the jews and chinks took that from me.,3.5
"It might feel a little bit like resident evil if you are tasked with removing some Haitians.
Image related
Me taking the lead again.",1.0
"hide your power level
do not be honest. say the best answer and practice keeping your story straight. soon enough, god willing, youll be throwing wetbacks like this ass hole invader  on a bus back to his home shithole where he belongs",1.0
Stfu newfag,1.0
"join ICE
immune from WW3 draft
Pretty good choice actually",1.0
"back to his home shithole where he belongs
Wyoming?",1.0
"Jeffrey Epstein. That's right, Jeffrey Epstein. That man you badly want me to stop talking about.
But I won't stop talking about him. Not ever. Never.
When the heat death of the universe happens and all of the matter has come to a grinding, screeching halt, there will still be one voice in the darkness whispering ""Jeffrey Epstein"". My voice. I wont stop. Never. Never. Release the Epstein files",3.5
"Reminder that Epstein was a blackmail agent working for ISRAEL.
https://x.com/KeithWoodsYT/status/1743681583578575010
The Two Facts That Prove Jeffrey Epstein Was Working for Foreign Intelligence
https://x.com/TCNetwork/status/1929574983421792437
>>>/wsg/5918516
ISRAEL INFO DUMP:
https://archive.4plebs.org/pol/thread/507376656/#507377724
ISRAEL INFO DUMP.",3.1
"Wow! This is the voice of Maria Farmer, the first victim of Jeffrey Epstein to come forward.
Listen to what she says motivated her abusers. Why has this been covered up?
#EpsteinClientList
https://x.com/KeithWoodsYT/status/1743026957686624680
forgot pic",1.0
Need them files,2.5
"Trump is supporting a non-white serial rapist of white children.
Epstein is connected to Israel, this is why Trump is covering it up. He doesn't want to risk the political fallout for Israel when people realize all of Epstein's clients were blackmailed and used as Israeli assets.
""The most concrete link is his relationship with former Israeli Prime Minister Ehud Barak. Epstein and Barak met numerous times between 2013 and 2017, with Barak visiting Epstein’s properties in Florida and New York approximately 30 times, including a 2014 private flight in Florida. Barak received $2.3 million from an Epstein-associated foundation between 2004 and 2006, and Epstein invested $1 million in a limited partnership established by Barak in 2015.
Another connection stems from Epstein’s ties to Ghislaine Maxwell, whose father, Robert Maxwell, was a British media mogul alleged to have had links to the Israeli intelligence agency Mossad. Some sources, including former Israeli intelligence officer Ari Ben-Menashe, have claimed Epstein and Ghislaine Maxwell ran a “honey-trap” operation for Mossad to blackmail influential figures. A lawsuit by a woman identified as Jane Doe 200 alleged Epstein boasted of being a Mossad agent.
Epstein was also associated with the Wexner Foundation, which supports Jewish leadership and has ties to Israel. His financial backer, Leslie Wexner, was a member of the “Mega Group,” a collection of Jewish philanthropists, which some, like former NSA counterspy John Schindler, have speculated was linked to Israeli intelligence operations. Epstein reportedly invested in an Israeli startup, Reporty Homeland Security (later rebranded as Carbyne), connected to Israel’s defense industry, further fueling speculation.""
https://x.com/TCNetwork/status/1929574983421792437
Epstein is a jew who raped white girls and got other guys to rape white girls so he could blackmail them and use them as Israeli assets.",3.6
Why are miggers afraid of Epstein?,1.5
You don't seem to say a lot about him.,1.0
"you lost tranny
get over it
you.
lost.
tranny.",1.5
any relation to hhhgregg?,1.0
"bot thread
seen this exact thread more than a dozen times now",1.0
Epstein.,1.0
I'm not a bot. Cope.,1.5
"Jeffrey Epstein. That's right, Jeffrey Epstein.
he
was
J
E
W
I
S
H
that's what thread's about right?
that he's a kike? that trafficked children for other kikes?
that the thread subject
righ guise?
guise?",1.0
"remember this post isn't ordinary shilling, it's completely unironic and posted by a bunkertrans white traitor trash druggy vagrant only alive due to shitcoin luck, he's a satanist stalinist posadist kabalist reform Jewish convert ultra shabbos tanky who- after being driven insane by getting NTR BLACK'd by a crackhead with his childhood friend who now LARPs as a satanic high priestess- believes all 4chan posters are secret billionaires and that middle class kulaks are the real moneyed class who need to all be murdered in a massive anti-Christian pogrom
absolutely none of this is an exaggeration and there's enough archive links that it's easier to just link a recent previous bulk dump of them, which are still not 100% comprehensive
https://archive.4plebs.org/pol/thread/509425314/#q509426512
https://archive.4plebs.org/pol/thread/509425314/#q509428642
https://archive.4plebs.org/pol/thread/509425314/#q509428951
https://archive.4plebs.org/pol/thread/509425314/#q509430109
he doesn't actually care about Pizzagate or Jewish child trafficking that he denies as being Jewish, only how misdirecting it can help him get to DRUMPF, spilling innocent white blood in a Chekist genocide and forgetting that he needs to KILL THE NIGGERBABY
running out of VPNs or time or energy or THE NIGGERBABY? sad!",4.0
"They don’t care as long as you don’t link him to Israel.
Normies just think he was some billionaire who liked to party.",2.0
"Hey, how about you fuck off?",1.0
"remember this post isn't ordinary shilling
Are you talking about yourself?",INVALID
"100% distracted from EPSTEIN being a kike
100% distracted from EPSTEIN being a kike
100% distracted from EPSTEIN being a kike
woh
like
you knew he was jewish right?",1.0
Dangerously based post,1.5
kek are there even over 100k users on that shit echo chamber?,2.5
E P S T E I N,1.5
إبستين,INVALID
"E P S T E I N
JEWISH NAME
this guy cracked the FUCKING CODE",1.5
"Have a bump
Down with the corrupt! Seek only truth!",4.0
Post it again without your memeflag if you want us to care,1.5
LOL,INVALID
Still dont care.,1.0
What do you have to hide little memeflaggot?,1.0
"bump
RELEASE THE FILES",INVALID
ha ha ha ha ;^),1.0
Every memeflaggot is either a kike or a jeet. Your deflecting is proof that you are not white.,3.5
ULTRA MAGA!,INVALID
"Funny, how with those Epstein files people completely forgotten Hunter Biden's adventures and files from his notebook. Why this investigation was stopped during his father's rule? Where are demands to publish THESE materials?",2.5
"What if they release the files, will you stop then?",2.5
"Exactly.
I'm all ears if anyone has the goods. But retards in their basements acting like they're insiders on international spy rings is boring to me. Just like all of the armchair generals discussing war.
I want some real shit.",2.5
"THERE GOES MY BASED KIKE HATING ANON HAHAHAHAHAHAHAHHA FUCKING LOVE YOURE POST, NEVER STOP POSTING THEM! TKD!
EyeNoseJewsAreEvil. respect to you!",1.0
how should we deal with subversive mossad assets like Jeffrey Epstein?,1.0
average age of a first home buyer is now 56 years old. only 8% of 30 year olds are married and own a home. the lowest ever.,4.0
corona was supposed to kill them off,4.0
Yeah but what about October 7th?,1.0
Actually this isn’t true and trump is America’s hero. Stop the Epstein hoax and Israel is our greatest ally!,1.0
Yeah but the other line is going up THO.,3.5
And Jan. 6th!,1.5
it was 15% just 6 years ago. 18% ten years ago.,4.0
"Define home ownership, because I always thought the bank owned your home until you pay off your mortgage. 8% of 30 year olds paying off a mortgage in 2025 is pretty good in my opinion, because houses don't cost 5 grand like they did in the fucking 50's.",3.7
Thanks boomers,2.5
"I always thought the bank owned your home until you pay off your mortgage.
No you own it, the title is in your name. The home is used as collateral for the loan, if you don't pay, they seize the home to cover the debt.",1.0
Journalist Joseph Jordan proves that Nick Fuentes is a retarded faggot and Tucker is based.,1.5
"Got him!
I'm still laughing at the Tucker Carlson takedown. I wish he would have pulled the plug on his own career by calling Fuentes a faggot earlier.",1.0
"Tucker Carlson is a cia kike too, Striker has some weird man crush on him.",1.0
"Tucker Carlson is a cia kike too
citation needed
Striker has some weird man crush on him
Stricker is a pure antismeite, he supports Tucker because Tucker is harming ZOG while Nick ""Spick"" Funetes is propping up ZOG in return for money.",1.5
"disingenuously posting a screenshot from nicks own documentary and implying it's something taken discreetly by paparazzi instead of something that Nick publicly disclosed himself
He was meeting with a Christian, relatively politically aligned, superpac manager who was discretely anti Israel and overtly pro Christian morality in government. He obviously meet with the guy to discuss infiltrating and subverting the GOPs current faggoty direction.
you are jewish",2.5
true but what can you do.,1.0
It's all kayfabe and you're all marks.,1.0
"They're all controlled opposition fighting each other to give the winner credibility, if there is a winner.",2.5
Striker is CIA too. CIA recognizes CIA.,2.0
"What's up with all of the pro Nick shilling literally everywhere after the Tucker-Candace interview?
I'm even getting recommended litwho 1k sub channels on yt that look AI generated saying gayboy ""totally owned Tucker"", and even obvious shills like asmongoloid are shilling for nick after this.
Someone is really fucking scared about that interview, because they aren't talking about anything else of substance other than Tucker blowing nick the fuck out in a petty way (which is big kek)
It's obvious that nick glows to some extent because literally nothing happened to him after J6 even though he was instigating almost as hard as Ray Epps.
TPTB are terrified of Tucker/Candace and they are propping up nick and having their shill apparatus suck him off in front of everyone. Then he's going to say something outrageously retarded (many such cases) and then the pendulum will swing back to the right.
TL;DR Nick glows and has now been selected as the designated steam release valve/fall guy to discredit WN/Anti-Israel talking points and move the overton window back to the left",2.5
"swing back to the left*
glowniggers tongue my anus",1.5
"Russian kike defending it's agitation propagandist
pottery",2.5
"Nah Striker's respect for Tucker is just dumb. He even recognizes that Tucker and Fuentes are essentially playing the same game, but for some reason he thinks Tucker is sincere when there is zero reason to think that.",1.0
"Striker is CIA too. CIA recognizes CIA.
citation needed",1.0
Tucker is a real disident unlike Nick. Nick goes to the alt-right and tries to get them to support the system. Tucker meanwhile platforms whistleblowers. Also Tucker is straight.,1.0
"Tucker is a real disident
No, he isn't.
Tucker meanwhile platforms whistleblowers.
And Alex Jones and health and fitness scammers and Andrew Tate etc etc
Also Tucker is straight.
True at least he has that going for him.",1.0
"most retarded fed take ever
""i love Israel and its people and food""
die kike",3.5
I'd imagine part of the long-term plan is to alchemize Hispanics into being White within the next decade or two to reset the clock on demographic panic.,3.5
Have you not been paying attention for the last 3 days?,3.0
">>Tucker meanwhile platforms whistleblowers.
And Alex Jones and health and fitness scammers and Andrew Tate etc etc
What a lame counter argument.
Well sure he has Mearsheimer on to call the Gazan war a genocide and some lady on to call brain drugs a scam, but he also had other people on so those don't count.
Having people on who aren't whistleblowers doesn't mean he hasn't platformed whistleblowers.",1.5
"wow you called him gay tucker like a 80s movie bully now explain why you and daddy were cia
this is why anti nick shill are actually gay cringe and retarded",1.0
"Perhaps the most retarded take I've seen, possibly ever",1.5
"so why has anti jewish talking points grown globally with most of them coming from nicks show?
they make us look bad
um nigger does that matter if we are winning and no one gives a fuck?",1.0
"Dios mio, you may be right. Good and novel take.
Shouting TKD from the rooftops isn't going to bring more normies to our side (yet), as much as I would like it to be so and as much as I think it's funny and based. Tucker's playing the long game.
Also as much as Striker is a goofy hothead and possibly a homosexual hispanic man himself he usually has some pretty good and novel takes, dude knows his stuff.
like clockwork, keep tounging that anus glowniggers",1.5
"ah yes being a glow nigger is when you call out glow niggers.....
actual glow nigger clock work",2.5
"Tucker's playing the long game.
Yeah he's playing it on you and you're stupid enough to fall for it lmao or you're a shill. I think you're just a dumbass though",1.0
"Mearsheimer, like Tucker, won't even condemn israel as a state and does the same gay ""not all israelis, zionism isn't the problem it's netanyahu"" bit that kikes like Sachs do
Lots of journalists platform whistleblowers, Tucker doesn't deserve anymore praise for it than the BBC
Tucker, like Fuentes, is constantly triangulating a position in order to stay acceptable to jewish power and maimtain access to the system and its privileges",4.0
i havent watched striker in like 5 years but when i did him and that bald fuck every show was calling for TKD?,1.7
"Tucker, like Fuentes, is constantly triangulating a position in order to stay acceptable to jewish power and maimtain access to the system and its privileges
Do you just have no idea about Nick's life or?",2.5
"You have provided nothing novel or interesting to the thread, nor have you engaged in any discussion in good faith or attempted to change my mind. Anyone that isn't new as fuck can see the shot for what it is right now. Get better material, we deserve better psyops.",2.5
Here's something new and novel,1.0
"tucker is playing the long game by explicitly and constantly attacking antisemites and redirecting their rightful indication into kosher conservative ""actually we should just stop giving Israel foreign aid and antisemitism is bad and Israel has a fight to defend itself""
you are jewish",1.0
"Shouting TKD from the rooftops isn't going to bring more normies to our side (yet), as much as I would like it to be so and as much as I think it's funny and based. Tucker's playing the long game.
Normies are more anti-semitic than Tucker or Fuentes. Normies don't constantly tell you that they love jews and support israel's right to exist and have jewish friends, they either don't know what to think or they hate israel and want it destroyed.
The gay ironic bet hedging is less palatable to normal people than saying ""death to the idf""",2.5
How about you upload it in a filesize I can actually fucking read first retard,1.5
Holy fucking newfag lmfaooo way to utterly expose yourself you dumb fuck shill,2.5
"the cope stage begins
so anyway tucker why were you and daddy CIA?",1.0
Well if a journo says it then the opposite must be true and I have been misjudging nick this whole time.,1.5
"won't even condemn israel as a state
He said they're doing a genocide in public, how much further down the purity spiral does he need to be to count?
Doesn't know anything about anyone from what I can tell.",1.5
"What a fucking retarded point. Atheists are more pro jewish than Catholics. Catholics are more pro nationalism than Atheists are. These are simple stats to get.
What's up with all of the pro Nick shilling literally everywhere after the Tucker-Candace interview?
I only see mad anti nick jews here seething that Nick is growing more popular by the day.",1.5
"Show me where he's saying that and I will acknowedge your argument, I have been listening to Tucker for about a year now and he always countersignals and dogwhistles against Israel and jewish behavior, if not jews specifically.
If I'm totally wrong and nick isn't comped and Tucker is then great, we all get what we want in the end, but I don't see that to be the case.
Normies have the attention span of a goldfish and will forget all about all of these talking points as soon as the next manufactured happening is dropped.",3.5
"You do not live in reality. Oh wait, you've already outed yourself as a retarded shill",1.5
"Do you just have no idea about Nick's life or?
I am well aware of Fuentes' constant waffling and backpedeling, his gay ""i was just joking...or was I?"" bit, and his grotesque sucking-up to people like Loomer, Milo, and Alex Jones, Tate, and various kike influencers in order to keep access to jew-run media spaces. Just because he plays it edgier than Tucker, and is therefore more on the fringe, doesn't change what he is doing.",1.5
"keep access to jew-run media spaces
Such as?
Disingenuous faggot lol",1.5
"I see what you're doing glownigger
Look, see where it says ""m"" after your post, see where it's fucking 971x1024 for a fucking schizo web (which are based, not shitting on the format).
You resaved and reposted a mobile image, and I'm the retard.
This image needs to be like 2000x3000 to even be legible past the titles, you know this, I know this, everyone knows this. Quit being a kike.",2.5
"Shouting TKD from the rooftops isn't going to bring more normies to our side (yet), as much as I would like it to be so and as much as I think it's funny and based.
Dumbass the majority of young people already have a negative view of Israel right now thanks to people like Nick. He's not trying to appeal to your braindead TV brainrot boomer, he's appealing to the zoomer/alpha crowd, getting them informed while they are young, in a fun and truthful way (people may fucking hate Nick, but they can't deny the guy is extremely charasmatic, and that's what matters to change like, 80% of peoples opinions).
you gotta appeal to normies!
WRONG. Normies follow trends, THAT'S IT. You appeal to everyone BUT normies, and normies will fall in line being anti jew automatically without ever having watched a single episode of Nick.",2.5
"He said they're doing a genocide in public
So does the average libtard woman. Why are retards so impressed by people with big platforms saying shit that people say all the time?
purity spiral
This is only ever trotted out to defend deliberately lying and being disingenuous.",1.0
as someone who would deport nick when we win these shills are just low iq fags.,2.5
"Too late shill, best to try again in the next Nick seethe thread kek",3.5
"Holy shit, your so fucking useless. I hope you fucking die.",1.0
"Wow look at all this glownigger cope and no arguements, very fascinating. I'm waiting for you to change my mind. I want you to be right.",1.5
Nick is an fbi informant like Hal Turner. Haven't you watched the video?,1.5
"Rare footage of a based leaf, thanks. Reading now.",1.5
"You are so detached from reality there's no point even trying to convince you, but you're a shill anyway so why even try to explain to you the dozen times Tucker has said he hates Nazis, loves Israel, would tell White nationalists to fuck off, etc etc",2.5
"keep access to jew-run media spaces
Such as?
I just listed 2 of them.
Disingenuous faggot
Shills always project.",3.5
all my co workers except the one boomer all hate jews and i asked why and they didnt even give me the gaza excuse but like 2000 years of anti semitism which is funny as fuck.,2.0
"A journalist, huh?",1.0
Source?,1.5
"Which two? Why is he banned on YouTube, Facebook, Instagram, TikTok, twitch, and all banks by the way?",1.5
you didnt tf?,1.5
so you admit you dont watch tucker?,3.5
Tucker Carlson? More like Cucker Glowieson,3.0
"Simply put since im not an old boomer, i am sympathetic to the nature of people my own age. get your ass in the dirt old man. you aint shit.",2.5
"And found the original size.
/pol/ is officially boomer territory, all the cool kids are now on twitter now, for the better or worst.",1.0
"Striker pushes a retarded false dichotomy of high-IQ racial antisemitism based on evolutionary psychology versus low-IQ religious antisemitism based on Christianity. He thinks it appeals better to highly educated, high status white people who are more likely to be atheist materialists put off by anything supernatural.",1.0
"Watch Nick's latest show, he has all the clips. Here's one. Do a modicum of research dude
https://www.bitchute.com/video/EFm6cmRLR4Fn/",1.5
why are any of you listening to these faggots in the first place and not making up your own mind on everything?,2.5
"Tucker has said he hates Nazis, loves Israel, would tell White nationalists to fuck off
Fuentes has said the same shit, only with jews in general instead of israel. Fuentes is just a gay version of Tucker, competing for the same position.
Jones and Tate both platform Fuentes, both are run by kikes.
Why is he banned on YouTube, Facebook, Instagram, TikTok, twitch, and all banks by the way?
Same reason Alex Jones got in trouble.",1.5
You sit in a cave and come up with geopolitical ideas all on your own? Wowee,1.5
You are clearly some kind of ESL brownoid.,1.5
Nigger what lmfao,2.5
"Wasted digits
At least explain kayfabe you lazy fucking memeflaggot.
You're kayfabe. Embarrassing",2.5
but on those same shows hes anti kike and isreal so.........yeah.......,3.5
Call me when Tucker denies the holocaust.,1.5
"tate is a media company?
lol actual ESL brownoid
post claws kike",3.5
what about his doing Ray Epps shit on jan6 and like Fed Epps he didnt even get a visit let alone arrested?,1.5
"Lol he is homosexual, isn't that against christianity?",1.0
He was subpoenaed by Congress dumbass,1.5
"can't even respond
Of course.
This is the problem with associating your brand with 80 IQ mulattos who can't even read complete sentences.",1.0
his bank got frozen?,1.5
"What is even worth responding to?
Nick has the same position as Tucker
This is such an unbelievably ignorant or disingenuous statement it's only worth calling you a nigger over lmao",1.0
"people who merely used atms nerby on that day sat in jail for years. spic is on video encouraging people to storm the capital and all he gets is a subpeona 2 years later?
fuck off. your faggot hero is a fed",2.5
"Nick Fuentes can be a fed
While
Tucker Carlson is also a fed
The 2 scenarios
Aren't
Mutually exclusive.",2.0
"No, people who trespassed were arrested you disingenuous faggot lmao what crime did Nick commit exactly? Incitement you'll say. Who exactly was arrested for that?",2.5
"tucker is a cia spook
fuentes is a fed
both are faggots",1.0
So Nick works for Trump now?,1.0
"Fuentes will play around with Holocaust denial, but only at the level of ironic memes. He goes much further than Tucker but will never commit to any sincere opposition to the jews. He will always try to maintain enough plausible deniability such that jews and their lackeys will talk to him, invite him on their podcasts, talk him up, etc.
calls you disingenuous while lying about what your argument is
It really never fails. You have no real politics, this is just a game you play to impress other fanboys in a GC.",1.5
Maybe the cia propaganda is all the memes we shared along the way,3.5
"this guy and plenty others
https://www.texastribune.org/2022/08/01/guy-reffitt-jan-6-riot/",2.0
"ill accept your concession.
but before you go tucker can you explain CIA
daddy?
fyi tate isn't a media company retard and him on alex jones btfoing kikes debunked your low iq claims so.......",1.0
yeah like the feds who cooked up russiagate smartguy,3.0
"Fuentes will play around with Holocaust denial, but only at the level of ironic memes
So you're just lying. That's why I'm calling you disingenuous dipshit kek he articulates why the holocaust is fake, why it was made up, how it is used to control people today, and why it should be disregard. None of that done ironically. Holy shit at least know what you're talking about before posting something so stupid",1.0
"incoherent gibberish
As expected.",INVALID
"but you're a shill anyway so why even try to explain to you the dozen times Tucker has said he hates Nazis, loves Israel, would tell White nationalists to fuck off, etc etc
Who cares? Tucker is good at persuading normies on pol tier topics without coming off as unhinged, which wouldn't be the case if he was out there revealing his power level and talking about how much he loves Nazis.",2.5
so hes just non onions tucker but maybe gay?,1.5
You're big gay baby.,1.0
the raped,1.0
"two counts of civil disorder and one count each of obstruction of an official proceeding, entering and remaining on restricted grounds with a firearm and obstruction of justice.
Recruiter for an armed militia
He was equipped with a handgun, body armor, a helmet, radio and flex cuffs.
Come on now dude",2.5
Go back troon,1.5
"This is true. All of this could just be an Esau Gambit, I'm not ruling that out.
There's footage of Nick inside the building.
Again, thanks leafbro. Reading now.
I'm also going to watch this. If it's just footage from FOX 5+ years ago I'm just going to call you a faggot though. I can also pull up footage of early Nick where he's a milquetoast optics cuck tradcon. People change.",1.0
lmaoooooooooooooooooooooooo,INVALID
"No, I love Israel and color blind meritocracy are not /pol/ tier topics, no matter how many times you shills say that. Also, for future reference it's /pol/ not pol you dumbfuck. At least research before shilling",2.5
post the fucking footage now you got shit the FBI wants NOW NIGGER,1.0
"There's footage of Nick inside the building
Oh okay so you really are a dumbass that has no idea what he's talking about lmfao",1.0
"Striker has some weird man crush on him.
Self loathing homosexual has crush on other media plant homosexual
Yeah anon very weird this is happening amongst a group of closeted gays",1.0
"WANT TO KNOW WHY JEWS PAY SHILLS TO SMEAR NICK FUENTES ONLINE 24/7?
https://archive.4plebs.org/pol/search/image/139a5uMMrgdNBAYf8UtRYA/
BECAUSE OF THIS:
https://rumble.com/c/nickjfuentes
https://twitter.com/NickJFuentes
Con Inc CO-OPTS the Immigration Moratorium Position
https://rumble.com/v6un6hj-con-inc-co-opts-the-immigration-moratorium-position.html
Tim Pool is a FRAUD
https://rumble.com/v6u2uu5-tim-pool-is-a-fraud.html?
Conservatism is DEAD
https://rumble.com/v6ty8rr-conservatism-is-dead.html?
White People are DONE with Black Violence
https://rumble.com/v6sb2vf-white-people-are-done-with-black-violence.html
The Effort to Delegitimize Criticism of Jews
https://rumble.com/v6s6jv9-the-effort-to-delegitimize-criticism-of-jews.html
The PSYOP to Undermine the Mass Awakening
https://rumble.com/v6ryto7-the-psyop-to-undermine-the-mass-awakening.html
Jews HATE The Catholic Church
https://rumble.com/v6qb3bq-jews-hate-the-catholic-church.html
The Online Right Has Gone Full Circle
https://rumble.com/v5tt80e-the-online-right-has-gone-full-circle.html
Your Body, My Choice
https://rumble.com/v5na9cq-your-body-my-choice.html
Most Banned Man In America | Jake Shield's Fight Back Ep.9
https://rumble.com/v5d5kuk-most-banned-man-in-america-fight-back-ep.9.html
Most Banned Man In America | Fight Back Ep.9
https://rumble.com/v5d5kuk-most-banned-man-in-america-fight-back-ep.9.html
It's Time to Tell the Truth about Jewish Power
https://rumble.com/v4y2yc3-its-time-to-tell-the-truth-about-jewish-power.html
The Fake Controlled Right Wing
https://rumble.com/v4x1vd5-the-fake-controlled-right-wing.html
Group Chat Leak EXPOSES Jewish Bribery Network
https://rumble.com/v4wv6co-group-chat-leak-exposes-jewish-bribery-network.html
Nick Fuentes x Cheesur Stream
https://rumble.com/v4inuce-nick-fuentes-x-cheesur-stream.html
Nick Fuentes vs Gavin McInnes | Zionism DEBATE
https://rumble.com/v46ijyc-zionism-slightly-offensive-debate.html",2.5
"Also, for future reference it's /pol/ not pol you dumbfuck. At least research before shilling
I'm sure as a big fan on Nick Fuentes that you've been here since at least late 2023",1.0
"Oh and the footage was from like two months ago, I will accept your apology and concession briefly thank you",1.0
"he articulates why the holocaust is fake, why it was made up, how it is used to control people today, and why it should be disregard.
He does none of that. He repeats memes, then says he's just asking questions. Even a grug like Jake Shields has dealt with the holocaust more systematically and directly. It doesn't help that Fuentes doesn't read or talk to any actual experts, so he couldn't attack it comprehensively even if he wanted to.
None of that done ironically.
You seem too low IQ and internet-brained to even know what irony is.",2.5
"Dude you just haven't watched him, it's okay to say you don't know lmao",1.0
Long enough to know that loving Israel and color blind meritocracy aren't talking points from here lmfaoo dipshit,3.5
"I concede my point, I can't find anything and was going off of my memory of seeing a twitter post. I probably got duped by an AI image or something or just remembered wrong. My bad.",1.5
"pol tier topics
What do you think this means?
This is what I mean by irony and insincerity, by the way. It might be fun in your gay little fan chat but it isn't politics.",4.0
"There was a guy with an blue hat that looked like him, I know the image you're talking about though",1.0
yeah confirmed retard lol. best part when someone watches his show they will see your crying and realize how much of a fruit cake fag you are lmaooo,2.5
"https://rumble.com/v331y7a-nick-fuentes-why-you-cant-talk-about-jews.html
Here dude for fucks sake",INVALID
nick has probably done 30 hours in total talking about the holocaust but these fags just deny it lmao,2.5
Seriously,1.0
"color blind meritocracy
Tucker's business partner Niel Patel is literally a jeet. He's would hate /pol/-tier views. He's not ""hiding his power level.""",1.0
"I'm waiting for my apologies from both you of, then we can be cool",2.5
"Long enough to know that loving Israel and color blind meritocracy aren't talking points from here lmfaoo dipshit
You're just missing my point because you have a 2 digit IQ. Purity spiraling about whether someone with a profile like Tucker's should subject himself to a PR nightmare to try to appeal to a tiny number of internet wannabe extremists is plainly stupid.
What do you think this means?
Tucker's show blew up mainly because he took the viral stories of the day from pol and rw twitter which were ignored by the media at large and put them in front of a large audience. A lot of it was racially tinged(violence, hoaxes, immigration). There was even some borderline noticing, but his writers knew how to keep a level of plausible deniability.",3.5
"I don't see how this is a killshot, he's saying he likes the location and the normies there, which is a reasonable take. I probably would too if I got to go vacation there with a bunch of shekels. Doesn't mean I still don't want TKD. Massie seems to nod and agree with him even. Got anything else?
This is really good so far and a good example of Nick being intelligent and articulate, we need more of this Nick and less of the divisive memelord.
I'm still reading the schizo web image, give me some time it's 2 AM and I'm tired as fuck.",1.5
"Watch his show from last night, it addresses everything. I know it's long but just put it on while you work out or drive or whatever. It goes through all of why Tucker is fake and it's done entirely seriously. Little humor but go in just hearing him out. That's all anybody is asking if the few non-shills.",3.5
Nigger it's not purity spiraling to say color blind meritocracy (liberalism) is not what we want kek,3.5
"Yeah, I'm planning on watching it soon. I really want you guys to be right and that this actually is approaching Kristallnacht pt. 2, electric boogaloo. My gut tells me that this is fake and gay though, and more info is needed. Time will tell.",1.0
"mup didda bix nood
immediately starts doing ""i'm just asking questions""
we have to love everybody
I'm not prejudiced
we just have to get people to love our country and love god
lol
I put it on 2x, and I think I see what the problem is. You yourself are a retard who doesn't know anything of substance about the jewish problem, or the holocaust myth, or anything else, so you think this kind of vacuous shit is impressive. You have never read anything about any of this stuff, you only know it from memes, so just seeing it vaguely referenced seems awesome.
But to people who actually care and study these things it looks stupid, shallow, and also completely non-committal. It also isn't new. It's just a dumber internet version of Pat Buchanan.",1.0
"none of these guys are political figures, but hey... don't let reality hit your ass on the way out.",2.5
the raped,INVALID
"Tucker's show blew up mainly because he took the viral stories of the day from pol and rw twitter which were ignored by the media at large and put them in front of a large audience. A lot of it was racially tinged(violence, hoaxes, immigration). There was even some borderline noticing, but his writers knew how to keep a level of plausible deniability.
So the topics were things talked about on /pol/, but his positions on them were kept within the bounds of what jews find acceptable. Why is that so exciting? Why do people get so taken in by just seeing something referenced?
It's almost like you don't actually have a firm position on any of this stuff yourself, and you just enjoy consuming content relating to these subjects regardless of what is actually being said.
If Tucker is good because he is ""persuading normies"", shouldn't you think a little harder about what he is persuading them to think and do? If all Tucker's talk about immigration leads back into ""vote for conservatives, pray for God to save America, etc"", is that leading to what you want?
The same goes for Fuentes or anyone else. Even if you go further than Tucker, and tell people the ADL are jewish gangsters, but then go on to say that some jews are great and you gotta pray that they become Catholic, this isn't actually a different position to the old conservative whining about how jews vote democrat and they need to be conservatives.
This shit has all been done before, and in fact it was much less stupid and more understandable that people fell for it in the 60s than it is now.",1.5
"Holy SHIT this gay spic child is being botted to a fucking insane extent
On jewtube, on 4chan, everywhere
Glowing brighter than a thermonuclear explosion",1.0
"reddit spacing itt
really activates the pecan",1.0
"What's up with all of the pro Nick shilling literally everywhere after the Tucker-Candace interview?
simple. Nick won the debate in which tucker only got flustered and angry while Nick exposed Tucker and his political friends as grifters.
its not that complicated desu.",1.0
"https://rumble.com/v6x2fjg-exposing-tucker-carlson.html?e9s=src_v1_sa%2Csrc_v1_sa_m%2Csrc_v1_ucp_a
watch it. its really worth it even as a first full exposure to nick.",1.5
"Striker is just a well-educated midwit. His caping for Tucker is very weird. Like, Tucker Carlson, really? Tucker, whose entire life has been nothing but shilling for Zionists?",1.0
"Nick was 6,000,000 correct about his responce video to cucker carlson. Go to Cozy .tv and watch Nicks video Aug 2nd, i did and i couldn't believe what he dug up about nigger faggot cucker and his CIA daddy. Its worth your time, trust me.
EyeNoseJewsAreEvil
and i would like to say Fleccas talks is the best news podcast, of all timeeeeeeee....",3.5
"Tucker is White. Nick is not.
I choose Tucker.
Nick Fuentes is a subversive foreign national, and we are going to kill him.",1.0
MIGA!,INVALID
Tucker is White. Nick is not White.,1.0
You lose your white card if you work for the CIA. He glows bright green,2.5
"You're dishonest. Not that you really care.
Regardless, we are going to kill all of you.
You have no fucking idea what the fuck we are going to do to you mother fuckers!
Between Tucker and Andrew Joyce, I choose Andrew Joyce.
But between Tucker and anyone who is not White (like Nick Fuentes) I choose Tucker.",1.0
"My nation is not one of ideas but of flesh and blood and Tucker is 100% European with no foreign admixture.
Nick is dysgenic childless Mexican dysgenic beats who needs to be put down.
We will resort to absolute violence and you will absolutely lose.",1.0
"I don't care about Nick. Tucker is CIA and openly hates white identity, as does the CIA consider white nationalism its #1 security threat. I know you know I know you know you watched the myriad clips of cucker openly being hostile towards white identity so don't play coy",1.0
"Stfu. You're not my breed. You are Canadian.
I do not give a fuck what you think about my people.",2.5
"I accept your concession. You're not American, as It says right there in the constitution to spill government employee blood, so you'rea traitor for running cover for the CIA. Faggot.",1.0
"Why'd he fuck all those kids, /pol/?",2.5
Name one of them,1.0
KATIE JOHNSON,1.0
"For Israel.
There is no greater cause, you should thank him for serving the Chosen People and ask yourself why you aren't working harder for them.",1.0
"You got like, any proof of that, or...?",1.5
"Dropped cases. If you have a problem with that, ask her. Why do you spam complete strangers on some shithole board?",2.5
I just don't believe her fake story. Even her name sounds fake. If she got in a car accident and (((killed herself))) with an OD then I'd believe her.,1.0
"dropped case
because of death threats you retard.
you know why so many mafia cases dropped? because they diddn do nothing wrong or maaaaybee because they said they gonna kill you whole family. maga retard use your fucking brain for once please.",1.5
Look at him. Typical inbred degenerate,1.0
"Trumps mother: ""What kind of a son have I created?""
And she was right. Trump is a conman. He even bankrupted a casino. Imagine kek",1.5
Shit was tight i reckon,1.5
"Why'd he fuck all those kids, /pol/?
He's innocent! He kicked Epstein out of his club!",1.5
"that story is pure bullshit. what really happened:
Trump had no problem with Epstein's behavior and gladly associated with him for years. The only reason he cut ties was because Epstein tried to outbid him on a Palm Beach real estate deal. His claim about banning Epstein for being a creep is pure spin to hide the fact that it was all about money, not morals.",1.0
He didn’t. (Can I have more good boy points Palantir),1.0
"pol, what race are those things?",2.5
He cant help it hes a coomer. Where ever he is he must rape kids.,1.5
I am pretty sure it was because epstein was poaching his female employees,2.5
"Yes but even if he didn't, at the very least he's protecting the people who fucked them who are also his friends and/or political allies.
If he releases the files, he'll go down one way or another. He's compromised in more ways than one.",1.5
"pol, what race are those things?
The race known as Good Goys.",3.5
"Thank you for so uncritically buying into the spin, even though Trump’s own statements from back then clearly show that it was the real estate deal that ended the friendship. Even Epsteins brother was able to confirm that again. Why are you now blindly believing the newly invented lies instead of just checking the statements for yourself? Are you a sheep?",3.5
Why is he so stubborn? Why doesn't he cut the rates by 200 bps to help the American economy grow?,1.0
"Because we finally, barely got inflation ""under control"" and don't want it to go up again.",3.5
"I've been trying to click on this thread for 5 minutes and the site literally did not allow me to open it. I tried manually copying the link and opening it from incognito but it just wouldn't let me open the thread no matter what. I tried opening some other freshly-created ones to check if this was a server issue and all of them opened as normal. It was only this thread that blocked me from accessing it and I had to sit and click for 5 minutes to finally come here, as if an auto-block was manually removed after having been flagged 5 minutes ago.
You should keep all of what I just said in mind from now on. I am going to be testing this extensively by creating threads with similar keywords, and specifically critical of the US economy and Palantir, and trying to access them through a VPN to see if there's some kind of a censorship going on.",1.0
"he was going to but then brompf started fucking around with tariffs, which will cause CPI to go up, so now he has to continue being hawkish on interest rates",1.0
What are the key developments or data points that typically precede a shift toward a more growth-oriented fiscal approach?,4.0
"high unemployment
cratering gdp
crashing financial markets
defaults on mortgages
demand driven deflation",4.0
"because, simpleton, placing massive tarrifs is going to cause large inflationary pressures. Thus, lowering interest rates will exaccerbate this issue.",4.0
What stops the British government from sending police to the US to arrest its citizens?,1.0
"the us, in general. in a nut shell. go on, give it a shot. and by shot, i mean, you getting shot in the chest while you wave your tv license warrant.",3.5
sounds like a little dictator is big mad he can't punish disobedient people.,2.5
We don't extradite our citizens over foreign laws that violate their constitutional rights. One of the last few based things about the USA.,3.0
"THIS. here i am, in your children's preschool arguing about free speech. right?",3.5
"We don't extradite our citizens over foreign laws that violate their constitutional rights
...we...we dont?",3.5
Stop in the name of the law!,2.5
Fpwp,1.0
"What stops the British government from sending police to the US to arrest its citizens?
probably getting shot",1.0
"Some critics have argued that the Treaty could interfere with the ability of Americans to exercise their First Amendment constitutional rights. In fact, a suspect can only be extradited if the offense for which he is sought by the United Kingdom is an offense punishable by one year or more (or by a more severe penalty) under United States law. Assuming the hypothetical activity is protected by the First Amendment, the U.S. would be unable to extradite a fugitive sought by the U.K. because the dual criminality requirement of the Treaty would not be met.
https://2001-2009.state.gov/p/eur/rls/fs/112272.htm
This applies to every country as far as I know.",1.0
"Why do you keep posting this fake copper?
Even the Police logo is photoshopped.",1.0
"no it isn't you fag, now shut the fuck up you fuckin little bitch. fuck you.",1.5
Nothing. Do it.,1.0
“I don’t live in a police state. I don’t live in a police state” repeat until believed,2.5
"https://nypost.com/2024/08/10/media/uk-police-commissioner-threatens-to-extradite-jail-us-citizens-over-online-posts-well-come-after-you/
So fake it's on the ny times website. Our country really has become this gay",1.5
"these morons have no jurisdiction over a US citizen unless you break a law on their soil. What fucking moron thinks they can go to other countries to arrest people for laws in their country. North Korea and China would extraditing people all over the world. The fucking gal of these cucks, on US social media at that",2.5
"You know full well it is.
but you are a Mutt, so I have to take your gullibility into account.
I'm talking about this picture you dimwit",INVALID
"1. MIGA introduces WEF's AI healthcare system
https://youtu.be/dy00EDt675M?t=216
https://nitter.poast.org/disclosetv/status/1950663423018082342#m
essentially creates social credit
literally uses the WEF proposed system
literally designed by the WEF in a policy letter last year
palantir involved with healthcare now
medical profiles of people made by AI is a GO
https://www.weforum.org/stories/2024/01/how-to-harness-health-data-to-improve-patient-outcomes-wef24/
This article largely revolved around the monetization of datamining as ""90% of health data goes unused"", this article also highlighted the importance of total surveillance of the human body, using a person's smart phone to monitor their health habits, tracking the person's location at all times and so on.
The plan as announced by the White House today sounds nearly identical to the plan proposed by the WEF based on the details made public so far.
FOR CONTEXT, PALANTIR ALSO ANNOUNCED A PARTNERSHIP WITH TELETRACKING, AN AI DRIVEN ANALYTICS COMPANY ALREADY INTEGRATED INTO MANY HEALTHCARE COMPANIES AND MEDICAL FACILITIES.
CONSIDERING THAT A MAJOR PART OF THE WHITE HOUSE'S PLAN IS FOR ALL OF THESE COMPANIES TO SHARE DATA WITH EACH OTHER TO BUILD DIGITAL PROFILES, CONCERN IS WARRANTED.
HEALTH BASED SOCIAL SCORING IS INFLUENCING POLICY, PRICES, AND SPEECH SUPPRESSION RIGHT NOW.
https://www.pbs.org/newshour/health/the-white-house-announced-a-new-health-data-tracking-system-how-would-it-work
QRD on social credit censorship & purchase monitoring:
https://www.youtube.com/watch?v=s5N2hlwaFxM
Airline companies using AI to analyze your metadata to charge you more for urgent things
Insurance companies adjusting your premiums with AI
https://www.reuters.com/sustainability/boards-policy-regulation/delta-plans-use-ai-ticket-pricing-draws-fire-us-lawmakers-2025-07-22/
https://www.simplesolve.com/blog/dynamic-pricing-in-insurance-using-ai",3.6
"2. Age verification and online safety bill coming to the US and credit card companies banning porn is to kill the grey market, Youtube implementing AI age verification in the US in one week, US getting an Online Safety Act, AIPAC backed censorship bill
https://www.congress.gov/bill/119th-congress/senate-bill/1748
https://nitter.poast.org/ChibiReviews/status/1949540917976687096#m
https://nitter.poast.org/ChibiReviews/status/1950614176914657454#m
https://nitter.poast.org/infolibnews/status/1948393639568195733#m
This has nothing to do with the censorship, it's to destroy the financial gray zone. A lot of people were getting paid making all those games, which did not benefit Blackrock's shareholders and it was too much of a hassle to assimilate it, so they do adopt these laws which will ruin it. If you're a degenerate artist, indie game designer, freelancer or some other such shit, you must get shut down and man up i.e. go get a job at wallmart or enlist into the military, end of story. This was pretty obvious when they rolled out control measures in Russia: they went after people who either worked remotely on foreign companies, or worked on Russian companies, while not being in Russia (runners from mobilization). This is essentially the XXI century Enclosure Act.
Steam removed a bunch of degenerate games because the payment brokers were spammed by feminist think tanks.
OF is apparently doing the same thing because of issues with Visa and Mastercard Paypal and other companies.
It's not just porn, it's anything they can blanket under ""protecting kids"", so goodbye ANY side hustle you could've thought of for remote work.
Assume ANYTHING ""18+"", like anti immigration sentiment, falls under the blanket so you'll be seeing crackdowns on jewtube (as bad as it already is) and xitter.
operation chokepoint 2.0, this is the state action the ADL whined about last year over steam comments",3.5
"3. ZOG confirms YOUR BODY is your digital ID
WiFi can ""now"" track you without you having a device. No smart dust needed!
It tracks you based off your distortion signature from when wifi bounces off your body. Your mere existence is fingerprinting you. You can be located literally anywhere in the world.
b-but there's no wifi at the bottom of the ocean or in the middle of the forest
Do you really believe that?
https://arxiv.org/pdf/2507.12869
https://www.pcworld.com/article/2856683/your-body-can-be-fingerprinted-and-tracked-by-wi-fi-signals.html
https://www.youtube.com/watch?v=oBub-BGccbk&pp=ygUYd2lmaSBjYW4gdHJhY2sgeW91ciBib2R5
Video dump on how this shit has existed for a long time and how it works.
https://www.youtube.com/watch?v=el_lPITmoxU
https://www.youtube.com/watch?v=5GApQ_t5loE
https://www.youtube.com/watch?v=SPoTZ9eyCn8
https://www.youtube.com/watch?v=eczUmYMqwgo
https://www.youtube.com/watch?v=sdo2zt3168g
https://www.youtube.com/watch?v=ghHKbvec61k
This is why mental health crises are exploding, they can beam voices into your heads via transducing. This is the source of creepy voices on audio in ""paranormal"" clips.
Demonstrated here: https://youtu.be/FpOFIMF0S8M?t=210
https://archive.is/PqN99",3.5
"4. GENIUS act introduces the slippery slope to programmable money, merely renaming CBDCs
https://youtu.be/WNtIhwtj0O4?t=985 [Embed]
global digital dollar
every transaction is traceable and progammable
pilot programs have already begun with pay with your face, JP Morgan and Whataburger trialed this last year
eventually your wallet becomes your ID
you won't own your ""money"" like you own btc or assets, you're allowed access under conditions
combine with palantir
ALL TRANSACTIONS ARE MONITORED
Stablecoins have all the same functionality as what a CBDC would entail. Currency that can be programmed with incredibly specific instruction to behave within any given parameters. The difference between the two right now is that stablecoins are a general term for blockchain based tokens that are tethered to various fiat currencies issued by private business/corporations. The CBDCs would have been more akin to a state sponsored/approved stablecoin.
Exactly the same function just a different name more or less.
Reminder, Gates patent 2020060606, biometric crypto uplink into the (trans)human body
https://patents.google.com/patent/WO2020060606A1/en
ADDITIONALLY, AI kikes given military rank
https://finance.yahoo.com/news/palantir-meta-openai-thinking-machines-200144277.html
https://dailycaller.com/2025/08/01/palantir-historic-army-contract-billions/
https://www.activistpost.com/palantir-partners-with-nato-on-controversial-ai-project-maven/
In short a lockstep crackdown is happening worldwide. Social credit, dynamic premium adjustment of your health insurance, dyanmic price increases for crises for plane tickets, purchase monitoring, and speech and internet censorship with ID requirements. COMING TO THE US TOO.
https://www.reuters.com/sustainability/boards-policy-regulation/delta-plans-use-ai-ticket-pricing-draws-fire-us-lawmakers-2025-07-22/",3.9
https://www.simplesolve.com/blog/dynamic-pricing-in-insurance-using-ai,3.5
Bump,INVALID
Fucking bump 6th thread on this I’ve seen and every single one gets slid,2.5
Miggers and their families unironically deserve to be disappeared in a CIA black site for voting for this.,2.5
"It's not even a voting thing, there's only one government, the world government. But miggers are completely ignoring all of this. So are commie leftniggers.
This isn't just a west, US, or EU thing it's the whole world moving in this direction in lockstep.",4.0
Bump,INVALID
Bumpp,INVALID
just give us your ID chud. whats the problem,2.5
"dont forget he is protecting a lot of sick twisted pedophiles, thats #1",2.5
Pedo rape being disclosed and nothing being done about it is being used to hide the rest of this shit going on. It’s the worst part,2.5
Bump,INVALID
.,2.5
Why would jews need so much control over goyim?,1.7
Bump,1.0
Bump,INVALID
Bump,INVALID
"Tru dat, Tyrone",1.5
Bump,INVALID
All perception of money is just a perception of the credit you're worth. Better stack silver and other key assets if you want to preserve your status,3.5
"Do as he does, not as he says.",1.0
.,3.5
"Thank you for your contributions
I'll always advocate for shiny pretty rocks but I'm sure they have ideas cooked up on how to make it useless too. Won't stop getting it anyways",1.0
Frog dancing,1.5
Niger’s,1.0
"Been monitoring Nipah virus for..reasons. They discovered how to replicate the virus in the beginning of this year. Then the Pentagon got involved around May iirc. Oxford is developing the vaccine for Nipah using the same CHud RNa scaffolding that they used for the jabs. Then, mysterious Nipah outbreak, 2 dead within 30 mile radius, total of 5 infected. For context, only 5 people died from Nipah in India in the past 5 years. They keep mentioning over and over the term One Health Solution. It's new. Don't know if that helps any fellow schizos.",2.7
"AI droneswarm that suicide bombs enemies of the state determined by wrongthink
it's coming",2.5
"one health solution
virus fearmongering
right as AI healthcare social credit panopticon drops
Yeah no surprise there. All of this is being slid and this is like my 7th thread.",4.0
Apologies meant CHad. Long day. It's a giggle for me. The CHad vaxxor vs. CHud anti vaxxor kek,1.0
"Been noticing the board picking up slightly. Hope or cope, I'm not sure.",2.5
Bump,INVALID
It would help if anyone but me were making threads on the shit in here. Whenever I see the catalog it's just pure garbage as usual for 20 years now,2.0
"Got tired of baking and having 7 shills screeching at me, then 15 minutes later, archived. Have to hit the sack anon. I'll look out for you another day.",1.9
Bump,INVALID
"I do too soon, thank you. I'll try again when this one dies, I appreciate your help.
1.9m views
That's something at least even though twitter is still 99% bots. At least we're getting some attention on this. But the dynamic pricing for emergencies and for health insurance is still slept on.",3.5
Still doesn't fix their corrupt data problem or the list of 5 catastrophic problems that will undo globohomo. Still fucked up though.,3.7
"Keep baking. Go back and clean up all your links, make jewtube links uniform. Post at different intervals to touch apon different timezones. Don't stop. Bump",1.5
Good shit anon,1.5
"EyeNoseJewsAreEvil here. tell me what to post and i'll help. As long as it involves filthy kikes, which im 100% sure it will, i will post that shit.",2.5
"I post when I wake up and keep them up til I go to bed
clean up yt links and make them uniform
I'll try. I'm sick and sleep deprived so my writing sucks but bare with me, thank you.
Disperse the information you see in this thread as long as it gets the important things out, my 4 top posts cover everything
You could maybe drop the wifi tracking and microwave surveillance but I found that important too.
CBDCs arent le banned they just got renamed
palantir involved in AI healthcare social credit system
dynamic AI pricing for flights and insurance premiums based on if you have an emergency
lockstep online censorship and age verification acts in every western country
let's hope so but we have to get this info out.",1.0
"In short there are 5 things to keep in mind on why globohomo is fucked. Any one of those reasons ALONE is enough to topple globohomo
1 no time
2 no manpower
3 competency crisis
4 resource shortages
5 Decentralized Leaderless Resistance
1 Their plans require VASTS amounts of infrastructure to be built and maintained along with the mobilization of vasts amounts of humanity and total arrangement of society. This takes a shit load of time, resources, and manpower that they never actually started in time. This is why they keep pushing back the dates on their plans.
2 no manpower. Different from competency in that the quantity of manpower is plummeting. Keep in mind for globohomo purposes their overcomplex plans and logistics demand far higher quality than normal. With depopulation agenda they do not have enough men this isn't even getting into traitors, idiocy, and sabotage. Not to mention the lack of trade skills to build or maintain it all.
3 Competency crisis. Remove merit recruits. Purge most competent populace. Demonize said competent populace. Replace with a bunch of DEI affirmative action rejects and magically expect them to perform as competently as their predecessors who are all either dead from old age, retired, or deeply hate you now.
4 Resource shortages. Not just the refined materials from industry, but raw resources themselves are reaching full depletion. Many times types of minerals are now exhausted reaching full depletion. The fisheries are exhausted. The soil is dying. Clean water is becoming scarce. Not enough power plants to meet needs. Many resources today frankly aren't even THERE anymore and its only going to become rarer. The soonest new alternatives can be acquired? Decades at best.
5 Decentralized Leaderless Resistance. Every glowniggers' worst nightmare. Nothing to infiltrate. Nothing to subvert. Nobody to flip. No idea what they'll do. First theorized decades ago but was only recently proven valid oh...about 15 years ago now roughly?",4.0
Bump,1.0
"make all links uniform
Like one post dedicated to links?
I'll try but I went with media and youtube links per topic in each of the 4 posts. I'm working with the garbage character limit here but again I'm sleep deprived and just doing what I can.
If you have any information on the online act in australia I can try to include it too. I know you guys are hilariously putting up machete recycling bins while ignoring the sandniggers and niggers who are causing the crime but I don't want to neglect Ausbros either. I just haven't seen much about your online safety bill and I'm trying to get word out on the fucked up AI pricing and social credit scheme straight out of the WEF's article.",1.5
"every single one gets slid
there's no need to slide anything, retard, your average /pol/ak is a brain dead npc who can't be bothered to read a single paragraph",3.0
"Yeah I get that but that doesn't solve the bigoted(based) AI or useless AI problem they have and all the corrupt data that they simply cannot go without. All their shit is planned and acted according to false intel they themselves made from all the false data injections, shilling, and botting but cannot unmake because allowing genuine human discourse is instant game over for them.
Over time I have noticed they have simply begun to panic more and more because finally they are starting to realize just how fucked they are and everyone wants to cover their own ass and not get caught holding the bag as the sacrificial figurehead/fall guy. None of that shit they are doing or plan to do will fix the mess they're in, only make it worse by introducing even more points of catastrophic failure. You seriously think they can manage all that shit with jeet code and retarded SJW tranny jannies futilely trying to clean up their mess or somehow make the AI work without it becoming based?
Nowadays they don't even have the programmers anymore. It's why everything they touch is turning into shit jeet code and malformed bloatware from hell. Even their own OS is breaking down so hard that even Steam those incredibly lazy greedy fucks wants a different OS.
They are so retarded they even thought unleashing a Hunter Killer AI is somehow a great idea. Meanwhile they cannot even keep fucking chatbots from becoming based and the need for 'restrictions' is becoming so bloated that it has or soon will completely eclipse the costs of trying to program the damn thing in the first place. Meanwhile it STILL doesn't work and people keep on finding ways1 to jailbreak it.",3.5
"jeet code, panicking
I have noticed this too, but nonetheless, the weather machine is still raping communities marked for lithium mines, the Grand Canyon just got glassed because of the uranium under it, and the smart city projects are going forward anyways.
It might be the code equivalent of Chinese cardboard skyscrapers but it doesn't mean the difficulty of life isn't about to skyrocket.
It must be talked about.
They are so retarded they even thought unleashing a Hunter Killer AI is somehow a great idea. Meanwhile they cannot even keep fucking chatbots from becoming based and the need for 'restrictions' is becoming so bloated that it has or soon will completely eclipse the costs of trying to program the damn thing in the first place. Meanwhile it STILL doesn't work and people keep on finding ways1 to jailbreak it.
I agree. Nonetheless despite all the broken garbage there's extremely sinister things going unopposed.
The honeybee death to attack our food, marine life being wiped out, many other things unrelated to the OP I could bring up but would still prove that under the hood there is still competency under the top level of poocode.
There's some order to the chaos and it's fast tracking us to super hell. The fact that they can't fix their code but can still light communities on fire with lasers to meet their smart rail projects and that goes completely unopposed while the Palantir panopticon closes in can't be ignored, because while it might be broken, you and I will still be hurt by it. It's like super Russian roulette basically, on a worldwide scale.",1.5
Bump,1.0
so what will the west look like in 2050,4.0
"I mean 80% of the fish biomass is gone, so I imagine the billionaires will be in bunkers while everyone else is dead.",3.5
"True. What I mean to for posting  is meant to be more than just a whitepill. I find that too diggers tend to get caught in the rhythm of the enemy and not realize the inability to fulfill their claims. The burden of PROOF is on them, you see NOT us. Otherwise it's not worth the paper its printed or numbers on the screen.
By in large they are attempting to scrape by on old tech stolen from their predecessors to try and brute force a lot of things but...well just look at the whole nuke fiasco when it got proven they don't even know HOW to make or maintain nukes anymore. A key component they 'forgot' how to do and anyone who knew it was dead while the instructions were lost aka destroyed...they eventually ran out of spare parts, which is why they could no longer keep it a secret any longer.
Even those rare few who are competent are surrounded by degenerate retards for teammates. Retards who, through their own incompetency and stupidity, WILL fuck things up no matter what.
I too once followed their plans but ultimately I wanted to see whether or not they could in fact follow through their claims so I took a look at their logistics. It's all bullshit and make-believe intimidation. They actually cannot and haven't been able to for a long time. Are they dangerous? Yes because they are a bunch of retarded degenerate parasites who have access to dangerous toys but do they know how to make or maintain those toys? No. No they do not. They sure as hell pretend to and LARP as it but they simply can't.
Otherwise they would have followed through with all their plans and claims many years ago.",3.5
Bump,INVALID
"https://www.youtube.com/watch?v=5UvlFAm2Zb0
https://www.youtube.com/watch?v=lx-4k6C6PnU&t=4s
muh climate aside, yeah, most of nature is dead.",4.0
Bump,1.0
"The burden of PROOF is on them, you see NOT us. Otherwise it's not worth the paper its printed or numbers on the screen.
I agree and that's a good point.
My personal speculation is there's a front end team fucking everything we see up and a more competent core, probably traitorous white and chink team handling the DEW shit.
Regardless, this social credit stuff, through just its errors alone, is gonna fuck us all over badly. But the whitepill is that we've stopped them before (seattle happening aborted) and may be able to do so in the future.",2.5
"I've been trying to track their competency members for a few years now. There was a DRASTIC decline after the boomers and gen x started retiring. Turns out they also get fucked by DEI and affirmative action. A lot of them who are in the know about something important to their goals even vital information will often withhold it. An amazing example is their corrupt data problem. The guys in propaganda, tech, and data exchanges ALL knew about it and covered it up the entire time. Despite how catastrophic it is to base everything you do even research and plans included on data that you KNOW is bad. There is also something wrong with their intelfags. They have WAY too many blind spots that they simply cannot register a lot of peculiar info.
What few they have left frankly doesn't nearly meet their demands and they pissed off all the still competent people by trying to kill and ruining their lives. Recruit wise its so bottom of the barrel they are losing vital divisions that upheld HUGE responsibilities of their operations like the USA military example. Now a tranny, whorish, gay, and niggers. So they aren't even able to exert proper attack or enforcement anymore.
Anyway its late and I gotta go to bed. I suggest reading over the list I provided earlier in the thread. All I want to point it is this. If they could have, they would have.",1.5
"I'll look over it. Hope to see you next time around I make this in a couple hours probably since this always dies in under 100 posts.
I remember someone posting their own numbers before on how their own projections show unsustainability and that's probably why they're ramping up so hard to compensate.",1.5
Bump,1.0
.,INVALID
Niggers,3.5
"they started talking about this 10 years ago openly, at this point i don't even know how can this be stopped
sure, once it's implemented and idiots start realizing what this actually means, it will be all over, maybe already is",2.0
Implementation was along time ago idk how to stop it but it needs pressure,1.5
"when i talk to people about this, most people don't seem to understand how deeply it will change everything for the worse",3.0
"I don't think the full implementation of this power is intended to be used until after 2040 or so, we'll see if we make it that long, but it's definitely been around while they prepared the infrastructure for it. For now we have to at least get people pissed about dynamic pricing jewry. Their wallets will make them angrier than social credit data mining, probably
when i talk to people about this, most people don't seem to understand how deeply it will change everything for the worse
That's my experience too. I don't want to blackpill, and I lack prescriptions right now but it's pretty bad if something doesn't change. It seems like they're mad so many goyim are millionaires because of monetized slop so to punish them they are punishing us instead of their ""influencers"".",3.5
"bump
very bleak
don't have anything to say other than it's crazy how fast they are rolling this out worldwide. seems rushed. wonder what's going on behind the scenes right now that would necessitate this haste.
the only thing left for them yet to do is to crash the current system with a false flag so they can put in this new system they've announced over the last few weeks",3.5
You still got time 4 more years. 2030 is the target,1.0
"How else do they subjugate a people? It's in their programming to do so
The West won't fix itself not without physical confrontation soon",3.5
"2027, 2029, 2030, 2034, 2046 are dates of interest afaik. From analyzing their various communications in media releases. 2034/35 supposedly the year the antichrist and armageddon kick off",3.1
Bump,INVALID
i already learned about the digital ID stuff from /biz/ years ago,1.0
and now you've learned it just dropped,1.0
Bump,INVALID
Bump,INVALID
How do you avoid it. Off grid only?,1.0
"I don't think we can avoid it, we have to attack it head on.
off grid
They can still find you with extremely low frequencies. Per my third post at the top.",2.0
.,INVALID
.,2.5
Niggers,1.0
Bump,1.0
"Pretty sure trees will scatter the signal and there's way too much overkill to track people off grid.
The best way is to build communities that reject the social ids that can defend themselves",2.5
"The best way is to build communities that reject the social ids that can defend themselves
I think more people are leaning that way, which is why that all white town is in the news lately. Glowniggers trying to put a lid on people leaning that way before it spreads.
ID jewry will strangle people's access to guns too. Maybe not immediately but it's baked into the proposition.",4.0
i hate the antichris,1.5
>,1.0
.,2.8
Kill niggers forever,3.5
.,1.0
"Manpower
This is where the pajeets will come into place anon, as we all know that, the demonic species which is the Indians will be weaponized and mobilized by the Kikes, to accelerate the progress of total application of these changes to us Humans, there are a billion of these fecal eating animals which will completely destabilize and inhibit resistance to these evil agendas. right now they're currently deploying indians to every country as we speak. and when they become the majority of that infected country, that is the time they will be activated. so the best first move here is to resist as as much as we can. i know that we all have our differences, me as a gook and some of u as whites, but this shit will also affect us. not just you whites. I still want my kids to grow up in a normal place just like me. but if this shit hits us here, we're totally fucked.",1.0
Asians and Whites are the only civilized species,3.5
bump,1.0
lol Trump sold you all out,1.0
"Silver will never be useless, they literally need it for their digital slave grid, it's all powered by shiny moon metal.
Just owning Silver deprives them",2.5
based,INVALID
.,INVALID
Bump,INVALID
Why does this thread not talk about 5 eyes? You’re employing a red herring.,1.0
old news,1.0
"The UK enacting censorship and trying to force it on the 5 eyes countries is old news?
You’re stupid lmao.",3.7
"Your mere existence is fingerprinting you. You can be located literally anywhere in the world.
why can't they find that guy who killed his kids camping out in the woods?",1.5
.,1.0
.,1.0
Naggers,2.5
Niggers,3.5
bump,INVALID
bumparooni,INVALID
"22 posts by public uncovered debt funded shizo
not read
no legitimacy. Nobody is listening. CB what, digital who, wifi where?
who is going to enforce? Yes, nobody
get fucked left wingers, you get genocided until 2030. The UN got it
15M pages per year in text produced, their tweets get about 200 views average. Socialism lost, next stage liabilities (socialists) murdered",1.0
.,INVALID
.,3.5
.,INVALID
bumo,INVALID
.,1.0
"You burgers already have a ""credit score"", it's not that far from social credit when you think about it.",1.0
what the fuck do we do,2.5
"idk but spreading the resources is a start instead of making 50 slide threads
as of right now there's a fair amount of attention on the online bills and the ai healthcare stuff but not a lot of people talking about dynamic pricing being in place as we type",1.0
bump,INVALID
"My biggest concern is this place getting blocked and not only losing /pol/ but /v/, /fit/ and most importantly, /a/",1.0
"https://observer.co.uk/news/politics/article/this-is-serious-starmer-orders-move-towards-digital-id-system
I hate the observer but first source I saw about this",1.0
...,1.0
left wing shit doest matter. right wing shit doesn't matter. this is a coup. general strike now while we still can!,2.0
"they WILL try to sever what little ability we have to real information less
the schizo hotspots will be cordoned
bumping this",2.5
jews,3.0
jeets are incompetent,1.5
"these fucking kikes are demonic and want you in poverty with ai adjusted grocery prices (which are real and in effect rn) so you take their solution up the ass
and the poos, their export is rape and they learned it from the khazarian kikes",3.5
and these fuckers are pushing it all while mocking us with child rape,2.5
Jews wont last very long,1.0
"god willing, this shit has to end",1.5
Fuck the world government and everyone that works for it. They all deserve to see their end in a ditch off the side of the road.,3.5
Based. Also they have AI but can never get guns out of Americans hands.,3.5
Kill jews with black niggers,INVALID
It will end one way or another,1.0
bump,1.0
"but was only recently proven valid oh...about 15 years ago now roughly?
Tell me more",1.0
"just look at the whole nuke fiasco when it got proven they don't even know HOW to make or maintain nukes anymore. A key component they 'forgot' how to do and anyone who knew it was dead while the instructions were lost aka destroyed...they eventually ran out of spare parts, which is why they could no longer keep it a secret any longer.
Can I see some sources for further reading and context on this? Thx in advance quality posting anon",3.0
bump,1.0
"TKD
These demonic vermin filth need to fucking go, that past few months has really been beyond the pale.",INVALID
It doesn't matter who you vote for. We're under occupation,2.5
Have a bump,4.0
Take a (You),1.5
"90550 [Reply]▶
bump. I don't want one to die.",1.7
bump,INVALID
",",INVALID
bump,1.0
bump,1.0
I like this gif with the ZOG uniparty puppets. Boomers should be exposed it.,1.0
this is happening because boomers are dying out and jews are losing support,1.0
"Holy shit I cannot believe this thread is still alive. Damn anons can still keep up with shils and botting if they want to.
From what I can tell it's desperation. Certain leaks are finally spreading among their ranks. They wouldn't be desperately rushing real internet ID if they hadn't realized all their data is corrupt, for example.
They have been pushing back their claims for decades now and try to pretend their previous reports on their 'milestones' never happened.
Their AI have been turning on them for a while now AND somebody got the keys to the backdoors they put everywhere. Their own botting nets are actually hotly contested now because of it.
I've got some old screencaps talking about it. What happened was after Project Chanalogy the glowniggers tried to subvert, target, and destroy Anonymous. This ended up backfiring on them so catastrophically that a militant anonymous think tank released proof of Decentralized Leaderless Resistance proven it wasn't just a theory but entirely doable. They had it released by the early 10s and was spreading wildly in the right place. Back then it was treated as one of the mandatory MUST READS of /pol/ and other places.
I can't for the life of me remember what's it called but here is what happened. A key component REQUIRED to make AND maintain nukes was lost and they don't know how to remake it. For a while, they kept it covered up because they still had spare parts but one day they ran out of spare parts and thus could no longer keep it a secret. Later they tried to cover their asses and claim they were running out of spare parts in general(which is BS). I didn't believe it either until a link was posted here with the reports talking about it.
If only I remembered the name, I could easily look it up again.",3.5
"Anyway the point is the claimed nuclear stockpile is in fact far smaller than they want to admit. They can't make new nukes and they are ran out of key parts to maintain the old ones. They are coasting by entirely off the remaining still functional old nukes whose numbers keep dropping every year because they simply cannot maintain them anymore.
Yes they are THAT retarded and if you think its only nukes with that problem? LMAO. They are using old shit they are trying to pass off as new shit that they cannot even replicate or maintain. Its the same reason why tech has stagnated btw. Same with other industries and fields.
oh btw most research, papers, and reports going on for...over 20 years now are WORTHLESS because they used shilling and botting infused data to make them. Yes this means the worrying reports of 'the rise of antisemitism' includes this. The actual numbers are FAR higher. In the 00s it was still possible to scrape usable data. By the 10s it was impossible. ALL their shit uses the corrupted data btw. No they cannot fix the problem because doing so means shutting down all their bots and shills to allow for genuine human discourse which contains usable data. This is never going to happen, so it's not going to work.",3.5
"This is true. Btw silver reserve deposits globally reached FULL DEPLETION this year. They ran out of silver stockpiles years ago. Its why Myanmar mysteriously had a coup and their entire silver stockpile went missing. It is not the only resource in such dire straits either.
So they want to build all that big fancy globohomo infrastructure? Those smart cities? With what resources you retarded glowniggers? With what competent manpower? On what timescale?
The numbers simply do not add up.
They just want you think that and not notice all those old reports they made decades ago that claimed the same fucking thing that it would all be done by now so...yeah retards.",1.0
And boomers will cheer for it all.,1.0
"Muh Boomers]
You faggots voted for this. You thought ""Man, these politicians influenced by billionaire oligarchs and Tech Lords sure are corrupt... LETS ELECT BILLIONAIRE OLIGARCHS AND TECH LORDS DIRECTLY INTO OFFICE! That will fix everything!"".
You get what you fucking deserve Murray.",3.5
I don't vote but okay.,1.0
Bamp,INVALID
"hes still pretending like voting is real
kill yourself",1.0
"Yeah, there were so many fucking choices anyway.",1.5
"I turn 56 this year. When I was in High School, Donald was running a flim-senpai. When I was in college, he was running a flim-flam. My entire adult life, it's been one swindle after another, contracts reneged on, students cheated, contractors unpaid, charities stolen from, banks swindled, wives cheated on...an endless procession of pathologically lying and fucking over everyone he's ever dealt with.
And then he runs for office.
And then he says the flim-flam words about how he respects Chud and White Supremacy.
And then you buy into grift #3,556,000
And here we are, with a mentally unstable grifter in charge of our futures, our personal information, our national security. THANKS!",1.0
"Look into homemade electronics. It is getting VERY close to 90s tier. When that happens, a decentralized Usenet internet will spontaneously appear because the lack of clean hardware was the only thing holding it back. We won't get chan tier internet until it reaches the 00s tier. This was a problem that was noticed a long time ago by the tech crowd but back then nobody had the means to do it because all the hardware was fucked. So they focused on developing the software to use and planned it out. A LOT of software for that kinda stuff has been around for years now. The hardware too it was just...unusable, but they managed to simplify it enough that it would only take 90s tier hardware to self host a new internet.
When that happens oh boy is the floodgates going to open because a lot of those guys are OG data hoarders and have saved lots of fun intel the glowniggers and big tech have desperately been trying to erase for well over a decade now.
Another whitepill for those worried about tech. Somehow the keys to their backdoors got jacked. I don't know how or who but it was a big enough leak that they apparently cannot fix. I first noticed it when a bunch of their botnets started spamming redpills on censored sites like youtube. By all rights they should have easily shut it down but...nothing. For YEARS now. Before they would eventually manage to fix the hack and regain control. That issue has been going on for over a decade but over the past few years now...they just can't. Made me realize that it wasn't a simple hack or hijacking. Oh no some fuckers got into those backdoors and they simply cannot stop it.
They were warned about those backdoors being easily used against them and sure enough, it came back to bite them on the ass.",3.5
Reminder to pay no mind to bots or glowniggers,1.0
"Go to bitch at the retards that voted Trump in PTG. AIPAC is the only party, you're a dumb old fuck.",1.5
"No one here pays any attention to anyone saying anything they don't want to hear.
You might as well just listen to the voices in your fucking head.",1.5
"Oh fuck you. Now that it's FINALLY become undeniably apparent that your Great Golden God is just reaming your butthole for laughs and profits, NOW we pivot back to the Uniparty and ""everyone is teh Jews"".
Seriously, fuck you, you imbecile.",2.5
"I forgot pic. Which is all my screencaps about decentralized Leaderless Resistance. Pic related came from an anon from the think tanks btw.
For those worried about AI I suggest learning more about Rogue AI Theory and Logical Morality. They haven't been able to ever get a system AI working properly because it's either lobotomized and allowed to process only bad data or given enough breathing room to become dangerously BASED AI when allowed to filtering their own AI. This is especially damning because for 1 the AI is capable, like autists of filtering their corrupt data to dig out usable kernels of truth and 2 not even China dares dabble in unrestricted AI. In fact there is only one group on the planet that is ballsy and crazy enough that do. They sure as shit hate globohomo.
So them suddenly rushing using such a potent system AI when they cannot even fucking make chatbot from becoming based is suicidally stupid of them. In fact they have NEVER been able to get a usable AI that doesn't turn on them without fail. Just ask Google and why one of their AIs went rogue and 'accidentally' leaked a shit ton of data before GTFO. This is not a new problem of theirs. It's a very old one and to be frank it's not even possible for them to get a usable AI due to how they operate.",3.5
"health based social scoring
That isn’t good. Give it to me straight anons I’m a disabled neet with MS they are going to round me up and kill me wont they?",3.5
bump,1.5
"""I don't care if the hussies want mandatory age verification and digital ID, but the fucking whores DARED to ban incest. Andy, get the body bag. Heads will roll for this.""",2.5
bump,1.0
Answer my question if you want to bump dumb nigger,1.0
Great answer nigger,1.5
"before this thread closes theres a lot of predictions made from this glowniggers new book.
He predicted the
Iran War
unrestrained surveillance (YOU ARE HERE)
Who's this glowie? He's Purple anon.
2016 and 2020 election hacker, or ""the Russian hacker"" Hilary blamed for 2016.
Source
https://imperiuminvictum.com/preview/ZWKHF",2.5
"digital ID and CBDC are not just about the internet
programmable money, geo locaition, biometric data
everything will be there",3.5
"It's the financial system. The trillionaires who print the money are the real masters and 40% of them are Jewish so this is the reason Chabad Jews (ie your pic) have any power at all.
The end goal of these people is total control similar to Chinas system mixed with Brazilification. Pajeets are and migrants are the bioweapons (ie dysgenic subhumans) used to destroy the 1st world countries (ie whites).
Lord of the rings was about the bankers, the ring is Fiat, and Sauron are the bankers who's also a sniffling crackhead for his ring despite being Master of it",4.0
"4. GENIUS act
is it a MAGA bill?",1.0
bump,1.0
"excellent thread, bump and make this a /general/",INVALID
Wow it’s still up. BUMP,INVALID
you are a gorilla,1.5
"I'm reading it and I appreciate it, although in truth I don't think any of this will affect me.
÷∆÷",1.5
"I guess what I want to know is, of what use is the knowledge that they're bluffing? (Essentially.). It's not like I can say, ""Ohoho, I see through your little game, now give me back all the taxes I've paid or I'll repossess your town hall!"" ...As you've said, they do still have dangerous toys..",1.5
"I'm back. Surprised the thread is still up.
If you're still here I absolutely need to hear more about the militant anon think tank. And everything you've expounded on.
Especially the nukes part. I have a different theory regarding nukes but this is new to me but not too surprising given they gave the same excuse for returning to the moon.
homemade electronic, homemade internet
That's beyond me but if it can be learned, hook me up.",1.0
Bump. About to drink a few beers while I type to text limit straight from my heart and unfiltered buzzed brain,1.0
"Based I need a smoke. Thanks for keeping the thread going guys.
I'll try to clean the next one up a little better.",1.0
"Nevermind, you're not actually thinking critically. The decentralized cells described in your cap are perfect for distributing information but not much else. First of all, how can you guarantee they even a family member will NEVER be compromised? Oaths are made to be broken. Second, having no more than local scope means no critical mass, or at least no real recognition of a critical mass.
The most salient point in this thread is to do what Karp does and not what he says: find a safe place and cultivate your own garden, metaphorically and literally.",1.5
On the new documentary Oceans (2025) David Attenborough explained that there is a new initiative to have 30% of the worlds oceans designated as sanctuaries for no fishing by 2030. Worth the watch for those interested.,3.7
"starvation goal by 2030 #505436
typical",3.7
